{
	"credit": "Made with Blockbench",
	"textures": {
		"1": "printer/knopki2",
		"2": "printer/textred2",
		"3": "printer/textgreen2",
		"4": "printer/textblue2",
		"5": "printer/textyellow2",
		"6": "printer/osnova1",
		"7": "printer/osnova2",
		"particle": "printer/osnova1"
	},
	"elements": [
		{
			"from": [0, 1, 0],
			"to": [1, 1.4, 16],
			"faces": {
				"north": {"uv": [0, 0, 4, 14], "texture": "#6"},
				"east": {"uv": [0, 0, 4, 14], "texture": "#6"},
				"south": {"uv": [0, 0, 4, 14], "texture": "#6"},
				"west": {"uv": [0, 0, 4, 14], "texture": "#6"},
				"up": {"uv": [0, 0, 4, 14], "texture": "#6"},
				"down": {"uv": [0, 0, 4, 14], "texture": "#6"}
			}
		},
		{
			"from": [1, 1, 15],
			"to": [5, 1.4, 16],
			"faces": {
				"north": {"uv": [0, 0, 4, 1], "texture": "#6"},
				"east": {"uv": [0, 0, 4, 1], "texture": "#6"},
				"south": {"uv": [0, 0, 4, 1], "texture": "#6"},
				"west": {"uv": [0, 0, 4, 1], "texture": "#6"},
				"up": {"uv": [0, 0, 4, 1], "texture": "#6"},
				"down": {"uv": [0, 0, 4, 1], "texture": "#6"}
			}
		},
		{
			"from": [1, 1, 0],
			"to": [5, 1.4, 1],
			"faces": {
				"north": {"uv": [0, 0, 4, 1], "texture": "#6"},
				"east": {"uv": [0, 0, 4, 1], "texture": "#6"},
				"south": {"uv": [0, 0, 4, 1], "texture": "#6"},
				"west": {"uv": [0, 0, 4, 1], "texture": "#6"},
				"up": {"uv": [0, 0, 4, 1], "texture": "#6"},
				"down": {"uv": [0, 0, 4, 1], "texture": "#6"}
			}
		},
		{
			"from": [13, 4.7, 1],
			"to": [14, 5.1, 4],
			"rotation": {"angle": 22.5, "axis": "z", "origin": [13.5, 5.2, 1.5]},
			"faces": {
				"north": {"uv": [0, 0, 1, 3], "texture": "#7"},
				"east": {"uv": [0, 0, 1, 3], "texture": "#7"},
				"south": {"uv": [0, 0, 1, 3], "texture": "#7"},
				"west": {"uv": [0, 0, 1, 3], "texture": "#7"},
				"up": {"uv": [0, 0, 1, 3], "texture": "#7"},
				"down": {"uv": [0, 0, 1, 3], "texture": "#7"}
			}
		},
		{
			"from": [5, 2, 1],
			"to": [9, 2.4, 2],
			"rotation": {"angle": 0, "axis": "y", "origin": [7.14765, 2.24405, 2.5]},
			"faces": {
				"north": {"uv": [0, 0, 1, 4], "rotation": 90, "texture": "#6"},
				"east": {"uv": [0, 0, 1, 4], "rotation": 90, "texture": "#6"},
				"south": {"uv": [0, 0, 1, 4], "rotation": 90, "texture": "#6"},
				"west": {"uv": [0, 0, 1, 4], "rotation": 90, "texture": "#6"},
				"up": {"uv": [0, 0, 1, 4], "rotation": 90, "texture": "#6"},
				"down": {"uv": [0, 0, 1, 4], "rotation": 90, "texture": "#6"}
			}
		},
		{
			"from": [5, 2, 14],
			"to": [9, 2.4, 15],
			"rotation": {"angle": 0, "axis": "y", "origin": [7.14765, 2.24405, 2.5]},
			"faces": {
				"north": {"uv": [0, 0, 1, 4], "rotation": 90, "texture": "#6"},
				"east": {"uv": [0, 0, 1, 4], "rotation": 90, "texture": "#6"},
				"south": {"uv": [0, 0, 1, 4], "rotation": 90, "texture": "#6"},
				"west": {"uv": [0, 0, 1, 4], "rotation": 90, "texture": "#6"},
				"up": {"uv": [0, 0, 1, 4], "rotation": 90, "texture": "#6"},
				"down": {"uv": [0, 0, 1, 4], "rotation": 90, "texture": "#6"}
			}
		},
		{
			"from": [13, 4.7, 12],
			"to": [14, 5.1, 15],
			"rotation": {"angle": 22.5, "axis": "z", "origin": [13.5, 5.2, 1.5]},
			"faces": {
				"north": {"uv": [0, 0, 1, 3], "texture": "#7"},
				"east": {"uv": [0, 0, 1, 3], "texture": "#7"},
				"south": {"uv": [0, 0, 1, 3], "texture": "#7"},
				"west": {"uv": [0, 0, 1, 3], "texture": "#7"},
				"up": {"uv": [0, 0, 1, 3], "texture": "#7"},
				"down": {"uv": [0, 0, 1, 3], "texture": "#7"}
			}
		},
		{
			"from": [14.5, 5.7, 4],
			"to": [15.5, 6.1, 12],
			"rotation": {"angle": 22.5, "axis": "z", "origin": [13.5, 5.2, 1.5]},
			"faces": {
				"north": {"uv": [0, 0, 1, 8], "texture": "#6"},
				"east": {"uv": [0, 0, 1, 8], "texture": "#6"},
				"south": {"uv": [0, 0, 1, 8], "texture": "#6"},
				"west": {"uv": [0, 0, 1, 8], "texture": "#6"},
				"up": {"uv": [0, 0, 1, 8], "texture": "#6"},
				"down": {"uv": [0, 0, 1, 8], "texture": "#6"}
			}
		},
		{
			"from": [3, 1, 7],
			"to": [3.7, 1.5, 8],
			"faces": {
				"north": {"uv": [0, 0, 0.7, 1], "texture": "#1"},
				"east": {"uv": [0, 0, 0.7, 1], "texture": "#1"},
				"south": {"uv": [0, 0, 0.7, 1], "texture": "#1"},
				"west": {"uv": [0, 0, 0.7, 1], "texture": "#1"},
				"up": {"uv": [0, 0, 0.7, 1], "texture": "#1"},
				"down": {"uv": [0, 0, 0.7, 1], "texture": "#1"}
			}
		},
		{
			"from": [3, 1, 9],
			"to": [3.7, 1.5, 10],
			"faces": {
				"north": {"uv": [0, 0, 0.7, 1], "texture": "#1"},
				"east": {"uv": [0, 0, 0.7, 1], "texture": "#1"},
				"south": {"uv": [0, 0, 0.7, 1], "texture": "#1"},
				"west": {"uv": [0, 0, 0.7, 1], "texture": "#1"},
				"up": {"uv": [0, 0, 0.7, 1], "texture": "#1"},
				"down": {"uv": [0, 0, 0.7, 1], "texture": "#1"}
			}
		},
		{
			"from": [3, 1, 11],
			"to": [3.7, 1.5, 12],
			"faces": {
				"north": {"uv": [0, 0, 0.7, 1], "texture": "#1"},
				"east": {"uv": [0, 0, 0.7, 1], "texture": "#1"},
				"south": {"uv": [0, 0, 0.7, 1], "texture": "#1"},
				"west": {"uv": [0, 0, 0.7, 1], "texture": "#1"},
				"up": {"uv": [0, 0, 0.7, 1], "texture": "#1"},
				"down": {"uv": [0, 0, 0.7, 1], "texture": "#1"}
			}
		},
		{
			"from": [2, 1, 5],
			"to": [2.7, 1.5, 6],
			"faces": {
				"north": {"uv": [0, 0, 0.7, 1], "texture": "#1"},
				"east": {"uv": [0, 0, 0.7, 1], "texture": "#1"},
				"south": {"uv": [0, 0, 0.7, 1], "texture": "#1"},
				"west": {"uv": [0, 0, 0.7, 1], "texture": "#1"},
				"up": {"uv": [0, 0, 0.7, 1], "texture": "#1"},
				"down": {"uv": [0, 0, 0.7, 1], "texture": "#1"}
			}
		},
		{
			"from": [2, 1, 7],
			"to": [2.7, 1.5, 8],
			"faces": {
				"north": {"uv": [0, 0, 0.7, 1], "texture": "#1"},
				"east": {"uv": [0, 0, 0.7, 1], "texture": "#1"},
				"south": {"uv": [0, 0, 0.7, 1], "texture": "#1"},
				"west": {"uv": [0, 0, 0.7, 1], "texture": "#1"},
				"up": {"uv": [0, 0, 0.7, 1], "texture": "#1"},
				"down": {"uv": [0, 0, 0.7, 1], "texture": "#1"}
			}
		},
		{
			"from": [2, 1, 3],
			"to": [2.7, 1.5, 4],
			"faces": {
				"north": {"uv": [7.55425, 1.26686, 10.3695, 7.27273], "texture": "#1"},
				"east": {"uv": [7.55425, 1.26686, 10.3695, 7.27273], "texture": "#1"},
				"south": {"uv": [7.55425, 1.26686, 10.3695, 7.27273], "texture": "#1"},
				"west": {"uv": [7.55425, 1.26686, 10.3695, 7.27273], "texture": "#1"},
				"up": {"uv": [7.55425, 1.26686, 10.3695, 7.27273], "texture": "#1"},
				"down": {"uv": [7.55425, 1.26686, 10.3695, 7.27273], "texture": "#1"}
			}
		},
		{
			"from": [3, 1, 3],
			"to": [3.7, 1.5, 4],
			"faces": {
				"north": {"uv": [0, 0, 0.7, 1], "texture": "#1"},
				"east": {"uv": [0, 0, 0.7, 1], "texture": "#1"},
				"south": {"uv": [0, 0, 0.7, 1], "texture": "#1"},
				"west": {"uv": [0, 0, 0.7, 1], "texture": "#1"},
				"up": {"uv": [0, 0, 0.7, 1], "texture": "#1"},
				"down": {"uv": [0, 0, 0.7, 1], "texture": "#1"}
			}
		},
		{
			"from": [2, 1, 9],
			"to": [2.7, 1.5, 10],
			"faces": {
				"north": {"uv": [0, 0, 0.7, 1], "texture": "#1"},
				"east": {"uv": [0, 0, 0.7, 1], "texture": "#1"},
				"south": {"uv": [0, 0, 0.7, 1], "texture": "#1"},
				"west": {"uv": [0, 0, 0.7, 1], "texture": "#1"},
				"up": {"uv": [0, 0, 0.7, 1], "texture": "#1"},
				"down": {"uv": [0, 0, 0.7, 1], "texture": "#1"}
			}
		},
		{
			"from": [3, 1, 5],
			"to": [3.7, 1.5, 6],
			"faces": {
				"north": {"uv": [0, 0, 0.7, 1], "texture": "#1"},
				"east": {"uv": [0, 0, 0.7, 1], "texture": "#1"},
				"south": {"uv": [0, 0, 0.7, 1], "texture": "#1"},
				"west": {"uv": [0, 0, 0.7, 1], "texture": "#1"},
				"up": {"uv": [0, 0, 0.7, 1], "texture": "#1"},
				"down": {"uv": [0, 0, 0.7, 1], "texture": "#1"}
			}
		},
		{
			"from": [2, 1, 11],
			"to": [2.7, 1.5, 12],
			"faces": {
				"north": {"uv": [0, 0, 0.7, 1], "texture": "#1"},
				"east": {"uv": [0, 0, 0.7, 1], "texture": "#1"},
				"south": {"uv": [0, 0, 0.7, 1], "texture": "#1"},
				"west": {"uv": [0, 0, 0.7, 1], "texture": "#1"},
				"up": {"uv": [0, 0, 0.7, 1], "texture": "#1"},
				"down": {"uv": [0, 0, 0.7, 1], "texture": "#1"}
			}
		},
		{
			"name": "cubebok",
			"from": [3, 1, 12.7],
			"to": [3.7, 1.5, 13.4],
			"rotation": {"angle": 0, "axis": "y", "origin": [3.35, 1.25, 13.5]},
			"faces": {
				"north": {"uv": [0, 0, 0.7, 0.7], "rotation": 90, "texture": "#1"},
				"east": {"uv": [0, 0, 0.7, 0.7], "rotation": 90, "texture": "#1"},
				"south": {"uv": [0, 0, 0.7, 0.7], "rotation": 90, "texture": "#1"},
				"west": {"uv": [0, 0, 0.7, 0.7], "rotation": 90, "texture": "#1"},
				"up": {"uv": [0, 0, 0.7, 0.7], "rotation": 90, "texture": "#1"},
				"down": {"uv": [0, 0, 0.7, 0.7], "rotation": 90, "texture": "#1"}
			}
		},
		{
			"name": "cubebok",
			"from": [2, 1, 12.7],
			"to": [2.7, 1.5, 13.4],
			"rotation": {"angle": 0, "axis": "y", "origin": [3.35, 1.25, 13.5]},
			"faces": {
				"north": {"uv": [0, 0, 16, 16], "rotation": 90, "texture": "#1"},
				"east": {"uv": [0, 0, 16, 16], "rotation": 90, "texture": "#1"},
				"south": {"uv": [0, 0, 16, 16], "rotation": 90, "texture": "#1"},
				"west": {"uv": [0, 0, 16, 16], "rotation": 90, "texture": "#1"},
				"up": {"uv": [0, 0, 16, 16], "rotation": 90, "texture": "#1"},
				"down": {"uv": [0, 0, 16, 16], "rotation": 90, "texture": "#1"}
			}
		},
		{
			"name": "osncybe",
			"from": [6, 0, 0],
			"to": [16, 2, 16],
			"faces": {
				"north": {"uv": [0, 0, 9, 2], "texture": "#7"},
				"east": {"uv": [0, 0, 9, 2], "texture": "#7"},
				"south": {"uv": [0, 0, 9, 2], "texture": "#7"},
				"west": {"uv": [0, 0, 9, 2], "texture": "#7"},
				"up": {"uv": [0, 0, 9, 2], "texture": "#7"},
				"down": {"uv": [0, 0, 9, 2], "texture": "#7"}
			}
		},
		{
			"name": "dopklav",
			"from": [5.09179, 1.8, 1],
			"to": [13.09179, 3.8, 15],
			"rotation": {"angle": 22.5, "axis": "z", "origin": [10.59179, 7.09324, 8]},
			"faces": {
				"north": {"uv": [0, 0, 8, 14], "texture": "#7"},
				"east": {"uv": [0, 0, 8, 14], "texture": "#7"},
				"south": {"uv": [0, 0, 8, 14], "texture": "#7"},
				"west": {"uv": [0, 0, 8, 14], "texture": "#7"},
				"up": {"uv": [0, 0, 8, 14], "texture": "#7"},
				"down": {"uv": [0, 0, 8, 14], "texture": "#7"}
			}
		},
		{
			"name": "dopdopklava",
			"from": [11, 2.8, 4],
			"to": [15, 3.8, 12],
			"rotation": {"angle": 22.5, "axis": "z", "origin": [8.5, 5.5, 7.5]},
			"faces": {
				"north": {"uv": [0, 0, 4, 8], "texture": "#6"},
				"east": {"uv": [0, 0, 4, 8], "texture": "#6"},
				"south": {"uv": [0, 0, 4, 8], "texture": "#6"},
				"west": {"uv": [0, 0, 4, 8], "texture": "#6"},
				"up": {"uv": [0, 0, 4, 8], "texture": "#6"},
				"down": {"uv": [0, 0, 4, 8], "texture": "#6"}
			}
		},
		{
			"from": [0, 0, 0],
			"to": [6, 1, 16],
			"faces": {
				"north": {"uv": [0, 0, 6, 14], "texture": "#6"},
				"east": {"uv": [0, 0, 6, 14], "texture": "#6"},
				"south": {"uv": [0, 0, 6, 14], "texture": "#6"},
				"west": {"uv": [0, 0, 6, 14], "texture": "#6"},
				"up": {"uv": [0, 0, 6, 14], "texture": "#6"},
				"down": {"uv": [0, 0, 6, 14], "texture": "#6"}
			}
		},
		{
			"from": [5, 1, 0],
			"to": [6, 2, 16],
			"faces": {
				"north": {"uv": [0, 0, 1, 14], "texture": "#6"},
				"east": {"uv": [0, 0, 1, 14], "texture": "#6"},
				"south": {"uv": [0, 0, 1, 14], "texture": "#6"},
				"west": {"uv": [0, 0, 1, 14], "texture": "#6"},
				"up": {"uv": [0, 0, 1, 14], "texture": "#6"},
				"down": {"uv": [0, 0, 1, 14], "texture": "#6"}
			}
		},
		{
			"from": [11, 2, 5],
			"to": [11.7, 3, 6],
			"rotation": {"angle": 22.5, "axis": "z", "origin": [8.5, 2.5, 3.5]},
			"faces": {
				"north": {"uv": [0, 0, 0.7, 1], "texture": "#1"},
				"east": {"uv": [0, 0, 0.7, 1], "texture": "#1"},
				"south": {"uv": [0, 0, 0.7, 1], "texture": "#1"},
				"west": {"uv": [0, 0, 0.7, 1], "texture": "#1"},
				"up": {"uv": [0, 0, 0.7, 1], "texture": "#1"},
				"down": {"uv": [0, 0, 0.7, 1], "texture": "#1"}
			}
		},
		{
			"from": [11, 2, 7],
			"to": [11.7, 3, 8],
			"rotation": {"angle": 22.5, "axis": "z", "origin": [8.5, 2.5, 3.5]},
			"faces": {
				"north": {"uv": [0, 0, 0.7, 1], "texture": "#1"},
				"east": {"uv": [0, 0, 0.7, 1], "texture": "#1"},
				"south": {"uv": [0, 0, 0.7, 1], "texture": "#1"},
				"west": {"uv": [0, 0, 0.7, 1], "texture": "#1"},
				"up": {"uv": [0, 0, 0.7, 1], "texture": "#1"},
				"down": {"uv": [0, 0, 0.7, 1], "texture": "#1"}
			}
		},
		{
			"from": [11, 2, 9],
			"to": [11.7, 3, 10],
			"rotation": {"angle": 22.5, "axis": "z", "origin": [8.5, 2.5, 3.5]},
			"faces": {
				"north": {"uv": [0, 0, 0.7, 1], "texture": "#1"},
				"east": {"uv": [0, 0, 0.7, 1], "texture": "#1"},
				"south": {"uv": [0, 0, 0.7, 1], "texture": "#1"},
				"west": {"uv": [0, 0, 0.7, 1], "texture": "#1"},
				"up": {"uv": [0, 0, 0.7, 1], "texture": "#1"},
				"down": {"uv": [0, 0, 0.7, 1], "texture": "#1"}
			}
		},
		{
			"from": [10, 2, 11],
			"to": [10.7, 3, 12],
			"rotation": {"angle": 22.5, "axis": "z", "origin": [8.5, 2.5, 3.5]},
			"faces": {
				"north": {"uv": [0, 0, 0.7, 1], "texture": "#1"},
				"east": {"uv": [0, 0, 0.7, 1], "texture": "#1"},
				"south": {"uv": [0, 0, 0.7, 1], "texture": "#1"},
				"west": {"uv": [0, 0, 0.7, 1], "texture": "#1"},
				"up": {"uv": [0, 0, 0.7, 1], "texture": "#1"},
				"down": {"uv": [0, 0, 0.7, 1], "texture": "#1"}
			}
		},
		{
			"from": [9, 2, 3],
			"to": [9.7, 3, 4],
			"rotation": {"angle": 22.5, "axis": "z", "origin": [8.5, 2.5, 3.5]},
			"faces": {
				"north": {"uv": [0, 0, 0.7, 1], "texture": "#1"},
				"east": {"uv": [0, 0, 0.7, 1], "texture": "#1"},
				"south": {"uv": [0, 0, 0.7, 1], "texture": "#1"},
				"west": {"uv": [0, 0, 0.7, 1], "texture": "#1"},
				"up": {"uv": [0, 0, 0.7, 1], "texture": "#1"},
				"down": {"uv": [0, 0, 0.7, 1], "texture": "#1"}
			}
		},
		{
			"from": [10, 2, 3],
			"to": [10.7, 3, 4],
			"rotation": {"angle": 22.5, "axis": "z", "origin": [8.5, 2.5, 3.5]},
			"faces": {
				"north": {"uv": [0, 0, 0.7, 1], "texture": "#1"},
				"east": {"uv": [0, 0, 0.7, 1], "texture": "#1"},
				"south": {"uv": [0, 0, 0.7, 1], "texture": "#1"},
				"west": {"uv": [0, 0, 0.7, 1], "texture": "#1"},
				"up": {"uv": [0, 0, 0.7, 1], "texture": "#1"},
				"down": {"uv": [0, 0, 0.7, 1], "texture": "#1"}
			}
		},
		{
			"from": [10, 2, 5],
			"to": [10.7, 3, 6],
			"rotation": {"angle": 22.5, "axis": "z", "origin": [8.5, 2.5, 3.5]},
			"faces": {
				"north": {"uv": [0, 0, 0.7, 1], "texture": "#1"},
				"east": {"uv": [0, 0, 0.7, 1], "texture": "#1"},
				"south": {"uv": [0, 0, 0.7, 1], "texture": "#1"},
				"west": {"uv": [0, 0, 0.7, 1], "texture": "#1"},
				"up": {"uv": [0, 0, 0.7, 1], "texture": "#1"},
				"down": {"uv": [0, 0, 0.7, 1], "texture": "#1"}
			}
		},
		{
			"from": [10, 2, 7],
			"to": [10.7, 3, 8],
			"rotation": {"angle": 22.5, "axis": "z", "origin": [8.5, 2.5, 3.5]},
			"faces": {
				"north": {"uv": [0, 0, 0.7, 1], "texture": "#1"},
				"east": {"uv": [0, 0, 0.7, 1], "texture": "#1"},
				"south": {"uv": [0, 0, 0.7, 1], "texture": "#1"},
				"west": {"uv": [0, 0, 0.7, 1], "texture": "#1"},
				"up": {"uv": [0, 0, 0.7, 1], "texture": "#1"},
				"down": {"uv": [0, 0, 0.7, 1], "texture": "#1"}
			}
		},
		{
			"from": [9, 2, 11],
			"to": [9.7, 3, 12],
			"rotation": {"angle": 22.5, "axis": "z", "origin": [8.5, 2.5, 3.5]},
			"faces": {
				"north": {"uv": [0, 0, 0.7, 1], "texture": "#1"},
				"east": {"uv": [0, 0, 0.7, 1], "texture": "#1"},
				"south": {"uv": [0, 0, 0.7, 1], "texture": "#1"},
				"west": {"uv": [0, 0, 0.7, 1], "texture": "#1"},
				"up": {"uv": [0, 0, 0.7, 1], "texture": "#1"},
				"down": {"uv": [0, 0, 0.7, 1], "texture": "#1"}
			}
		},
		{
			"from": [10, 2, 9],
			"to": [10.7, 3, 10],
			"rotation": {"angle": 22.5, "axis": "z", "origin": [8.5, 2.5, 3.5]},
			"faces": {
				"north": {"uv": [0, 0, 0.7, 1], "texture": "#1"},
				"east": {"uv": [0, 0, 0.7, 1], "texture": "#1"},
				"south": {"uv": [0, 0, 0.7, 1], "texture": "#1"},
				"west": {"uv": [0, 0, 0.7, 1], "texture": "#1"},
				"up": {"uv": [0, 0, 0.7, 1], "texture": "#1"},
				"down": {"uv": [0, 0, 0.7, 1], "texture": "#1"}
			}
		},
		{
			"from": [9, 2, 7],
			"to": [9.7, 3, 8],
			"rotation": {"angle": 22.5, "axis": "z", "origin": [8.5, 2.5, 3.5]},
			"faces": {
				"north": {"uv": [0, 0, 0.7, 1], "texture": "#1"},
				"east": {"uv": [0, 0, 0.7, 1], "texture": "#1"},
				"south": {"uv": [0, 0, 0.7, 1], "texture": "#1"},
				"west": {"uv": [0, 0, 0.7, 1], "texture": "#1"},
				"up": {"uv": [0, 0, 0.7, 1], "texture": "#1"},
				"down": {"uv": [0, 0, 0.7, 1], "texture": "#1"}
			}
		},
		{
			"from": [9, 2, 9],
			"to": [9.7, 3, 10],
			"rotation": {"angle": 22.5, "axis": "z", "origin": [8.5, 2.5, 3.5]},
			"faces": {
				"north": {"uv": [0, 0, 0.7, 1], "texture": "#1"},
				"east": {"uv": [0, 0, 0.7, 1], "texture": "#1"},
				"south": {"uv": [0, 0, 0.7, 1], "texture": "#1"},
				"west": {"uv": [0, 0, 0.7, 1], "texture": "#1"},
				"up": {"uv": [0, 0, 0.7, 1], "texture": "#1"},
				"down": {"uv": [0, 0, 0.7, 1], "texture": "#1"}
			}
		},
		{
			"from": [8, 2, 11],
			"to": [8.7, 3, 12],
			"rotation": {"angle": 22.5, "axis": "z", "origin": [8.5, 2.5, 3.5]},
			"faces": {
				"north": {"uv": [0, 0, 0.7, 1], "texture": "#1"},
				"east": {"uv": [0, 0, 0.7, 1], "texture": "#1"},
				"south": {"uv": [0, 0, 0.7, 1], "texture": "#1"},
				"west": {"uv": [0, 0, 0.7, 1], "texture": "#1"},
				"up": {"uv": [0, 0, 0.7, 1], "texture": "#1"},
				"down": {"uv": [0, 0, 0.7, 1], "texture": "#1"}
			}
		},
		{
			"from": [9, 2, 5],
			"to": [9.7, 3, 6],
			"rotation": {"angle": 22.5, "axis": "z", "origin": [8.5, 2.5, 3.5]},
			"faces": {
				"north": {"uv": [0, 0, 0.7, 1], "texture": "#1"},
				"east": {"uv": [0, 0, 0.7, 1], "texture": "#1"},
				"south": {"uv": [0, 0, 0.7, 1], "texture": "#1"},
				"west": {"uv": [0, 0, 0.7, 1], "texture": "#1"},
				"up": {"uv": [0, 0, 0.7, 1], "texture": "#1"},
				"down": {"uv": [0, 0, 0.7, 1], "texture": "#1"}
			}
		},
		{
			"from": [8, 2, 3],
			"to": [8.7, 3, 4],
			"rotation": {"angle": 22.5, "axis": "z", "origin": [8.5, 2.5, 3.5]},
			"faces": {
				"north": {"uv": [0, 0, 0.7, 1], "texture": "#1"},
				"east": {"uv": [0, 0, 0.7, 1], "texture": "#1"},
				"south": {"uv": [0, 0, 0.7, 1], "texture": "#1"},
				"west": {"uv": [0, 0, 0.7, 1], "texture": "#1"},
				"up": {"uv": [0, 0, 0.7, 1], "texture": "#1"},
				"down": {"uv": [0, 0, 0.7, 1], "texture": "#1"}
			}
		},
		{
			"from": [8, 2, 5],
			"to": [8.7, 3, 6],
			"rotation": {"angle": 22.5, "axis": "z", "origin": [8.5, 2.5, 3.5]},
			"faces": {
				"north": {"uv": [0, 0, 0.7, 1], "texture": "#1"},
				"east": {"uv": [0, 0, 0.7, 1], "texture": "#1"},
				"south": {"uv": [0, 0, 0.7, 1], "texture": "#1"},
				"west": {"uv": [0, 0, 0.7, 1], "texture": "#1"},
				"up": {"uv": [0, 0, 0.7, 1], "texture": "#1"},
				"down": {"uv": [0, 0, 0.7, 1], "texture": "#1"}
			}
		},
		{
			"from": [8, 2, 6.5],
			"to": [8.7, 3, 10.5],
			"rotation": {"angle": 22.5, "axis": "z", "origin": [8.5, 2.5, 3.5]},
			"faces": {
				"north": {"uv": [0, 0, 0.7, 4], "texture": "#1"},
				"east": {"uv": [0, 0, 0.7, 4], "texture": "#1"},
				"south": {"uv": [0, 0, 0.7, 4], "texture": "#1"},
				"west": {"uv": [0, 0, 0.7, 4], "texture": "#1"},
				"up": {"uv": [0, 0, 0.7, 4], "texture": "#1"},
				"down": {"uv": [0, 0, 0.7, 4], "texture": "#1"}
			}
		},
		{
			"name": "cubebok",
			"from": [8, 2, 13],
			"to": [8.7, 3, 13.7],
			"rotation": {"angle": 22.5, "axis": "z", "origin": [8.35, 2.5, 13.5]},
			"faces": {
				"north": {"uv": [0, 0, 0.7, 0.7], "texture": "#1"},
				"east": {"uv": [0, 0, 0.7, 0.7], "texture": "#1"},
				"south": {"uv": [0, 0, 0.7, 0.7], "texture": "#1"},
				"west": {"uv": [0, 0, 0.7, 0.7], "texture": "#1"},
				"up": {"uv": [0, 0, 0.7, 0.7], "texture": "#1"},
				"down": {"uv": [0, 0, 0.7, 0.7], "texture": "#1"}
			}
		},
		{
			"name": "cubebok",
			"from": [9, 2, 13],
			"to": [9.7, 3, 13.7],
			"rotation": {"angle": 22.5, "axis": "z", "origin": [8.35, 2.5, 13.5]},
			"faces": {
				"north": {"uv": [0, 0, 0.7, 0.7], "texture": "#1"},
				"east": {"uv": [0, 0, 0.7, 0.7], "texture": "#1"},
				"south": {"uv": [0, 0, 0.7, 0.7], "texture": "#1"},
				"west": {"uv": [0, 0, 0.7, 0.7], "texture": "#1"},
				"up": {"uv": [0, 0, 0.7, 0.7], "texture": "#1"},
				"down": {"uv": [0, 0, 0.7, 0.7], "texture": "#1"}
			}
		},
		{
			"name": "cubebok",
			"from": [9, 2, 13],
			"to": [9.7, 3, 13.7],
			"rotation": {"angle": 22.5, "axis": "z", "origin": [8.35, 2.5, 13.5]},
			"faces": {
				"north": {"uv": [0, 0, 0.7, 0.7], "texture": "#1"},
				"east": {"uv": [0, 0, 0.7, 0.7], "texture": "#1"},
				"south": {"uv": [0, 0, 0.7, 0.7], "texture": "#1"},
				"west": {"uv": [0, 0, 0.7, 0.7], "texture": "#1"},
				"up": {"uv": [0, 0, 0.7, 0.7], "texture": "#1"},
				"down": {"uv": [0, 0, 0.7, 0.7], "texture": "#1"}
			}
		},
		{
			"from": [14, 3, 6],
			"to": [14.5, 4, 6.7],
			"rotation": {"angle": 22.5, "axis": "z", "origin": [8.5, 2.5, 3.5]},
			"faces": {
				"north": {"uv": [0, 0, 0.5, 0.7], "texture": "#1"},
				"east": {"uv": [0, 0, 0.5, 0.7], "texture": "#1"},
				"south": {"uv": [0, 0, 0.5, 0.7], "texture": "#1"},
				"west": {"uv": [0, 0, 0.5, 0.7], "texture": "#1"},
				"up": {"uv": [0, 0, 0.5, 0.7], "texture": "#1"},
				"down": {"uv": [0, 0, 0.5, 0.7], "texture": "#1"}
			}
		},
		{
			"from": [14, 3, 7],
			"to": [14.5, 4, 7.7],
			"rotation": {"angle": 22.5, "axis": "z", "origin": [8.5, 2.5, 3.5]},
			"faces": {
				"north": {"uv": [0, 0, 0.5, 0.7], "texture": "#1"},
				"east": {"uv": [0, 0, 0.5, 0.7], "texture": "#1"},
				"south": {"uv": [0, 0, 0.5, 0.7], "texture": "#1"},
				"west": {"uv": [0, 0, 0.5, 0.7], "texture": "#1"},
				"up": {"uv": [0, 0, 0.5, 0.7], "texture": "#1"},
				"down": {"uv": [0, 0, 0.5, 0.7], "texture": "#1"}
			}
		},
		{
			"from": [14, 3, 8],
			"to": [14.5, 4, 8.7],
			"rotation": {"angle": 22.5, "axis": "z", "origin": [8.5, 2.5, 3.5]},
			"faces": {
				"north": {"uv": [0, 0, 0.5, 0.7], "texture": "#1"},
				"east": {"uv": [0, 0, 0.5, 0.7], "texture": "#1"},
				"south": {"uv": [0, 0, 0.5, 0.7], "texture": "#1"},
				"west": {"uv": [0, 0, 0.5, 0.7], "texture": "#1"},
				"up": {"uv": [0, 0, 0.5, 0.7], "texture": "#1"},
				"down": {"uv": [0, 0, 0.5, 0.7], "texture": "#1"}
			}
		},
		{
			"from": [13, 3, 6],
			"to": [13.5, 4, 6.7],
			"rotation": {"angle": 22.5, "axis": "z", "origin": [8.5, 2.5, 3.5]},
			"faces": {
				"north": {"uv": [0, 0, 0.5, 0.7], "texture": "#1"},
				"east": {"uv": [0, 0, 0.5, 0.7], "texture": "#1"},
				"south": {"uv": [0, 0, 0.5, 0.7], "texture": "#1"},
				"west": {"uv": [0, 0, 0.5, 0.7], "texture": "#1"},
				"up": {"uv": [0, 0, 0.5, 0.7], "texture": "#1"},
				"down": {"uv": [0, 0, 0.5, 0.7], "texture": "#1"}
			}
		},
		{
			"from": [13, 3, 7],
			"to": [13.5, 4, 7.7],
			"rotation": {"angle": 22.5, "axis": "z", "origin": [8.5, 2.5, 3.5]},
			"faces": {
				"north": {"uv": [0, 0, 0.5, 0.7], "texture": "#1"},
				"east": {"uv": [0, 0, 0.5, 0.7], "texture": "#1"},
				"south": {"uv": [0, 0, 0.5, 0.7], "texture": "#1"},
				"west": {"uv": [0, 0, 0.5, 0.7], "texture": "#1"},
				"up": {"uv": [0, 0, 0.5, 0.7], "texture": "#1"},
				"down": {"uv": [0, 0, 0.5, 0.7], "texture": "#1"}
			}
		},
		{
			"from": [14, 3, 9],
			"to": [14.5, 4, 9.7],
			"rotation": {"angle": 22.5, "axis": "z", "origin": [8.5, 2.5, 3.5]},
			"faces": {
				"north": {"uv": [0, 0, 0.5, 0.7], "texture": "#1"},
				"east": {"uv": [0, 0, 0.5, 0.7], "texture": "#1"},
				"south": {"uv": [0, 0, 0.5, 0.7], "texture": "#1"},
				"west": {"uv": [0, 0, 0.5, 0.7], "texture": "#1"},
				"up": {"uv": [0, 0, 0.5, 0.7], "texture": "#1"},
				"down": {"uv": [0, 0, 0.5, 0.7], "texture": "#1"}
			}
		},
		{
			"from": [14, 3, 10],
			"to": [14.5, 4, 10.7],
			"rotation": {"angle": 22.5, "axis": "z", "origin": [8.5, 2.5, 3.5]},
			"faces": {
				"north": {"uv": [0, 0, 0.5, 0.7], "texture": "#1"},
				"east": {"uv": [0, 0, 0.5, 0.7], "texture": "#1"},
				"south": {"uv": [0, 0, 0.5, 0.7], "texture": "#1"},
				"west": {"uv": [0, 0, 0.5, 0.7], "texture": "#1"},
				"up": {"uv": [0, 0, 0.5, 0.7], "texture": "#1"},
				"down": {"uv": [0, 0, 0.5, 0.7], "texture": "#1"}
			}
		},
		{
			"from": [13, 3, 8],
			"to": [13.5, 4, 8.7],
			"rotation": {"angle": 22.5, "axis": "z", "origin": [8.5, 2.5, 3.5]},
			"faces": {
				"north": {"uv": [0, 0, 0.7, 1], "texture": "#1"},
				"east": {"uv": [0, 0, 0.7, 1], "texture": "#1"},
				"south": {"uv": [0, 0, 0.7, 1], "texture": "#1"},
				"west": {"uv": [0, 0, 0.7, 1], "texture": "#1"},
				"up": {"uv": [0, 0, 0.7, 1], "texture": "#1"},
				"down": {"uv": [0, 0, 0.7, 1], "texture": "#1"}
			}
		},
		{
			"from": [13, 3, 9],
			"to": [13.5, 4, 9.7],
			"rotation": {"angle": 22.5, "axis": "z", "origin": [8.5, 2.5, 3.5]},
			"faces": {
				"north": {"uv": [0, 0, 0.5, 0.7], "texture": "#1"},
				"east": {"uv": [0, 0, 0.5, 0.7], "texture": "#1"},
				"south": {"uv": [0, 0, 0.5, 0.7], "texture": "#1"},
				"west": {"uv": [0, 0, 0.5, 0.7], "texture": "#1"},
				"up": {"uv": [0, 0, 0.5, 0.7], "texture": "#1"},
				"down": {"uv": [0, 0, 0.5, 0.7], "texture": "#1"}
			}
		},
		{
			"from": [14, 3, 5],
			"to": [14.5, 4, 5.7],
			"rotation": {"angle": 22.5, "axis": "z", "origin": [8.5, 2.5, 3.5]},
			"faces": {
				"north": {"uv": [0, 1, 0.5, 1.7], "texture": "#1"},
				"east": {"uv": [0, 1, 0.5, 1.7], "texture": "#1"},
				"south": {"uv": [0, 1, 0.5, 1.7], "texture": "#1"},
				"west": {"uv": [0, 1, 0.5, 1.7], "texture": "#1"},
				"up": {"uv": [0, 1, 0.5, 1.7], "texture": "#1"},
				"down": {"uv": [0, 1, 0.5, 1.7], "texture": "#1"}
			}
		},
		{
			"from": [13, 3, 5],
			"to": [13.5, 4, 5.7],
			"rotation": {"angle": 22.5, "axis": "z", "origin": [8.5, 2.5, 3.5]},
			"faces": {
				"north": {"uv": [0, 0, 0.5, 0.7], "texture": "#1"},
				"east": {"uv": [0, 0, 0.5, 0.7], "texture": "#1"},
				"south": {"uv": [0, 0, 0.5, 0.7], "texture": "#1"},
				"west": {"uv": [0, 0, 0.5, 0.7], "texture": "#1"},
				"up": {"uv": [0, 0, 0.5, 0.7], "texture": "#1"},
				"down": {"uv": [0, 0, 0.5, 0.7], "texture": "#1"}
			}
		},
		{
			"name": "cubebok",
			"from": [10, 2, 13],
			"to": [10.7, 3, 13.7],
			"rotation": {"angle": 22.5, "axis": "z", "origin": [8.35, 2.5, 13.5]},
			"faces": {
				"north": {"uv": [0, 0, 0.7, 0.7], "texture": "#1"},
				"east": {"uv": [0, 0, 0.7, 0.7], "texture": "#1"},
				"south": {"uv": [0, 0, 0.7, 0.7], "texture": "#1"},
				"west": {"uv": [0, 0, 0.7, 0.7], "texture": "#1"},
				"up": {"uv": [0, 0, 0.7, 0.7], "texture": "#1"},
				"down": {"uv": [0, 0, 0.7, 0.7], "texture": "#1"}
			}
		},
		{
			"name": "cubebok",
			"from": [13, 3, 11],
			"to": [14.7, 3.9, 11.7],
			"rotation": {"angle": 22.5, "axis": "z", "origin": [8.35, 2.5, 13.5]},
			"faces": {
				"north": {"uv": [0, 0, 1.7, 0.7], "texture": "#1"},
				"east": {"uv": [0, 0, 1.7, 0.7], "texture": "#1"},
				"south": {"uv": [0, 0, 1.7, 0.7], "texture": "#1"},
				"west": {"uv": [0, 0, 1.7, 0.7], "texture": "#1"},
				"up": {"uv": [0, 0, 1.7, 0.7], "texture": "#1"},
				"down": {"uv": [0, 0, 1.7, 0.7], "texture": "#1"}
			}
		},
		{
			"name": "cubebok",
			"from": [13, 3, 10.2],
			"to": [13.7, 3.9, 11.7],
			"rotation": {"angle": 22.5, "axis": "z", "origin": [8.35, 2.5, 13.5]},
			"faces": {
				"north": {"uv": [0, 0, 0.7, 1.5], "texture": "#1"},
				"east": {"uv": [0, 0, 0.7, 1.5], "texture": "#1"},
				"south": {"uv": [0, 0, 0.7, 1.5], "texture": "#1"},
				"west": {"uv": [0, 0, 0.7, 1.5], "texture": "#1"},
				"up": {"uv": [0, 0, 0.7, 1.5], "texture": "#1"},
				"down": {"uv": [0, 0, 0.7, 1.5], "texture": "#1"}
			}
		},
		{
			"from": [5.5, 2, 6],
			"to": [6.5, 2.2, 7],
			"faces": {
				"north": {"uv": [0, 0, 1, 0.2], "texture": "#3"},
				"east": {"uv": [0, 0, 1, 0.2], "texture": "#3"},
				"south": {"uv": [0, 0, 1, 0.2], "texture": "#3"},
				"west": {"uv": [0, 0, 1, 0.2], "texture": "#3"},
				"up": {"uv": [0, 0, 1, 0.2], "texture": "#3"},
				"down": {"uv": [0, 0, 1, 0.2], "texture": "#3"}
			}
		},
		{
			"from": [5.5, 2, 7],
			"to": [6.5, 2.2, 8],
			"faces": {
				"north": {"uv": [0, 0, 1, 1], "texture": "#5"},
				"east": {"uv": [0, 0, 1, 1], "texture": "#5"},
				"south": {"uv": [0, 0, 1, 1], "texture": "#5"},
				"west": {"uv": [0, 0, 1, 1], "texture": "#5"},
				"up": {"uv": [0, 0, 1, 1], "texture": "#5"},
				"down": {"uv": [0, 0, 1, 1], "texture": "#5"}
			}
		},
		{
			"from": [5.5, 2, 8],
			"to": [6.5, 2.2, 9],
			"faces": {
				"north": {"uv": [0, 0, 1, 1], "texture": "#2"},
				"east": {"uv": [0, 0, 1, 1], "texture": "#2"},
				"south": {"uv": [0, 0, 1, 1], "texture": "#2"},
				"west": {"uv": [0, 0, 1, 1], "texture": "#2"},
				"up": {"uv": [0, 0, 1, 1], "texture": "#2"},
				"down": {"uv": [0, 0, 1, 1], "texture": "#2"}
			}
		},
		{
			"from": [5.5, 2, 9],
			"to": [6.5, 2.2, 10],
			"faces": {
				"north": {"uv": [0, 0, 1, 1], "texture": "#4"},
				"east": {"uv": [0, 0, 1, 1], "texture": "#4"},
				"south": {"uv": [0, 0, 1, 1], "texture": "#4"},
				"west": {"uv": [0, 0, 1, 1], "texture": "#4"},
				"up": {"uv": [0, 0, 1, 1], "texture": "#4"},
				"down": {"uv": [0, 0, 1, 1], "texture": "#4"}
			}
		},
		{
			"from": [4.5, 1, 1],
			"to": [5, 1.4, 15],
			"rotation": {"angle": 0, "axis": "y", "origin": [3, 1.2, 1.5]},
			"faces": {
				"north": {"uv": [0, 0, 0.5, 0.4], "texture": "#6"},
				"east": {"uv": [0, 0, 0.5, 0.4], "texture": "#6"},
				"south": {"uv": [0, 0, 0.5, 0.4], "texture": "#6"},
				"west": {"uv": [0, 0, 0.5, 0.4], "texture": "#6"},
				"up": {"uv": [0, 0, 0.5, 0.4], "texture": "#6"},
				"down": {"uv": [0, 0, 0.5, 0.4], "texture": "#6"}
			}
		}
	],
	"display": {
		"thirdperson_righthand": {
			"rotation": [68, 48.75, 0],
			"translation": [1.5, 3, 3],
			"scale": [0.5, 0.5, 0.5]
		},
		"thirdperson_lefthand": {
			"rotation": [68, 233.75, 0],
			"translation": [1.5, 3, 3],
			"scale": [0.5, 0.5, 0.5]
		},
		"firstperson_righthand": {
			"rotation": [0, 33.5, 0],
			"translation": [0, 4.75, 0]
		},
		"firstperson_lefthand": {
			"rotation": [0, -175.75, 0],
			"translation": [0, 4.75, 0]
		},
		"ground": {
			"translation": [0, 4.25, 0]
		}
	},
	"groups": [0, 1, 2, 3, 4, 5, 6, 7,
		{
			"name": "knopki1",
			"origin": [8, 8, 8],
			"color": 0,
			"children": [8, 9, 10, 11, 12, 13, 14, 15, 16, 17, 18, 19]
		},
		{
			"name": "osnova",
			"origin": [0, 0, 0],
			"color": 0,
			"children": [20, 21, 22, 23, 24]
		},
		{
			"name": "knopki2",
			"origin": [8, 8, 8],
			"color": 0,
			"children": [25, 26, 27, 28, 29, 30, 31, 32, 33, 34, 35, 36, 37, 38, 39, 40, 41, 42, 43, 44]
		},
		{
			"name": "knopki3",
			"origin": [8.5, 2.5, 3.5],
			"color": 0,
			"children": []
		}, 45, 46, 47, 48, 49, 50, 51, 52, 53, 54, 55, 56, 57, 58, 59, 60, 61, 62, 63]
}