{
	"credit": "Made with Blockbench",
	"textures": {
		"0": "blocks/quartz_block_top",
		"1": "medkit/cross",
		"2": "blocks/concrete_powder_black",
		"particle": "blocks/quartz_block_top"
	},
	"elements": [
		{
			"name": "case",
			"from": [7, 0, 2],
			"to": [9, 7, 14],
			"rotation": {"angle": 0, "axis": "y", "origin": [8, 0, 8]},
			"faces": {
				"north": {"uv": [0, 0, 15, 15], "texture": "#0"},
				"east": {"uv": [0, 0, 15, 15], "texture": "#0"},
				"south": {"uv": [0, 0, 15, 15], "texture": "#0"},
				"west": {"uv": [0, 0, 15, 15], "texture": "#0"},
				"up": {"uv": [0, 0, 15, 15], "texture": "#0"},
				"down": {"uv": [0, 0, 15, 15], "texture": "#0"}
			}
		},
		{
			"name": "handle",
			"from": [7.5, 6.9, 10.6],
			"to": [8.5, 8.6, 10.9],
			"rotation": {"angle": -22.5, "axis": "x", "origin": [8, 7.5, 10.8]},
			"faces": {
				"north": {"uv": [0, 0, 16, 16], "texture": "#0"},
				"east": {"uv": [0, 0, 15, 16], "texture": "#0"},
				"south": {"uv": [0, 0, 15, 15], "texture": "#0"},
				"west": {"uv": [0, 0, 15, 16], "texture": "#0"},
				"up": {"uv": [0, 0, 1, 0.3], "texture": "#0"},
				"down": {"uv": [0, 0, 1, 0.3], "texture": "#0"}
			}
		},
		{
			"name": "handle",
			"from": [7.5, 4.8, 5.65],
			"to": [8.5, 6.51, 5.95],
			"rotation": {"angle": 22.5, "axis": "x", "origin": [8, 7.5, 10.8]},
			"faces": {
				"north": {"uv": [0, 0, 15, 15], "texture": "#0"},
				"east": {"uv": [0, 0, 15, 16], "texture": "#0"},
				"south": {"uv": [0, 0, 16, 16], "texture": "#0"},
				"west": {"uv": [0, 0, 15, 16], "texture": "#0"},
				"up": {"uv": [0, 0, 1, 0.3], "texture": "#0"},
				"down": {"uv": [0, 0, 1, 0.3], "texture": "#0"}
			}
		},
		{
			"name": "handle",
			"from": [7.5, 8.26, 5.67],
			"to": [8.5, 8.56, 10.47],
			"rotation": {"angle": 0, "axis": "x", "origin": [8, 7.5, 10.8]},
			"faces": {
				"north": {"uv": [0, 0, 16, 15], "rotation": 180, "texture": "#0"},
				"east": {"uv": [0, 0, 16, 16], "rotation": 90, "texture": "#0"},
				"south": {"uv": [0, 0, 1, 0.3], "texture": "#0"},
				"west": {"uv": [0, 0, 16, 15], "rotation": 270, "texture": "#0"},
				"up": {"uv": [0, 0, 15, 15], "texture": "#0"},
				"down": {"uv": [0, 0, 16, 16], "rotation": 180, "texture": "#0"}
			}
		},
		{
			"name": "clip",
			"from": [7.4, 7, 12.7],
			"to": [8.7, 7.2, 12.9],
			"faces": {
				"north": {"uv": [0, 0, 15, 15], "texture": "#0"},
				"east": {"uv": [0, 0, 16, 15], "texture": "#0"},
				"south": {"uv": [0, 0, 15, 15], "texture": "#0"},
				"west": {"uv": [0, 0, 16, 15], "texture": "#0"},
				"up": {"uv": [0, 0, 7, 11], "texture": "#0"},
				"down": {"uv": [0, 0, 1.3, 0.8], "texture": "#0"}
			}
		},
		{
			"name": "clip",
			"from": [7.4, 7, 12.1],
			"to": [8.7, 7.2, 12.3],
			"faces": {
				"north": {"uv": [0, 0, 15, 15], "texture": "#0"},
				"east": {"uv": [0, 0, 16, 15], "texture": "#0"},
				"south": {"uv": [0, 0, 15, 15], "texture": "#0"},
				"west": {"uv": [0, 0, 16, 15], "texture": "#0"},
				"up": {"uv": [0, 0, 9, 11], "texture": "#0"},
				"down": {"uv": [0, 0, 1.3, 0.8], "texture": "#0"}
			}
		},
		{
			"name": "clip",
			"from": [7.4, 7, 12.3],
			"to": [8.7, 7.2, 12.7],
			"faces": {
				"north": {"uv": [0, 0, 15, 15], "texture": "#2"},
				"east": {"uv": [0, 0, 16, 15], "texture": "#2"},
				"south": {"uv": [0, 0, 15, 15], "texture": "#2"},
				"west": {"uv": [0, 0, 16, 15], "texture": "#2"},
				"up": {"uv": [0, 13, 6, 16], "texture": "#2"},
				"down": {"uv": [0, 0, 1.3, 0.8], "texture": "#2"}
			}
		},
		{
			"name": "clip",
			"from": [7.4, 7, 3.8],
			"to": [8.7, 7.2, 4],
			"faces": {
				"north": {"uv": [0, 0, 15, 15], "texture": "#0"},
				"east": {"uv": [0, 0, 16, 15], "texture": "#0"},
				"south": {"uv": [0, 0, 15, 15], "texture": "#0"},
				"west": {"uv": [0, 0, 16, 15], "texture": "#0"},
				"up": {"uv": [0, 0, 7, 11], "texture": "#0"},
				"down": {"uv": [0, 0, 1.3, 0.8], "texture": "#0"}
			}
		},
		{
			"name": "clip",
			"from": [7.4, 7, 3.4],
			"to": [8.7, 7.2, 3.8],
			"faces": {
				"north": {"uv": [0, 0, 15, 15], "texture": "#2"},
				"east": {"uv": [0, 0, 16, 15], "texture": "#2"},
				"south": {"uv": [0, 0, 15, 15], "texture": "#2"},
				"west": {"uv": [0, 0, 16, 15], "texture": "#2"},
				"up": {"uv": [0, 13, 6, 16], "texture": "#2"},
				"down": {"uv": [0, 0, 1.3, 0.8], "texture": "#2"}
			}
		},
		{
			"name": "clip",
			"from": [7.4, 7, 3.2],
			"to": [8.7, 7.2, 3.4],
			"faces": {
				"north": {"uv": [0, 0, 15, 15], "texture": "#0"},
				"east": {"uv": [0, 0, 16, 15], "texture": "#0"},
				"south": {"uv": [0, 0, 15, 15], "texture": "#0"},
				"west": {"uv": [0, 0, 16, 15], "texture": "#0"},
				"up": {"uv": [0, 0, 9, 11], "texture": "#0"},
				"down": {"uv": [0, 0, 1.3, 0.8], "texture": "#0"}
			}
		},
		{
			"name": "cross",
			"from": [9.005, 2, 7.65],
			"to": [9.005, 5, 8.55],
			"faces": {
				"east": {"uv": [0, 0, 0.9, 3], "rotation": 180, "texture": "#1"}
			}
		},
		{
			"name": "cross",
			"from": [9.005, 3.05, 6.6],
			"to": [9.005, 3.95, 9.6],
			"faces": {
				"east": {"uv": [0, 0, 0.9, 3], "rotation": 270, "texture": "#1"}
			}
		}
	],
	"display": {
		"thirdperson_righthand": {
			"rotation": [89.5, 0, 0],
			"translation": [0, -2, 0.5]
		},
		"thirdperson_lefthand": {
			"rotation": [89.5, 0, 0],
			"translation": [0, -2, 0.5]
		},
		"firstperson_righthand": {
			"translation": [0, 5.5, 0]
		},
		"firstperson_lefthand": {
			"translation": [0, 5.5, 0]
		},
		"ground": {
			"translation": [0, 5, 0]
		},
		"gui": {
			"rotation": [0, -90, 0],
			"translation": [0, 4, 0],
			"scale": [1.2, 1.2, 1.2]
		},
		"head": {
			"rotation": [0, -90, 0],
			"translation": [0, 14.25, 0]
		},
		"fixed": {
			"rotation": [0, 90, 0],
			"translation": [0, 3.75, -0.75]
		}
	}
}