{
	"credit": "Made with Blockbench",
	"textures": {
		"0": "items/blaze_rod",
		"particle": "items/blaze_rod"
	},
	"elements": [
		{
			"name": "core",
			"from": [2, 0, 4],
			"to": [14, 8, 12],
			"faces": {
				"north": {"uv": [1, 7.5, 15, 15.625], "texture": "#0"},
				"east": {"uv": [10.875, 7.625, 12.125, 8.625], "texture": "#0"},
				"south": {"uv": [13.125, 12.375, 14.375, 13.625], "texture": "#0"},
				"west": {"uv": [10.5, 7.5, 12.75, 8.875], "texture": "#0"},
				"up": {"uv": [13, 11.625, 14.125, 12.875], "texture": "#0"},
				"down": {"uv": [12.75, 12.25, 14.25, 14.875], "texture": "#0"}
			}
		},
		{
			"from": [1.7, 8, 3.7],
			"to": [14.3, 8.2, 12.3],
			"faces": {
				"north": {"uv": [6.5, 7.75, 7.625, 8.875], "texture": "#0"},
				"east": {"uv": [6.75, 8.125, 7.5, 8.875], "texture": "#0"},
				"south": {"uv": [7.875, 8.25, 8.25, 8.875], "texture": "#0"},
				"west": {"uv": [10, 8, 10.625, 8.625], "texture": "#0"},
				"up": {"uv": [13, 7.875, 14, 8.875], "texture": "#0"},
				"down": {"uv": [9.25, 7.875, 10.5, 8.875], "texture": "#0"}
			}
		},
		{
			"from": [5.6, 9.4, 7.1],
			"to": [10.6, 9.6, 9.1],
			"faces": {
				"north": {"uv": [6.5, 7.75, 7.625, 8.875], "texture": "#0"},
				"east": {"uv": [6.75, 8.125, 7.5, 8.875], "texture": "#0"},
				"south": {"uv": [7.875, 8.25, 8.25, 8.875], "texture": "#0"},
				"west": {"uv": [10, 8, 10.625, 8.625], "texture": "#0"},
				"up": {"uv": [13, 7.875, 14, 8.875], "texture": "#0"},
				"down": {"uv": [9.25, 7.875, 10.5, 8.875], "texture": "#0"}
			}
		},
		{
			"from": [11.2, 8.2, 7.3],
			"to": [11.4, 8.8, 8.9],
			"faces": {
				"north": {"uv": [6.5, 7.75, 7.625, 8.875], "texture": "#0"},
				"east": {"uv": [6.75, 8.125, 7.5, 8.875], "texture": "#0"},
				"south": {"uv": [7.875, 8.25, 8.25, 8.875], "texture": "#0"},
				"west": {"uv": [10, 8, 10.625, 8.625], "texture": "#0"},
				"up": {"uv": [13, 7.875, 14, 8.875], "texture": "#0"},
				"down": {"uv": [9.25, 7.875, 10.5, 8.875], "texture": "#0"}
			}
		},
		{
			"from": [10.5, 8.2, 7.3],
			"to": [10.7, 8.8, 8.9],
			"faces": {
				"north": {"uv": [6.5, 7.75, 7.625, 8.875], "texture": "#0"},
				"east": {"uv": [6.75, 8.125, 7.5, 8.875], "texture": "#0"},
				"south": {"uv": [7.875, 8.25, 8.25, 8.875], "texture": "#0"},
				"west": {"uv": [10, 8, 10.625, 8.625], "texture": "#0"},
				"up": {"uv": [13, 7.875, 14, 8.875], "texture": "#0"},
				"down": {"uv": [9.25, 7.875, 10.5, 8.875], "texture": "#0"}
			}
		},
		{
			"from": [10.6, 8.6, 7.3],
			"to": [11.2, 8.8, 8.9],
			"rotation": {"angle": 0, "axis": "z", "origin": [11.3, 9.1, 8.1]},
			"faces": {
				"north": {"uv": [6.5, 7.75, 7.625, 8.875], "rotation": 90, "texture": "#0"},
				"east": {"uv": [9.25, 7.875, 10.5, 8.875], "rotation": 270, "texture": "#0"},
				"south": {"uv": [7.875, 8.25, 8.25, 8.875], "rotation": 270, "texture": "#0"},
				"west": {"uv": [13, 7.875, 14, 8.875], "rotation": 270, "texture": "#0"},
				"up": {"uv": [6.75, 8.125, 7.5, 8.875], "rotation": 270, "texture": "#0"},
				"down": {"uv": [10, 8, 10.625, 8.625], "rotation": 270, "texture": "#0"}
			}
		},
		{
			"from": [4.9, 8.6, 7.3],
			"to": [5.5, 8.8, 8.9],
			"rotation": {"angle": 0, "axis": "z", "origin": [11.3, 9.1, 8.1]},
			"faces": {
				"north": {"uv": [6.5, 7.75, 7.625, 8.875], "rotation": 90, "texture": "#0"},
				"east": {"uv": [9.25, 7.875, 10.5, 8.875], "rotation": 270, "texture": "#0"},
				"south": {"uv": [7.875, 8.25, 8.25, 8.875], "rotation": 270, "texture": "#0"},
				"west": {"uv": [13, 7.875, 14, 8.875], "rotation": 270, "texture": "#0"},
				"up": {"uv": [6.75, 8.125, 7.5, 8.875], "rotation": 270, "texture": "#0"},
				"down": {"uv": [10, 8, 10.625, 8.625], "rotation": 270, "texture": "#0"}
			}
		},
		{
			"from": [4.8, 8.2, 7.3],
			"to": [5, 8.8, 8.9],
			"faces": {
				"north": {"uv": [6.5, 7.75, 7.625, 8.875], "texture": "#0"},
				"east": {"uv": [6.75, 8.125, 7.5, 8.875], "texture": "#0"},
				"south": {"uv": [7.875, 8.25, 8.25, 8.875], "texture": "#0"},
				"west": {"uv": [10, 8, 10.625, 8.625], "texture": "#0"},
				"up": {"uv": [13, 7.875, 14, 8.875], "texture": "#0"},
				"down": {"uv": [9.25, 7.875, 10.5, 8.875], "texture": "#0"}
			}
		},
		{
			"from": [5.5, 8.2, 7.3],
			"to": [5.7, 8.8, 8.9],
			"faces": {
				"north": {"uv": [6.5, 7.75, 7.625, 8.875], "texture": "#0"},
				"east": {"uv": [6.75, 8.125, 7.5, 8.875], "texture": "#0"},
				"south": {"uv": [7.875, 8.25, 8.25, 8.875], "texture": "#0"},
				"west": {"uv": [10, 8, 10.625, 8.625], "texture": "#0"},
				"up": {"uv": [13, 7.875, 14, 8.875], "texture": "#0"},
				"down": {"uv": [9.25, 7.875, 10.5, 8.875], "texture": "#0"}
			}
		},
		{
			"from": [2.3, 7.6, 3.8],
			"to": [13.6, 8, 4],
			"faces": {
				"north": {"uv": [13, 7.875, 14, 8.875], "rotation": 180, "texture": "#0"},
				"east": {"uv": [6.75, 8.125, 7.5, 8.875], "rotation": 90, "texture": "#0"},
				"south": {"uv": [9.25, 7.875, 10.5, 8.875], "texture": "#0"},
				"west": {"uv": [10, 8, 10.625, 8.625], "rotation": 270, "texture": "#0"},
				"up": {"uv": [7.875, 8.25, 8.25, 8.875], "texture": "#0"},
				"down": {"uv": [6.5, 7.75, 7.625, 8.875], "rotation": 180, "texture": "#0"}
			}
		},
		{
			"from": [10.7, 8.5, 7.1],
			"to": [10.9, 8.7, 9.1],
			"rotation": {"angle": 22.5, "axis": "z", "origin": [11, 9, 8.1]},
			"faces": {
				"north": {"uv": [10, 8, 10.625, 8.625], "rotation": 270, "texture": "#0"},
				"east": {"uv": [13, 7.875, 14, 8.875], "rotation": 180, "texture": "#0"},
				"south": {"uv": [6.75, 8.125, 7.5, 8.875], "rotation": 90, "texture": "#0"},
				"west": {"uv": [9.25, 7.875, 10.5, 8.875], "texture": "#0"},
				"up": {"uv": [7.875, 8.25, 8.25, 8.875], "rotation": 90, "texture": "#0"},
				"down": {"uv": [6.5, 7.75, 7.625, 8.875], "rotation": 90, "texture": "#0"}
			}
		},
		{
			"from": [10.7, 9.5, 7.1],
			"to": [10.9, 9.7, 9.1],
			"rotation": {"angle": 22.5, "axis": "z", "origin": [11, 9, 8.1]},
			"faces": {
				"north": {"uv": [10, 8, 10.625, 8.625], "rotation": 270, "texture": "#0"},
				"east": {"uv": [13, 7.875, 14, 8.875], "rotation": 180, "texture": "#0"},
				"south": {"uv": [6.75, 8.125, 7.5, 8.875], "rotation": 90, "texture": "#0"},
				"west": {"uv": [9.25, 7.875, 10.5, 8.875], "texture": "#0"},
				"up": {"uv": [7.875, 8.25, 8.25, 8.875], "rotation": 90, "texture": "#0"},
				"down": {"uv": [6.5, 7.75, 7.625, 8.875], "rotation": 90, "texture": "#0"}
			}
		},
		{
			"from": [10.7, 8.7, 7.1],
			"to": [10.9, 9.6, 7.3],
			"rotation": {"angle": 22.5, "axis": "z", "origin": [11, 9, 8.1]},
			"faces": {
				"north": {"uv": [7.875, 8.25, 8.25, 8.875], "rotation": 270, "texture": "#0"},
				"east": {"uv": [13, 7.875, 14, 8.875], "rotation": 270, "texture": "#0"},
				"south": {"uv": [6.5, 7.75, 7.625, 8.875], "rotation": 90, "texture": "#0"},
				"west": {"uv": [9.25, 7.875, 10.5, 8.875], "rotation": 270, "texture": "#0"},
				"up": {"uv": [6.75, 8.125, 7.5, 8.875], "rotation": 90, "texture": "#0"},
				"down": {"uv": [10, 8, 10.625, 8.625], "rotation": 90, "texture": "#0"}
			}
		},
		{
			"from": [10.7, 8.7, 8.9],
			"to": [10.9, 9.6, 9.1],
			"rotation": {"angle": 22.5, "axis": "z", "origin": [11, 9, 8.1]},
			"faces": {
				"north": {"uv": [7.875, 8.25, 8.25, 8.875], "rotation": 270, "texture": "#0"},
				"east": {"uv": [13, 7.875, 14, 8.875], "rotation": 270, "texture": "#0"},
				"south": {"uv": [6.5, 7.75, 7.625, 8.875], "rotation": 90, "texture": "#0"},
				"west": {"uv": [9.25, 7.875, 10.5, 8.875], "rotation": 270, "texture": "#0"},
				"up": {"uv": [6.75, 8.125, 7.5, 8.875], "rotation": 90, "texture": "#0"},
				"down": {"uv": [10, 8, 10.625, 8.625], "rotation": 90, "texture": "#0"}
			}
		},
		{
			"from": [5.3, 8.7, 7.1],
			"to": [5.5, 9.6, 7.3],
			"rotation": {"angle": -22.5, "axis": "z", "origin": [5.1, 9, 8.1]},
			"faces": {
				"north": {"uv": [7.875, 8.25, 8.25, 8.875], "rotation": 270, "texture": "#0"},
				"east": {"uv": [13, 7.875, 14, 8.875], "rotation": 270, "texture": "#0"},
				"south": {"uv": [6.5, 7.75, 7.625, 8.875], "rotation": 90, "texture": "#0"},
				"west": {"uv": [9.25, 7.875, 10.5, 8.875], "rotation": 270, "texture": "#0"},
				"up": {"uv": [6.75, 8.125, 7.5, 8.875], "rotation": 90, "texture": "#0"},
				"down": {"uv": [10, 8, 10.625, 8.625], "rotation": 90, "texture": "#0"}
			}
		},
		{
			"from": [5.3, 8.5, 7.1],
			"to": [5.5, 8.7, 9.1],
			"rotation": {"angle": -22.5, "axis": "z", "origin": [5.1, 9, 8.1]},
			"faces": {
				"north": {"uv": [10, 8, 10.625, 8.625], "rotation": 270, "texture": "#0"},
				"east": {"uv": [13, 7.875, 14, 8.875], "rotation": 180, "texture": "#0"},
				"south": {"uv": [6.75, 8.125, 7.5, 8.875], "rotation": 90, "texture": "#0"},
				"west": {"uv": [9.25, 7.875, 10.5, 8.875], "texture": "#0"},
				"up": {"uv": [7.875, 8.25, 8.25, 8.875], "rotation": 90, "texture": "#0"},
				"down": {"uv": [6.5, 7.75, 7.625, 8.875], "rotation": 90, "texture": "#0"}
			}
		},
		{
			"from": [5.3, 9.5, 7.1],
			"to": [5.5, 9.7, 9.1],
			"rotation": {"angle": -22.5, "axis": "z", "origin": [5.1, 9, 8.1]},
			"faces": {
				"north": {"uv": [10, 8, 10.625, 8.625], "rotation": 270, "texture": "#0"},
				"east": {"uv": [13, 7.875, 14, 8.875], "rotation": 180, "texture": "#0"},
				"south": {"uv": [6.75, 8.125, 7.5, 8.875], "rotation": 90, "texture": "#0"},
				"west": {"uv": [9.25, 7.875, 10.5, 8.875], "texture": "#0"},
				"up": {"uv": [7.875, 8.25, 8.25, 8.875], "rotation": 90, "texture": "#0"},
				"down": {"uv": [6.5, 7.75, 7.625, 8.875], "rotation": 90, "texture": "#0"}
			}
		},
		{
			"from": [5.3, 8.7, 8.9],
			"to": [5.5, 9.6, 9.1],
			"rotation": {"angle": -22.5, "axis": "z", "origin": [5.1, 9, 8.1]},
			"faces": {
				"north": {"uv": [7.875, 8.25, 8.25, 8.875], "rotation": 270, "texture": "#0"},
				"east": {"uv": [13, 7.875, 14, 8.875], "rotation": 270, "texture": "#0"},
				"south": {"uv": [6.5, 7.75, 7.625, 8.875], "rotation": 90, "texture": "#0"},
				"west": {"uv": [9.25, 7.875, 10.5, 8.875], "rotation": 270, "texture": "#0"},
				"up": {"uv": [6.75, 8.125, 7.5, 8.875], "rotation": 90, "texture": "#0"},
				"down": {"uv": [10, 8, 10.625, 8.625], "rotation": 90, "texture": "#0"}
			}
		},
		{
			"from": [14, 7.6, 3.7],
			"to": [14.3, 8, 12.3],
			"faces": {
				"north": {"uv": [10, 8, 10.625, 8.625], "rotation": 270, "texture": "#0"},
				"east": {"uv": [13, 7.875, 14, 8.875], "rotation": 180, "texture": "#0"},
				"south": {"uv": [6.75, 8.125, 7.5, 8.875], "rotation": 90, "texture": "#0"},
				"west": {"uv": [9.25, 7.875, 10.5, 8.875], "texture": "#0"},
				"up": {"uv": [7.875, 8.25, 8.25, 8.875], "rotation": 90, "texture": "#0"},
				"down": {"uv": [6.5, 7.75, 7.625, 8.875], "rotation": 90, "texture": "#0"}
			}
		},
		{
			"from": [1.7, 7.6, 3.7],
			"to": [2, 8, 12.3],
			"faces": {
				"north": {"uv": [10, 8, 10.625, 8.625], "rotation": 270, "texture": "#0"},
				"east": {"uv": [13, 7.875, 14, 8.875], "rotation": 180, "texture": "#0"},
				"south": {"uv": [6.75, 8.125, 7.5, 8.875], "rotation": 90, "texture": "#0"},
				"west": {"uv": [9.25, 7.875, 10.5, 8.875], "texture": "#0"},
				"up": {"uv": [7.875, 8.25, 8.25, 8.875], "rotation": 90, "texture": "#0"},
				"down": {"uv": [6.5, 7.75, 7.625, 8.875], "rotation": 90, "texture": "#0"}
			}
		},
		{
			"from": [2.3, 7.6, 12],
			"to": [13.6, 8, 12.2],
			"faces": {
				"north": {"uv": [13, 7.875, 14, 8.875], "rotation": 180, "texture": "#0"},
				"east": {"uv": [6.75, 8.125, 7.5, 8.875], "rotation": 90, "texture": "#0"},
				"south": {"uv": [9.25, 7.875, 10.5, 8.875], "texture": "#0"},
				"west": {"uv": [10, 8, 10.625, 8.625], "rotation": 270, "texture": "#0"},
				"up": {"uv": [7.875, 8.25, 8.25, 8.875], "texture": "#0"},
				"down": {"uv": [6.5, 7.75, 7.625, 8.875], "rotation": 180, "texture": "#0"}
			}
		},
		{
			"from": [11.8, 8.2, 5.1],
			"to": [12.7, 8.4, 6],
			"faces": {
				"north": {"uv": [6.5, 7.75, 7.625, 8.875], "texture": "#0"},
				"east": {"uv": [6.75, 8.125, 7.5, 8.875], "texture": "#0"},
				"south": {"uv": [7.875, 8.25, 8.25, 8.875], "texture": "#0"},
				"west": {"uv": [10, 8, 10.625, 8.625], "texture": "#0"},
				"up": {"uv": [13, 7.875, 14, 8.875], "texture": "#0"},
				"down": {"uv": [9.25, 7.875, 10.5, 8.875], "texture": "#0"}
			}
		},
		{
			"from": [11.8, 8.2, 10.1],
			"to": [12.7, 8.4, 11],
			"faces": {
				"north": {"uv": [6.5, 7.75, 7.625, 8.875], "texture": "#0"},
				"east": {"uv": [6.75, 8.125, 7.5, 8.875], "texture": "#0"},
				"south": {"uv": [7.875, 8.25, 8.25, 8.875], "texture": "#0"},
				"west": {"uv": [10, 8, 10.625, 8.625], "texture": "#0"},
				"up": {"uv": [13, 7.875, 14, 8.875], "texture": "#0"},
				"down": {"uv": [9.25, 7.875, 10.5, 8.875], "texture": "#0"}
			}
		},
		{
			"from": [3.3, 8.2, 10.1],
			"to": [4.2, 8.4, 11],
			"faces": {
				"north": {"uv": [6.5, 7.75, 7.625, 8.875], "texture": "#0"},
				"east": {"uv": [6.75, 8.125, 7.5, 8.875], "texture": "#0"},
				"south": {"uv": [7.875, 8.25, 8.25, 8.875], "texture": "#0"},
				"west": {"uv": [10, 8, 10.625, 8.625], "texture": "#0"},
				"up": {"uv": [13, 7.875, 14, 8.875], "texture": "#0"},
				"down": {"uv": [9.25, 7.875, 10.5, 8.875], "texture": "#0"}
			}
		},
		{
			"from": [3.3, 8.2, 5.1],
			"to": [4.2, 8.4, 6],
			"faces": {
				"north": {"uv": [6.5, 7.75, 7.625, 8.875], "texture": "#0"},
				"east": {"uv": [6.75, 8.125, 7.5, 8.875], "texture": "#0"},
				"south": {"uv": [7.875, 8.25, 8.25, 8.875], "texture": "#0"},
				"west": {"uv": [10, 8, 10.625, 8.625], "texture": "#0"},
				"up": {"uv": [13, 7.875, 14, 8.875], "texture": "#0"},
				"down": {"uv": [9.25, 7.875, 10.5, 8.875], "texture": "#0"}
			}
		}
	],
	"display": {
		"thirdperson_righthand": {
			"rotation": [87.5, -90, 0],
			"translation": [0, -2, -0.75],
			"scale": [0.94, 0.9, 0.41]
		},
		"thirdperson_lefthand": {
			"rotation": [87.5, -90, 0],
			"translation": [0, -2, -0.75],
			"scale": [0.94, 0.9, 0.41]
		},
		"firstperson_righthand": {
			"rotation": [0, -82.75, 0],
			"translation": [0, 5.25, 0],
			"scale": [0.94, 0.9, 0.41]
		},
		"firstperson_lefthand": {
			"rotation": [0, -82.75, 0],
			"translation": [0, 5.25, 0],
			"scale": [0.94, 0.9, 0.41]
		},
		"ground": {
			"translation": [0, 4, 0],
			"scale": [0.94, 0.9, 0.41]
		},
		"gui": {
			"rotation": [0, -180, 0],
			"translation": [0, 2.75, 0],
			"scale": [0.94, 0.9, 0.41]
		},
		"fixed": {
			"translation": [0, 3, 0],
			"scale": [0.94, 0.9, 0.41]
		}
	}
}