{
	"credit": "Made with Blockbench",
	"textures": {
		"0": "items/paper",
		"2": "other/cigarette/tabaco",
		"3": "other/cigarette/filter",
		"4": "items/gold_ingot",
		"particle": "items/paper"
	},
	"elements": [
		{
			"from": [8.4, 0, 6.2],
			"to": [8.9, 0.5, 11.2],
			"rotation": {"angle": 0, "axis": "y", "origin": [8.8, 0.2, 7.7]},
			"faces": {
				"north": {"uv": [4, 5, 6, 6], "texture": "#0"},
				"east": {"uv": [4, 5, 6, 6], "texture": "#0"},
				"south": {"uv": [1.23077, 0, 6.15385, 4.92308], "texture": "#2"},
				"west": {"uv": [4, 5, 6, 6], "texture": "#0"},
				"up": {"uv": [4, 5, 6, 6], "texture": "#0"},
				"down": {"uv": [4, 5, 6, 6], "texture": "#0"}
			}
		},
		{
			"from": [8.4, 0, 4.3],
			"to": [8.9, 0.5, 6],
			"rotation": {"angle": 0, "axis": "y", "origin": [8.8, 0.2, 7.7]},
			"faces": {
				"north": {"uv": [12, 14.46, 12.16, 14.74], "texture": "#3"},
				"east": {"uv": [0, 0, 9, 3.5], "texture": "#3"},
				"south": {"uv": [0, 0, 4.25, 12], "texture": "#3"},
				"west": {"uv": [0, 0, 9, 3.5], "texture": "#3"},
				"up": {"uv": [0, 0, 3.5, 9], "texture": "#3"},
				"down": {"uv": [0, 0, 3.5, 9], "texture": "#3"}
			}
		},
		{
			"from": [8.4, 0, 6],
			"to": [8.9, 0.5, 6.2],
			"rotation": {"angle": 0, "axis": "y", "origin": [8.8, 0.2, 7.7]},
			"faces": {
				"north": {"uv": [7, 4, 8, 5], "texture": "#4"},
				"east": {"uv": [7, 4, 8, 5], "texture": "#4"},
				"south": {"uv": [7, 4, 8, 5], "texture": "#4"},
				"west": {"uv": [7, 4, 8, 5], "texture": "#4"},
				"up": {"uv": [7, 4, 8, 5], "texture": "#4"},
				"down": {"uv": [7, 4, 8, 5], "texture": "#4"}
			}
		}
	],
	"display": {
		"thirdperson_righthand": {
			"rotation": [-90, 0, 0],
			"translation": [-1.5, 2.25, -5],
			"scale": [0.75, 0.75, 0.75]
		},
		"thirdperson_lefthand": {
			"rotation": [-90, 0, 0],
			"translation": [-0.62, 2.25, -5],
			"scale": [0.75, 0.75, 0.75]
		},
		"firstperson_righthand": {
			"rotation": [-180, 0, 0],
			"translation": [2.75, -6.5, -1.25]
		},
		"firstperson_lefthand": {
			"rotation": [-180, 0, 0],
			"translation": [2.75, -6.5, -1.25]
		},
		"ground": {
			"translation": [0, 5.75, 0]
		},
		"gui": {
			"rotation": [90, 145, 0],
			"translation": [1.25, -1, 0],
			"scale": [2.2168, 2.2168, 2.2168]
		},
		"head": {
			"rotation": [0, -180, 0],
			"translation": [-0.25, 3.5, -9.5]
		},
		"fixed": {
			"rotation": [90, 90, 0],
			"translation": [0.5, -1.5, 14],
			"scale": [1.84, 1.84, 1.84]
		}
	}
}