{
	"__comment": "Designed by Pavel Durov with Cubik Studio - https://cubik.studio",
	"textures": {
		"particle": "blocks/particle",
		"texture": "blocks/texture",
		"spsa_atlas": "items/diamond_sword"
	},
	"elements": [
		{
			"__comment": "Voxels",
			"from": [ 7.5, 8, 8.75 ],
			"to": [ 7.75, 8.125, 9 ],
			"faces": {
				"down": { "uv": [ 11.125, 9, 11.375, 9.25 ], "texture": "#spsa_atlas" },
				"up": { "uv": [ 11.125, 9.5, 11.375, 9.25 ], "texture": "#spsa_atlas" },
				"north": { "uv": [ 15.25, 11.5, 15, 11.625 ], "texture": "#spsa_atlas" },
				"south": { "uv": [ 14.75, 11.5, 15, 11.625 ], "texture": "#spsa_atlas" },
				"west": { "uv": [ 14.5, 11.5, 14.75, 11.625 ], "texture": "#spsa_atlas" },
				"east": { "uv": [ 14.5, 11.5, 14.25, 11.625 ], "texture": "#spsa_atlas" }
			}
		},
		{
			"__comment": "Voxels",
			"from": [ 7.5, 8, 9 ],
			"to": [ 7.625, 8.5, 9.25 ],
			"faces": {
				"down": { "uv": [ 12.25, 11, 12.375, 11.25 ], "texture": "#spsa_atlas" },
				"up": { "uv": [ 12.25, 11.5, 12.375, 11.25 ], "texture": "#spsa_atlas" },
				"north": { "uv": [ 9, 13.125, 8.875, 13.625 ], "texture": "#spsa_atlas" },
				"south": { "uv": [ 8.875, 12.625, 9, 13.125 ], "texture": "#spsa_atlas" },
				"west": { "uv": [ 8.625, 11.625, 8.875, 12.125 ], "texture": "#spsa_atlas" },
				"east": { "uv": [ 8.875, 11.125, 8.625, 11.625 ], "texture": "#spsa_atlas" }
			}
		},
		{
			"__comment": "Voxels",
			"from": [ 7.5, 8.125, 8.875 ],
			"to": [ 7.75, 8.25, 9 ],
			"faces": {
				"down": { "uv": [ 14, 11.5, 14.25, 11.625 ], "texture": "#spsa_atlas" },
				"up": { "uv": [ 13.75, 11.625, 14, 11.5 ], "texture": "#spsa_atlas" },
				"north": { "uv": [ 13.75, 11.5, 13.5, 11.625 ], "texture": "#spsa_atlas" },
				"south": { "uv": [ 13.25, 11.5, 13.5, 11.625 ], "texture": "#spsa_atlas" },
				"west": { "uv": [ 15, 11.375, 15.125, 11.5 ], "texture": "#spsa_atlas" },
				"east": { "uv": [ 14.75, 11.375, 14.625, 11.5 ], "texture": "#spsa_atlas" }
			}
		},
		{
			"__comment": "Voxels",
			"from": [ 7.625, 6.625, 13.125 ],
			"to": [ 8.375, 6.875, 13.25 ],
			"faces": {
				"down": { "uv": [ 12.25, 14.25, 13, 14.375 ], "texture": "#spsa_atlas" },
				"up": { "uv": [ 11.5, 14.375, 12.25, 14.25 ], "texture": "#spsa_atlas" },
				"north": { "uv": [ 4.875, 12.125, 4.125, 12.375 ], "texture": "#spsa_atlas" },
				"south": { "uv": [ 7.625, 15, 8.375, 15.25 ], "texture": "#spsa_atlas" },
				"west": { "uv": [ 12.125, 8.125, 12.25, 8.375 ], "texture": "#spsa_atlas" },
				"east": { "uv": [ 12.25, 8.375, 12.125, 8.625 ], "texture": "#spsa_atlas" }
			}
		},
		{
			"__comment": "Voxels",
			"from": [ 7.625, 6.625, 13.25 ],
			"to": [ 8.375, 6.75, 13.375 ],
			"faces": {
				"down": { "uv": [ 14.625, 14.375, 15.375, 14.5 ], "texture": "#spsa_atlas" },
				"up": { "uv": [ 13.875, 14.5, 14.625, 14.375 ], "texture": "#spsa_atlas" },
				"north": { "uv": [ 13.875, 14.375, 13.125, 14.5 ], "texture": "#spsa_atlas" },
				"south": { "uv": [ 15.25, 14.5, 16, 14.625 ], "texture": "#spsa_atlas" },
				"west": { "uv": [ 13.75, 11.375, 13.875, 11.5 ], "texture": "#spsa_atlas" },
				"east": { "uv": [ 13.75, 11.375, 13.625, 11.5 ], "texture": "#spsa_atlas" }
			}
		},
		{
			"__comment": "Voxels",
			"from": [ 7.625, 6.75, 13.25 ],
			"to": [ 7.75, 8.875, 13.375 ],
			"faces": {
				"down": { "uv": [ 13.125, 11.375, 13.25, 11.5 ], "texture": "#spsa_atlas" },
				"up": { "uv": [ 13, 11.5, 13.125, 11.375 ], "texture": "#spsa_atlas" },
				"north": { "uv": [ 6.75, 12.25, 6.625, 14.375 ], "texture": "#spsa_atlas" },
				"south": { "uv": [ 6.75, 12.25, 6.875, 14.375 ], "texture": "#spsa_atlas" },
				"west": { "uv": [ 6.375, 9.875, 6.5, 12 ], "texture": "#spsa_atlas" },
				"east": { "uv": [ 6.625, 12.25, 6.5, 14.375 ], "texture": "#spsa_atlas" }
			}
		},
		{
			"__comment": "Voxels",
			"from": [ 7.625, 6.75, 13.375 ],
			"to": [ 7.75, 7.75, 13.5 ],
			"faces": {
				"down": { "uv": [ 12.875, 11.375, 13, 11.5 ], "texture": "#spsa_atlas" },
				"up": { "uv": [ 12.75, 11.5, 12.875, 11.375 ], "texture": "#spsa_atlas" },
				"north": { "uv": [ 8.75, 9.125, 8.625, 10.125 ], "texture": "#spsa_atlas" },
				"south": { "uv": [ 8.75, 9.125, 8.875, 10.125 ], "texture": "#spsa_atlas" },
				"west": { "uv": [ 8.875, 9.125, 9, 10.125 ], "texture": "#spsa_atlas" },
				"east": { "uv": [ 8.75, 8.125, 8.625, 9.125 ], "texture": "#spsa_atlas" }
			}
		},
		{
			"__comment": "Voxels",
			"from": [ 7.625, 6.75, 13.5 ],
			"to": [ 7.75, 7.625, 13.625 ],
			"faces": {
				"down": { "uv": [ 12.625, 11.375, 12.75, 11.5 ], "texture": "#spsa_atlas" },
				"up": { "uv": [ 12.5, 11.5, 12.625, 11.375 ], "texture": "#spsa_atlas" },
				"north": { "uv": [ 9.5, 8.25, 9.375, 9.125 ], "texture": "#spsa_atlas" },
				"south": { "uv": [ 9.5, 12.625, 9.625, 13.5 ], "texture": "#spsa_atlas" },
				"west": { "uv": [ 9.375, 11.75, 9.5, 12.625 ], "texture": "#spsa_atlas" },
				"east": { "uv": [ 9.5, 10.875, 9.375, 11.75 ], "texture": "#spsa_atlas" }
			}
		},
		{
			"__comment": "Voxels",
			"from": [ 7.625, 6.75, 13.625 ],
			"to": [ 8.375, 6.875, 13.875 ],
			"faces": {
				"down": { "uv": [ 5, 12.125, 5.75, 12.375 ], "texture": "#spsa_atlas" },
				"up": { "uv": [ 5.375, 8.25, 6.125, 8 ], "texture": "#spsa_atlas" },
				"north": { "uv": [ 16, 14.625, 15.25, 14.75 ], "texture": "#spsa_atlas" },
				"south": { "uv": [ 5.125, 11.25, 5.875, 11.375 ], "texture": "#spsa_atlas" },
				"west": { "uv": [ 13, 11.5, 13.25, 11.625 ], "texture": "#spsa_atlas" },
				"east": { "uv": [ 13, 11.5, 12.75, 11.625 ], "texture": "#spsa_atlas" }
			}
		},
		{
			"__comment": "Voxels",
			"from": [ 7.625, 6.875, 13.625 ],
			"to": [ 7.75, 7.375, 13.75 ],
			"faces": {
				"down": { "uv": [ 12.375, 9.25, 12.5, 9.375 ], "texture": "#spsa_atlas" },
				"up": { "uv": [ 12.375, 9.5, 12.5, 9.375 ], "texture": "#spsa_atlas" },
				"north": { "uv": [ 9, 12.125, 8.875, 12.625 ], "texture": "#spsa_atlas" },
				"south": { "uv": [ 8.875, 11.625, 9, 12.125 ], "texture": "#spsa_atlas" },
				"west": { "uv": [ 8.875, 11.125, 9, 11.625 ], "texture": "#spsa_atlas" },
				"east": { "uv": [ 9, 10.625, 8.875, 11.125 ], "texture": "#spsa_atlas" }
			}
		},
		{
			"__comment": "Voxels",
			"from": [ 7.625, 6.875, 13.75 ],
			"to": [ 8.375, 7.125, 13.875 ],
			"faces": {
				"down": { "uv": [ 11, 13.5, 11.75, 13.625 ], "texture": "#spsa_atlas" },
				"up": { "uv": [ 10.25, 13.625, 11, 13.5 ], "texture": "#spsa_atlas" },
				"north": { "uv": [ 7.625, 8.5, 6.875, 8.75 ], "texture": "#spsa_atlas" },
				"south": { "uv": [ 6.875, 8.25, 7.625, 8.5 ], "texture": "#spsa_atlas" },
				"west": { "uv": [ 12.125, 8.625, 12.25, 8.875 ], "texture": "#spsa_atlas" },
				"east": { "uv": [ 12.25, 8.875, 12.125, 9.125 ], "texture": "#spsa_atlas" }
			}
		},
		{
			"__comment": "Voxels",
			"from": [ 7.625, 7, 13.125 ],
			"to": [ 8.375, 7.25, 13.25 ],
			"faces": {
				"down": { "uv": [ 14.75, 13.625, 15.5, 13.75 ], "texture": "#spsa_atlas" },
				"up": { "uv": [ 14, 13.75, 14.75, 13.625 ], "texture": "#spsa_atlas" },
				"north": { "uv": [ 7.625, 8, 6.875, 8.25 ], "texture": "#spsa_atlas" },
				"south": { "uv": [ 7.625, 15.25, 8.375, 15.5 ], "texture": "#spsa_atlas" },
				"west": { "uv": [ 12.125, 9.125, 12.25, 9.375 ], "texture": "#spsa_atlas" },
				"east": { "uv": [ 12.25, 9.375, 12.125, 9.625 ], "texture": "#spsa_atlas" }
			}
		},
		{
			"__comment": "Voxels",
			"from": [ 7.625, 7.25, 13.125 ],
			"to": [ 7.75, 8.875, 13.25 ],
			"faces": {
				"down": { "uv": [ 12.375, 11.25, 12.5, 11.375 ], "texture": "#spsa_atlas" },
				"up": { "uv": [ 12.5, 8.5, 12.625, 8.375 ], "texture": "#spsa_atlas" },
				"north": { "uv": [ 7.125, 10.375, 7, 12 ], "texture": "#spsa_atlas" },
				"south": { "uv": [ 7.25, 10.375, 7.375, 12 ], "texture": "#spsa_atlas" },
				"west": { "uv": [ 7.5, 10.375, 7.625, 12 ], "texture": "#spsa_atlas" },
				"east": { "uv": [ 7, 8.75, 6.875, 10.375 ], "texture": "#spsa_atlas" }
			}
		},
		{
			"__comment": "Voxels",
			"from": [ 7.625, 7.375, 13 ],
			"to": [ 8.375, 7.5, 13.125 ],
			"faces": {
				"down": { "uv": [ 13.25, 13.625, 14, 13.75 ], "texture": "#spsa_atlas" },
				"up": { "uv": [ 11, 13.75, 11.75, 13.625 ], "texture": "#spsa_atlas" },
				"north": { "uv": [ 11, 13.625, 10.25, 13.75 ], "texture": "#spsa_atlas" },
				"south": { "uv": [ 15.125, 13.75, 15.875, 13.875 ], "texture": "#spsa_atlas" },
				"west": { "uv": [ 12.5, 9.75, 12.625, 9.875 ], "texture": "#spsa_atlas" },
				"east": { "uv": [ 12.625, 10.125, 12.5, 10.25 ], "texture": "#spsa_atlas" }
			}
		},
		{
			"__comment": "Voxels",
			"from": [ 7.625, 7.5, 13 ],
			"to": [ 7.75, 8.875, 13.125 ],
			"faces": {
				"down": { "uv": [ 12.5, 10.25, 12.625, 10.375 ], "texture": "#spsa_atlas" },
				"up": { "uv": [ 12.5, 10.5, 12.625, 10.375 ], "texture": "#spsa_atlas" },
				"north": { "uv": [ 8, 9.875, 7.875, 11.25 ], "texture": "#spsa_atlas" },
				"south": { "uv": [ 8, 9.875, 8.125, 11.25 ], "texture": "#spsa_atlas" },
				"west": { "uv": [ 8.125, 9.875, 8.25, 11.25 ], "texture": "#spsa_atlas" },
				"east": { "uv": [ 7.75, 9.875, 7.625, 11.25 ], "texture": "#spsa_atlas" }
			}
		},
		{
			"__comment": "Voxels",
			"from": [ 7.625, 7.625, 12.875 ],
			"to": [ 8.375, 7.875, 13 ],
			"faces": {
				"down": { "uv": [ 11.375, 13.875, 12.125, 14 ], "texture": "#spsa_atlas" },
				"up": { "uv": [ 14.375, 13.875, 15.125, 13.75 ], "texture": "#spsa_atlas" },
				"north": { "uv": [ 8.375, 14.25, 7.625, 14.5 ], "texture": "#spsa_atlas" },
				"south": { "uv": [ 7.625, 14, 8.375, 14.25 ], "texture": "#spsa_atlas" },
				"west": { "uv": [ 12.125, 9.625, 12.25, 9.875 ], "texture": "#spsa_atlas" },
				"east": { "uv": [ 12.25, 9.875, 12.125, 10.125 ], "texture": "#spsa_atlas" }
			}
		},
		{
			"__comment": "Voxels",
			"from": [ 7.625, 7.75, 6.25 ],
			"to": [ 8.375, 7.875, 6.625 ],
			"faces": {
				"down": { "uv": [ 6.875, 14, 7.625, 14.375 ], "texture": "#spsa_atlas" },
				"up": { "uv": [ 6.875, 15.125, 7.625, 14.75 ], "texture": "#spsa_atlas" },
				"north": { "uv": [ 14.375, 13.75, 13.625, 13.875 ], "texture": "#spsa_atlas" },
				"south": { "uv": [ 12.875, 13.75, 13.625, 13.875 ], "texture": "#spsa_atlas" },
				"west": { "uv": [ 15.625, 13, 16, 13.125 ], "texture": "#spsa_atlas" },
				"east": { "uv": [ 16, 12.875, 15.625, 13 ], "texture": "#spsa_atlas" }
			}
		},
		{
			"__comment": "Voxels",
			"from": [ 7.625, 7.875, 5.125 ],
			"to": [ 8.375, 8.125, 5.25 ],
			"faces": {
				"down": { "uv": [ 9.875, 13.75, 10.625, 13.875 ], "texture": "#spsa_atlas" },
				"up": { "uv": [ 13.625, 14, 14.375, 13.875 ], "texture": "#spsa_atlas" },
				"north": { "uv": [ 8.375, 11.75, 7.625, 12 ], "texture": "#spsa_atlas" },
				"south": { "uv": [ 7.625, 11.5, 8.375, 11.75 ], "texture": "#spsa_atlas" },
				"west": { "uv": [ 12.125, 10.125, 12.25, 10.375 ], "texture": "#spsa_atlas" },
				"east": { "uv": [ 12.25, 10.375, 12.125, 10.625 ], "texture": "#spsa_atlas" }
			}
		},
		{
			"__comment": "Voxels",
			"from": [ 7.625, 7.875, 5.25 ],
			"to": [ 8.375, 8, 5.5 ],
			"faces": {
				"down": { "uv": [ 7.625, 11.25, 8.375, 11.5 ], "texture": "#spsa_atlas" },
				"up": { "uv": [ 1.5, 8.25, 2.25, 8 ], "texture": "#spsa_atlas" },
				"north": { "uv": [ 13.625, 13.875, 12.875, 14 ], "texture": "#spsa_atlas" },
				"south": { "uv": [ 12.125, 13.875, 12.875, 14 ], "texture": "#spsa_atlas" },
				"west": { "uv": [ 12.5, 11.5, 12.75, 11.625 ], "texture": "#spsa_atlas" },
				"east": { "uv": [ 12.5, 11.5, 12.25, 11.625 ], "texture": "#spsa_atlas" }
			}
		},
		{
			"__comment": "Voxels",
			"from": [ 7.625, 7.875, 5.5 ],
			"to": [ 7.875, 8, 6 ],
			"faces": {
				"down": { "uv": [ 9.75, 14.75, 10, 15.25 ], "texture": "#spsa_atlas" },
				"up": { "uv": [ 10, 15.25, 10.25, 14.75 ], "texture": "#spsa_atlas" },
				"north": { "uv": [ 14.25, 12, 14, 12.125 ], "texture": "#spsa_atlas" },
				"south": { "uv": [ 15.625, 11.625, 15.875, 11.75 ], "texture": "#spsa_atlas" },
				"west": { "uv": [ 12.375, 12.625, 12.875, 12.75 ], "texture": "#spsa_atlas" },
				"east": { "uv": [ 13.375, 12.625, 12.875, 12.75 ], "texture": "#spsa_atlas" }
			}
		},
		{
			"__comment": "Voxels",
			"from": [ 7.625, 7.875, 6 ],
			"to": [ 7.75, 9, 7.25 ],
			"faces": {
				"down": { "uv": [ 7.625, 8, 7.75, 9.25 ], "texture": "#spsa_atlas" },
				"up": { "uv": [ 7.75, 9.25, 7.875, 8 ], "texture": "#spsa_atlas" },
				"north": { "uv": [ 8.5, 14.125, 8.375, 15.25 ], "texture": "#spsa_atlas" },
				"south": { "uv": [ 8.5, 11.875, 8.625, 13 ], "texture": "#spsa_atlas" },
				"west": { "uv": [ 0, 8, 1.25, 9.125 ], "texture": "#spsa_atlas" },
				"east": { "uv": [ 2.75, 10.25, 1.5, 11.375 ], "texture": "#spsa_atlas" }
			}
		},
		{
			"__comment": "Voxels",
			"from": [ 7.625, 7.875, 8.25 ],
			"to": [ 8.375, 8, 9 ],
			"faces": {
				"down": { "uv": [ 5.125, 11.375, 5.875, 12.125 ], "texture": "#spsa_atlas" },
				"up": { "uv": [ 3.625, 10.25, 4.375, 9.5 ], "texture": "#spsa_atlas" },
				"north": { "uv": [ 11.375, 13.875, 10.625, 14 ], "texture": "#spsa_atlas" },
				"south": { "uv": [ 9.875, 13.875, 10.625, 14 ], "texture": "#spsa_atlas" },
				"west": { "uv": [ 15, 14.25, 15.75, 14.375 ], "texture": "#spsa_atlas" },
				"east": { "uv": [ 15, 14, 14.25, 14.125 ], "texture": "#spsa_atlas" }
			}
		},
		{
			"__comment": "Voxels",
			"from": [ 7.625, 7.875, 9 ],
			"to": [ 7.875, 8, 9.25 ],
			"faces": {
				"down": { "uv": [ 11.125, 8.75, 11.375, 9 ], "texture": "#spsa_atlas" },
				"up": { "uv": [ 11.125, 8.75, 11.375, 8.5 ], "texture": "#spsa_atlas" },
				"north": { "uv": [ 15.625, 11.625, 15.375, 11.75 ], "texture": "#spsa_atlas" },
				"south": { "uv": [ 15.125, 11.625, 15.375, 11.75 ], "texture": "#spsa_atlas" },
				"west": { "uv": [ 14.875, 11.625, 15.125, 11.75 ], "texture": "#spsa_atlas" },
				"east": { "uv": [ 14.875, 11.625, 14.625, 11.75 ], "texture": "#spsa_atlas" }
			}
		},
		{
			"__comment": "Voxels",
			"from": [ 7.625, 7.875, 12.75 ],
			"to": [ 8.375, 8.125, 12.875 ],
			"faces": {
				"down": { "uv": [ 13.5, 14.125, 14.25, 14.25 ], "texture": "#spsa_atlas" },
				"up": { "uv": [ 13.5, 14.375, 14.25, 14.25 ], "texture": "#spsa_atlas" },
				"north": { "uv": [ 8.375, 14.75, 7.625, 15 ], "texture": "#spsa_atlas" },
				"south": { "uv": [ 7.625, 14.5, 8.375, 14.75 ], "texture": "#spsa_atlas" },
				"west": { "uv": [ 12.125, 10.625, 12.25, 10.875 ], "texture": "#spsa_atlas" },
				"east": { "uv": [ 12.25, 10.875, 12.125, 11.125 ], "texture": "#spsa_atlas" }
			}
		},
		{
			"__comment": "Voxels",
			"from": [ 7.625, 7.875, 12.875 ],
			"to": [ 7.75, 9, 13 ],
			"faces": {
				"down": { "uv": [ 12.375, 9, 12.5, 9.125 ], "texture": "#spsa_atlas" },
				"up": { "uv": [ 13.875, 11.5, 14, 11.375 ], "texture": "#spsa_atlas" },
				"north": { "uv": [ 8.5, 13, 8.375, 14.125 ], "texture": "#spsa_atlas" },
				"south": { "uv": [ 8.375, 11.875, 8.5, 13 ], "texture": "#spsa_atlas" },
				"west": { "uv": [ 8.375, 10.75, 8.5, 11.875 ], "texture": "#spsa_atlas" },
				"east": { "uv": [ 8.5, 9.625, 8.375, 10.75 ], "texture": "#spsa_atlas" }
			}
		},
		{
			"__comment": "Voxels",
			"from": [ 7.625, 7.875, 13.375 ],
			"to": [ 8.375, 8.125, 13.5 ],
			"faces": {
				"down": { "uv": [ 11.5, 14, 12.25, 14.125 ], "texture": "#spsa_atlas" },
				"up": { "uv": [ 11.5, 14.25, 12.25, 14.125 ], "texture": "#spsa_atlas" },
				"north": { "uv": [ 8.375, 13.75, 7.625, 14 ], "texture": "#spsa_atlas" },
				"south": { "uv": [ 7.625, 13.5, 8.375, 13.75 ], "texture": "#spsa_atlas" },
				"west": { "uv": [ 12.125, 11.125, 12.25, 11.375 ], "texture": "#spsa_atlas" },
				"east": { "uv": [ 12.25, 11.375, 12.125, 11.625 ], "texture": "#spsa_atlas" }
			}
		},
		{
			"__comment": "Voxels",
			"from": [ 7.625, 8, 5.25 ],
			"to": [ 7.75, 8.625, 6 ],
			"faces": {
				"down": { "uv": [ 9.75, 11, 9.875, 11.75 ], "texture": "#spsa_atlas" },
				"up": { "uv": [ 9.75, 12.5, 9.875, 11.75 ], "texture": "#spsa_atlas" },
				"north": { "uv": [ 10.125, 10.5, 10, 11.125 ], "texture": "#spsa_atlas" },
				"south": { "uv": [ 9.875, 8, 10, 8.625 ], "texture": "#spsa_atlas" },
				"west": { "uv": [ 5.25, 9.625, 6, 10.25 ], "texture": "#spsa_atlas" },
				"east": { "uv": [ 5.125, 9, 4.375, 9.625 ], "texture": "#spsa_atlas" }
			}
		},
		{
			"__comment": "Voxels",
			"from": [ 7.625, 8, 7.25 ],
			"to": [ 7.75, 9.125, 8.75 ],
			"faces": {
				"down": { "uv": [ 7.75, 12, 7.875, 13.5 ], "texture": "#spsa_atlas" },
				"up": { "uv": [ 7.875, 13.5, 8, 12 ], "texture": "#spsa_atlas" },
				"north": { "uv": [ 8.625, 14.125, 8.5, 15.25 ], "texture": "#spsa_atlas" },
				"south": { "uv": [ 8.5, 13, 8.625, 14.125 ], "texture": "#spsa_atlas" },
				"west": { "uv": [ 0, 10.25, 1.5, 11.375 ], "texture": "#spsa_atlas" },
				"east": { "uv": [ 1.5, 9.125, 0, 10.25 ], "texture": "#spsa_atlas" }
			}
		},
		{
			"__comment": "Voxels",
			"from": [ 7.625, 8, 9.125 ],
			"to": [ 7.875, 8.125, 9.375 ],
			"faces": {
				"down": { "uv": [ 11.125, 8.25, 11.375, 8.5 ], "texture": "#spsa_atlas" },
				"up": { "uv": [ 11.125, 8.25, 11.375, 8 ], "texture": "#spsa_atlas" },
				"north": { "uv": [ 14.625, 11.625, 14.375, 11.75 ], "texture": "#spsa_atlas" },
				"south": { "uv": [ 14.125, 11.625, 14.375, 11.75 ], "texture": "#spsa_atlas" },
				"west": { "uv": [ 13.875, 11.625, 14.125, 11.75 ], "texture": "#spsa_atlas" },
				"east": { "uv": [ 13.875, 11.625, 13.625, 11.75 ], "texture": "#spsa_atlas" }
			}
		},
		{
			"__comment": "Voxels",
			"from": [ 7.625, 8.125, 8.75 ],
			"to": [ 7.75, 9.125, 8.875 ],
			"faces": {
				"down": { "uv": [ 12.5, 8.25, 12.625, 8.375 ], "texture": "#spsa_atlas" },
				"up": { "uv": [ 12.5, 8.25, 12.625, 8.125 ], "texture": "#spsa_atlas" },
				"north": { "uv": [ 9.125, 9.75, 9, 10.75 ], "texture": "#spsa_atlas" },
				"south": { "uv": [ 9, 8.75, 9.125, 9.75 ], "texture": "#spsa_atlas" },
				"west": { "uv": [ 9.125, 13.75, 9.25, 14.75 ], "texture": "#spsa_atlas" },
				"east": { "uv": [ 9.25, 12.75, 9.125, 13.75 ], "texture": "#spsa_atlas" }
			}
		},
		{
			"__comment": "Voxels",
			"from": [ 7.625, 8.125, 9 ],
			"to": [ 7.75, 9.125, 10 ],
			"faces": {
				"down": { "uv": [ 9.125, 11.75, 9.25, 12.75 ], "texture": "#spsa_atlas" },
				"up": { "uv": [ 9.125, 11.75, 9.25, 10.75 ], "texture": "#spsa_atlas" },
				"north": { "uv": [ 9.25, 9.75, 9.125, 10.75 ], "texture": "#spsa_atlas" },
				"south": { "uv": [ 9.125, 8.75, 9.25, 9.75 ], "texture": "#spsa_atlas" },
				"west": { "uv": [ 1.5, 9.25, 2.5, 10.25 ], "texture": "#spsa_atlas" },
				"east": { "uv": [ 2.5, 8.25, 1.5, 9.25 ], "texture": "#spsa_atlas" }
			}
		},
		{
			"__comment": "Voxels",
			"from": [ 7.625, 8.125, 10 ],
			"to": [ 7.75, 9, 12.875 ],
			"faces": {
				"down": { "uv": [ 6.25, 8.125, 6.375, 11 ], "texture": "#spsa_atlas" },
				"up": { "uv": [ 6.125, 11, 6.25, 8.125 ], "texture": "#spsa_atlas" },
				"north": { "uv": [ 9.625, 9.125, 9.5, 10 ], "texture": "#spsa_atlas" },
				"south": { "uv": [ 9.375, 9.125, 9.5, 10 ], "texture": "#spsa_atlas" },
				"west": { "uv": [ 0, 14.25, 2.875, 15.125 ], "texture": "#spsa_atlas" },
				"east": { "uv": [ 2.875, 15.125, 0, 16 ], "texture": "#spsa_atlas" }
			}
		},
		{
			"__comment": "Voxels",
			"from": [ 7.625, 8.125, 13.375 ],
			"to": [ 7.75, 8.875, 13.5 ],
			"faces": {
				"down": { "uv": [ 12.75, 11.25, 12.875, 11.375 ], "texture": "#spsa_atlas" },
				"up": { "uv": [ 12.875, 11.375, 13, 11.25 ], "texture": "#spsa_atlas" },
				"north": { "uv": [ 9.25, 8, 9.125, 8.75 ], "texture": "#spsa_atlas" },
				"south": { "uv": [ 9, 8, 9.125, 8.75 ], "texture": "#spsa_atlas" },
				"west": { "uv": [ 9.875, 13, 10, 13.75 ], "texture": "#spsa_atlas" },
				"east": { "uv": [ 9.875, 8, 9.75, 8.75 ], "texture": "#spsa_atlas" }
			}
		},
		{
			"__comment": "Voxels",
			"from": [ 7.625, 8.125, 13.5 ],
			"to": [ 8.375, 8.25, 13.625 ],
			"faces": {
				"down": { "uv": [ 12.125, 13.75, 12.875, 13.875 ], "texture": "#spsa_atlas" },
				"up": { "uv": [ 11.375, 13.875, 12.125, 13.75 ], "texture": "#spsa_atlas" },
				"north": { "uv": [ 11.375, 13.75, 10.625, 13.875 ], "texture": "#spsa_atlas" },
				"south": { "uv": [ 15.125, 13.875, 15.875, 14 ], "texture": "#spsa_atlas" },
				"west": { "uv": [ 12.375, 11.375, 12.5, 11.5 ], "texture": "#spsa_atlas" },
				"east": { "uv": [ 12.375, 8, 12.25, 8.125 ], "texture": "#spsa_atlas" }
			}
		},
		{
			"__comment": "Voxels",
			"from": [ 7.625, 8.25, 8.875 ],
			"to": [ 7.75, 9.125, 9 ],
			"faces": {
				"down": { "uv": [ 12.25, 8.125, 12.375, 8.25 ], "texture": "#spsa_atlas" },
				"up": { "uv": [ 12.25, 8.375, 12.375, 8.25 ], "texture": "#spsa_atlas" },
				"north": { "uv": [ 9.75, 13.5, 9.625, 14.375 ], "texture": "#spsa_atlas" },
				"south": { "uv": [ 9.5, 8.25, 9.625, 9.125 ], "texture": "#spsa_atlas" },
				"west": { "uv": [ 9.5, 11.75, 9.625, 12.625 ], "texture": "#spsa_atlas" },
				"east": { "uv": [ 9.625, 10, 9.5, 10.875 ], "texture": "#spsa_atlas" }
			}
		},
		{
			"__comment": "Voxels",
			"from": [ 7.625, 8.25, 13.5 ],
			"to": [ 7.75, 8.75, 13.75 ],
			"faces": {
				"down": { "uv": [ 12, 9.375, 12.125, 9.625 ], "texture": "#spsa_atlas" },
				"up": { "uv": [ 11.875, 9.625, 12, 9.375 ], "texture": "#spsa_atlas" },
				"north": { "uv": [ 9, 10.125, 8.875, 10.625 ], "texture": "#spsa_atlas" },
				"south": { "uv": [ 9.625, 8, 9.75, 8.5 ], "texture": "#spsa_atlas" },
				"west": { "uv": [ 9, 14.75, 9.25, 15.25 ], "texture": "#spsa_atlas" },
				"east": { "uv": [ 11.75, 14.75, 11.5, 15.25 ], "texture": "#spsa_atlas" }
			}
		},
		{
			"__comment": "Voxels",
			"from": [ 7.625, 8.375, 5.125 ],
			"to": [ 8.375, 8.5, 5.25 ],
			"faces": {
				"down": { "uv": [ 15, 14.125, 15.75, 14.25 ], "texture": "#spsa_atlas" },
				"up": { "uv": [ 11.75, 13.75, 12.5, 13.625 ], "texture": "#spsa_atlas" },
				"north": { "uv": [ 13.25, 13.625, 12.5, 13.75 ], "texture": "#spsa_atlas" },
				"south": { "uv": [ 14.25, 14.125, 15, 14.25 ], "texture": "#spsa_atlas" },
				"west": { "uv": [ 12.25, 9.125, 12.375, 9.25 ], "texture": "#spsa_atlas" },
				"east": { "uv": [ 15.75, 11.5, 15.625, 11.625 ], "texture": "#spsa_atlas" }
			}
		},
		{
			"__comment": "Voxels",
			"from": [ 7.625, 8.625, 5.375 ],
			"to": [ 7.75, 9, 6 ],
			"faces": {
				"down": { "uv": [ 10.125, 9.875, 10.25, 10.5 ], "texture": "#spsa_atlas" },
				"up": { "uv": [ 10, 9.875, 10.125, 9.25 ], "texture": "#spsa_atlas" },
				"north": { "uv": [ 2.875, 11.5, 2.75, 11.875 ], "texture": "#spsa_atlas" },
				"south": { "uv": [ 7.5, 8.875, 7.625, 9.25 ], "texture": "#spsa_atlas" },
				"west": { "uv": [ 7, 13.125, 7.625, 13.5 ], "texture": "#spsa_atlas" },
				"east": { "uv": [ 7.625, 12.75, 7, 13.125 ], "texture": "#spsa_atlas" }
			}
		},
		{
			"__comment": "Voxels",
			"from": [ 7.625, 9, 6.375 ],
			"to": [ 8.375, 9.125, 7.25 ],
			"faces": {
				"down": { "uv": [ 4.375, 11.25, 5.125, 12.125 ], "texture": "#spsa_atlas" },
				"up": { "uv": [ 3.625, 12.125, 4.375, 11.25 ], "texture": "#spsa_atlas" },
				"north": { "uv": [ 14.25, 14, 13.5, 14.125 ], "texture": "#spsa_atlas" },
				"south": { "uv": [ 14.25, 14.25, 15, 14.375 ], "texture": "#spsa_atlas" },
				"west": { "uv": [ 9.625, 14.375, 10.5, 14.5 ], "texture": "#spsa_atlas" },
				"east": { "uv": [ 11.375, 14.375, 10.5, 14.5 ], "texture": "#spsa_atlas" }
			}
		},
		{
			"__comment": "Voxels",
			"from": [ 7.75, 6.625, 13.375 ],
			"to": [ 8.25, 6.75, 13.75 ],
			"faces": {
				"down": { "uv": [ 7, 12.375, 7.5, 12.75 ], "texture": "#spsa_atlas" },
				"up": { "uv": [ 6.375, 8.375, 6.875, 8 ], "texture": "#spsa_atlas" },
				"north": { "uv": [ 13.875, 12.625, 13.375, 12.75 ], "texture": "#spsa_atlas" },
				"south": { "uv": [ 13.875, 12.625, 14.375, 12.75 ], "texture": "#spsa_atlas" },
				"west": { "uv": [ 15, 12.25, 15.375, 12.375 ], "texture": "#spsa_atlas" },
				"east": { "uv": [ 16, 12.75, 15.625, 12.875 ], "texture": "#spsa_atlas" }
			}
		},
		{
			"__comment": "Voxels",
			"from": [ 7.75, 6.875, 13.125 ],
			"to": [ 8.25, 7, 13.25 ],
			"faces": {
				"down": { "uv": [ 14.375, 12.625, 14.875, 12.75 ], "texture": "#spsa_atlas" },
				"up": { "uv": [ 14.875, 12.75, 15.375, 12.625 ], "texture": "#spsa_atlas" },
				"north": { "uv": [ 15.875, 12.625, 15.375, 12.75 ], "texture": "#spsa_atlas" },
				"south": { "uv": [ 11.375, 12.5, 11.875, 12.625 ], "texture": "#spsa_atlas" },
				"west": { "uv": [ 15.875, 11.875, 16, 12 ], "texture": "#spsa_atlas" },
				"east": { "uv": [ 16, 12.125, 15.875, 12.25 ], "texture": "#spsa_atlas" }
			}
		},
		{
			"__comment": "Voxels",
			"from": [ 7.75, 7.125, 13 ],
			"to": [ 8.25, 7.375, 13.125 ],
			"faces": {
				"down": { "uv": [ 11.875, 12.5, 12.375, 12.625 ], "texture": "#spsa_atlas" },
				"up": { "uv": [ 12.375, 12.625, 12.875, 12.5 ], "texture": "#spsa_atlas" },
				"north": { "uv": [ 14.375, 15.25, 13.875, 15.5 ], "texture": "#spsa_atlas" },
				"south": { "uv": [ 14.375, 15.25, 14.875, 15.5 ], "texture": "#spsa_atlas" },
				"west": { "uv": [ 4.875, 12.125, 5, 12.375 ], "texture": "#spsa_atlas" },
				"east": { "uv": [ 11.875, 10, 11.75, 10.25 ], "texture": "#spsa_atlas" }
			}
		},
		{
			"__comment": "Voxels",
			"from": [ 7.75, 7.125, 13.75 ],
			"to": [ 8.25, 7.375, 13.875 ],
			"faces": {
				"down": { "uv": [ 12.875, 12.5, 13.375, 12.625 ], "texture": "#spsa_atlas" },
				"up": { "uv": [ 13.375, 12.625, 13.875, 12.5 ], "texture": "#spsa_atlas" },
				"north": { "uv": [ 15.375, 15.25, 14.875, 15.5 ], "texture": "#spsa_atlas" },
				"south": { "uv": [ 15.375, 15.25, 15.875, 15.5 ], "texture": "#spsa_atlas" },
				"west": { "uv": [ 11.75, 10.25, 11.875, 10.5 ], "texture": "#spsa_atlas" },
				"east": { "uv": [ 11.875, 10.5, 11.75, 10.75 ], "texture": "#spsa_atlas" }
			}
		},
		{
			"__comment": "Voxels",
			"from": [ 7.75, 7.25, 13.625 ],
			"to": [ 8.375, 7.375, 13.75 ],
			"faces": {
				"down": { "uv": [ 14, 13.25, 14.625, 13.375 ], "texture": "#spsa_atlas" },
				"up": { "uv": [ 10.625, 13.25, 11.25, 13.125 ], "texture": "#spsa_atlas" },
				"north": { "uv": [ 11.875, 13.125, 11.25, 13.25 ], "texture": "#spsa_atlas" },
				"south": { "uv": [ 11.875, 13.125, 12.5, 13.25 ], "texture": "#spsa_atlas" },
				"west": { "uv": [ 11.5, 8, 11.625, 8.125 ], "texture": "#spsa_atlas" },
				"east": { "uv": [ 16, 12.375, 15.875, 12.5 ], "texture": "#spsa_atlas" }
			}
		},
		{
			"__comment": "Voxels",
			"from": [ 7.75, 7.375, 12.875 ],
			"to": [ 8.25, 7.625, 13 ],
			"faces": {
				"down": { "uv": [ 13.875, 12.5, 14.375, 12.625 ], "texture": "#spsa_atlas" },
				"up": { "uv": [ 14.375, 12.625, 14.875, 12.5 ], "texture": "#spsa_atlas" },
				"north": { "uv": [ 13.25, 15, 12.75, 15.25 ], "texture": "#spsa_atlas" },
				"south": { "uv": [ 12.75, 14.75, 13.25, 15 ], "texture": "#spsa_atlas" },
				"west": { "uv": [ 11.75, 11.25, 11.875, 11.5 ], "texture": "#spsa_atlas" },
				"east": { "uv": [ 11.875, 11.5, 11.75, 11.75 ], "texture": "#spsa_atlas" }
			}
		},
		{
			"__comment": "Voxels",
			"from": [ 7.75, 7.375, 13.5 ],
			"to": [ 8.375, 7.625, 13.625 ],
			"faces": {
				"down": { "uv": [ 5.125, 9, 5.75, 9.125 ], "texture": "#spsa_atlas" },
				"up": { "uv": [ 15.375, 14.5, 16, 14.375 ], "texture": "#spsa_atlas" },
				"north": { "uv": [ 12.125, 15.25, 11.5, 15.5 ], "texture": "#spsa_atlas" },
				"south": { "uv": [ 10.875, 15.25, 11.5, 15.5 ], "texture": "#spsa_atlas" },
				"west": { "uv": [ 11.75, 11.75, 11.875, 12 ], "texture": "#spsa_atlas" },
				"east": { "uv": [ 11.75, 8, 11.625, 8.25 ], "texture": "#spsa_atlas" }
			}
		},
		{
			"__comment": "Voxels",
			"from": [ 7.75, 7.375, 13.625 ],
			"to": [ 8.25, 7.5, 13.75 ],
			"faces": {
				"down": { "uv": [ 14.875, 12.5, 15.375, 12.625 ], "texture": "#spsa_atlas" },
				"up": { "uv": [ 15.375, 12.625, 15.875, 12.5 ], "texture": "#spsa_atlas" },
				"north": { "uv": [ 11.875, 12.375, 11.375, 12.5 ], "texture": "#spsa_atlas" },
				"south": { "uv": [ 11.875, 12.375, 12.375, 12.5 ], "texture": "#spsa_atlas" },
				"west": { "uv": [ 15.875, 12.5, 16, 12.625 ], "texture": "#spsa_atlas" },
				"east": { "uv": [ 16, 12.625, 15.875, 12.75 ], "texture": "#spsa_atlas" }
			}
		},
		{
			"__comment": "Voxels",
			"from": [ 7.75, 7.625, 13.375 ],
			"to": [ 8.375, 7.75, 13.5 ],
			"faces": {
				"down": { "uv": [ 13, 13.5, 13.625, 13.625 ], "texture": "#spsa_atlas" },
				"up": { "uv": [ 13.625, 13.625, 14.25, 13.5 ], "texture": "#spsa_atlas" },
				"north": { "uv": [ 14.875, 13.5, 14.25, 13.625 ], "texture": "#spsa_atlas" },
				"south": { "uv": [ 14.875, 13.5, 15.5, 13.625 ], "texture": "#spsa_atlas" },
				"west": { "uv": [ 10.5, 8, 10.625, 8.125 ], "texture": "#spsa_atlas" },
				"east": { "uv": [ 16, 13.25, 15.875, 13.375 ], "texture": "#spsa_atlas" }
			}
		},
		{
			"__comment": "Voxels",
			"from": [ 7.75, 7.625, 13.5 ],
			"to": [ 8.25, 7.75, 13.625 ],
			"faces": {
				"down": { "uv": [ 12.375, 12.375, 12.875, 12.5 ], "texture": "#spsa_atlas" },
				"up": { "uv": [ 12.875, 12.5, 13.375, 12.375 ], "texture": "#spsa_atlas" },
				"north": { "uv": [ 13.875, 12.375, 13.375, 12.5 ], "texture": "#spsa_atlas" },
				"south": { "uv": [ 13.875, 12.375, 14.375, 12.5 ], "texture": "#spsa_atlas" },
				"west": { "uv": [ 15.875, 13.875, 16, 14 ], "texture": "#spsa_atlas" },
				"east": { "uv": [ 8.75, 8, 8.625, 8.125 ], "texture": "#spsa_atlas" }
			}
		},
		{
			"__comment": "Voxels",
			"from": [ 7.75, 7.75, 5.375 ],
			"to": [ 8.25, 7.875, 6.25 ],
			"faces": {
				"down": { "uv": [ 4.875, 8.125, 5.375, 9 ], "texture": "#spsa_atlas" },
				"up": { "uv": [ 4.375, 9, 4.875, 8.125 ], "texture": "#spsa_atlas" },
				"north": { "uv": [ 14.875, 12.375, 14.375, 12.5 ], "texture": "#spsa_atlas" },
				"south": { "uv": [ 14.875, 12.375, 15.375, 12.5 ], "texture": "#spsa_atlas" },
				"west": { "uv": [ 11.375, 14.375, 12.25, 14.5 ], "texture": "#spsa_atlas" },
				"east": { "uv": [ 13.125, 14.375, 12.25, 14.5 ], "texture": "#spsa_atlas" }
			}
		},
		{
			"__comment": "Voxels",
			"from": [ 7.75, 7.75, 6.625 ],
			"to": [ 8.25, 7.875, 7.125 ],
			"faces": {
				"down": { "uv": [ 6.375, 8.375, 6.875, 8.875 ], "texture": "#spsa_atlas" },
				"up": { "uv": [ 6.375, 9.375, 6.875, 8.875 ], "texture": "#spsa_atlas" },
				"north": { "uv": [ 15.875, 12.375, 15.375, 12.5 ], "texture": "#spsa_atlas" },
				"south": { "uv": [ 11.5, 12.25, 12, 12.375 ], "texture": "#spsa_atlas" },
				"west": { "uv": [ 12, 12.25, 12.5, 12.375 ], "texture": "#spsa_atlas" },
				"east": { "uv": [ 13, 12.25, 12.5, 12.375 ], "texture": "#spsa_atlas" }
			}
		},
		{
			"__comment": "Voxels",
			"from": [ 7.75, 7.75, 8.875 ],
			"to": [ 8.25, 7.875, 9.125 ],
			"faces": {
				"down": { "uv": [ 14.25, 15, 14.75, 15.25 ], "texture": "#spsa_atlas" },
				"up": { "uv": [ 14.25, 15, 14.75, 14.75 ], "texture": "#spsa_atlas" },
				"north": { "uv": [ 13.5, 12.25, 13, 12.375 ], "texture": "#spsa_atlas" },
				"south": { "uv": [ 13.5, 12.25, 14, 12.375 ], "texture": "#spsa_atlas" },
				"west": { "uv": [ 11.875, 10.875, 12.125, 11 ], "texture": "#spsa_atlas" },
				"east": { "uv": [ 12.125, 11, 11.875, 11.125 ], "texture": "#spsa_atlas" }
			}
		},
		{
			"__comment": "Voxels",
			"from": [ 7.75, 7.75, 12.75 ],
			"to": [ 8.25, 7.875, 12.875 ],
			"faces": {
				"down": { "uv": [ 5.625, 13.875, 6.125, 14 ], "texture": "#spsa_atlas" },
				"up": { "uv": [ 4.375, 8.125, 4.875, 8 ], "texture": "#spsa_atlas" },
				"north": { "uv": [ 5.375, 8, 4.875, 8.125 ], "texture": "#spsa_atlas" },
				"south": { "uv": [ 15.5, 15.625, 16, 15.75 ], "texture": "#spsa_atlas" },
				"west": { "uv": [ 14.875, 11.375, 15, 11.5 ], "texture": "#spsa_atlas" },
				"east": { "uv": [ 14.875, 11.375, 14.75, 11.5 ], "texture": "#spsa_atlas" }
			}
		},
		{
			"__comment": "Voxels",
			"from": [ 7.75, 7.75, 13.375 ],
			"to": [ 8.25, 7.875, 13.5 ],
			"faces": {
				"down": { "uv": [ 7.125, 8.75, 7.625, 8.875 ], "texture": "#spsa_atlas" },
				"up": { "uv": [ 15.5, 13.75, 16, 13.625 ], "texture": "#spsa_atlas" },
				"north": { "uv": [ 16, 13.5, 15.5, 13.625 ], "texture": "#spsa_atlas" },
				"south": { "uv": [ 13.125, 13.125, 13.625, 13.25 ], "texture": "#spsa_atlas" },
				"west": { "uv": [ 14.375, 11.375, 14.5, 11.5 ], "texture": "#spsa_atlas" },
				"east": { "uv": [ 14.375, 11.375, 14.25, 11.5 ], "texture": "#spsa_atlas" }
			}
		},
		{
			"__comment": "Voxels",
			"from": [ 7.75, 7.875, 6.75 ],
			"to": [ 7.875, 8, 8.25 ],
			"faces": {
				"down": { "uv": [ 8, 12, 8.125, 13.5 ], "texture": "#spsa_atlas" },
				"up": { "uv": [ 7.625, 13.5, 7.75, 12 ], "texture": "#spsa_atlas" },
				"north": { "uv": [ 14.25, 11.375, 14.125, 11.5 ], "texture": "#spsa_atlas" },
				"south": { "uv": [ 14, 11.375, 14.125, 11.5 ], "texture": "#spsa_atlas" },
				"west": { "uv": [ 12.5, 15.5, 14, 15.625 ], "texture": "#spsa_atlas" },
				"east": { "uv": [ 12.5, 15.5, 11, 15.625 ], "texture": "#spsa_atlas" }
			}
		},
		{
			"__comment": "Voxels",
			"from": [ 7.75, 8, 7.375 ],
			"to": [ 7.875, 8.125, 8.375 ],
			"faces": {
				"down": { "uv": [ 9.25, 12.75, 9.375, 13.75 ], "texture": "#spsa_atlas" },
				"up": { "uv": [ 9.25, 12.75, 9.375, 11.75 ], "texture": "#spsa_atlas" },
				"north": { "uv": [ 13.5, 11.375, 13.375, 11.5 ], "texture": "#spsa_atlas" },
				"south": { "uv": [ 13.25, 11.375, 13.375, 11.5 ], "texture": "#spsa_atlas" },
				"west": { "uv": [ 15, 15.5, 16, 15.625 ], "texture": "#spsa_atlas" },
				"east": { "uv": [ 12.375, 14.625, 11.375, 14.75 ], "texture": "#spsa_atlas" }
			}
		},
		{
			"__comment": "Voxels",
			"from": [ 7.75, 8, 9.375 ],
			"to": [ 8.25, 8.125, 11.125 ],
			"faces": {
				"down": { "uv": [ 2.875, 8.75, 3.375, 10.5 ], "texture": "#spsa_atlas" },
				"up": { "uv": [ 3.375, 15, 3.875, 13.25 ], "texture": "#spsa_atlas" },
				"north": { "uv": [ 14.125, 13.125, 13.625, 13.25 ], "texture": "#spsa_atlas" },
				"south": { "uv": [ 14.125, 13.125, 14.625, 13.25 ], "texture": "#spsa_atlas" },
				"west": { "uv": [ 13.75, 15.625, 15.5, 15.75 ], "texture": "#spsa_atlas" },
				"east": { "uv": [ 11, 15.5, 9.25, 15.625 ], "texture": "#spsa_atlas" }
			}
		},
		{
			"__comment": "Voxels",
			"from": [ 7.75, 8, 12.625 ],
			"to": [ 8.25, 8.25, 12.75 ],
			"faces": {
				"down": { "uv": [ 14.625, 13.125, 15.125, 13.25 ], "texture": "#spsa_atlas" },
				"up": { "uv": [ 15.125, 13.25, 15.625, 13.125 ], "texture": "#spsa_atlas" },
				"north": { "uv": [ 12.875, 14.5, 12.375, 14.75 ], "texture": "#spsa_atlas" },
				"south": { "uv": [ 12.875, 14.5, 13.375, 14.75 ], "texture": "#spsa_atlas" },
				"west": { "uv": [ 11.75, 10.75, 11.875, 11 ], "texture": "#spsa_atlas" },
				"east": { "uv": [ 11.875, 11, 11.75, 11.25 ], "texture": "#spsa_atlas" }
			}
		},
		{
			"__comment": "Voxels",
			"from": [ 7.75, 8, 13.5 ],
			"to": [ 8.25, 8.125, 13.625 ],
			"faces": {
				"down": { "uv": [ 10.625, 13, 11.125, 13.125 ], "texture": "#spsa_atlas" },
				"up": { "uv": [ 11.125, 13.125, 11.625, 13 ], "texture": "#spsa_atlas" },
				"north": { "uv": [ 12.125, 13, 11.625, 13.125 ], "texture": "#spsa_atlas" },
				"south": { "uv": [ 12.125, 13, 12.625, 13.125 ], "texture": "#spsa_atlas" },
				"west": { "uv": [ 12.375, 8.5, 12.5, 8.625 ], "texture": "#spsa_atlas" },
				"east": { "uv": [ 12.5, 8.625, 12.375, 8.75 ], "texture": "#spsa_atlas" }
			}
		},
		{
			"__comment": "Voxels",
			"from": [ 7.75, 8.125, 5.125 ],
			"to": [ 8.25, 8.375, 5.25 ],
			"faces": {
				"down": { "uv": [ 12.625, 13, 13.125, 13.125 ], "texture": "#spsa_atlas" },
				"up": { "uv": [ 13.125, 13.125, 13.625, 13 ], "texture": "#spsa_atlas" },
				"north": { "uv": [ 8.375, 8, 7.875, 8.25 ], "texture": "#spsa_atlas" },
				"south": { "uv": [ 13.375, 15.25, 13.875, 15.5 ], "texture": "#spsa_atlas" },
				"west": { "uv": [ 11.625, 8.75, 11.75, 9 ], "texture": "#spsa_atlas" },
				"east": { "uv": [ 11.75, 9, 11.625, 9.25 ], "texture": "#spsa_atlas" }
			}
		},
		{
			"__comment": "Voxels",
			"from": [ 7.75, 8.125, 10.25 ],
			"to": [ 7.875, 8.25, 12.625 ],
			"faces": {
				"down": { "uv": [ 6.375, 12, 6.5, 14.375 ], "texture": "#spsa_atlas" },
				"up": { "uv": [ 2.75, 14.25, 2.875, 11.875 ], "texture": "#spsa_atlas" },
				"north": { "uv": [ 12.5, 9.5, 12.375, 9.625 ], "texture": "#spsa_atlas" },
				"south": { "uv": [ 12.375, 9.625, 12.5, 9.75 ], "texture": "#spsa_atlas" },
				"west": { "uv": [ 6.875, 15.5, 9.25, 15.625 ], "texture": "#spsa_atlas" },
				"east": { "uv": [ 13.75, 15.625, 11.375, 15.75 ], "texture": "#spsa_atlas" }
			}
		},
		{
			"__comment": "Voxels",
			"from": [ 7.75, 8.125, 13.625 ],
			"to": [ 8.25, 8.875, 13.75 ],
			"faces": {
				"down": { "uv": [ 13.625, 13, 14.125, 13.125 ], "texture": "#spsa_atlas" },
				"up": { "uv": [ 14.125, 13.125, 14.625, 13 ], "texture": "#spsa_atlas" },
				"north": { "uv": [ 5.875, 8.25, 5.375, 9 ], "texture": "#spsa_atlas" },
				"south": { "uv": [ 2.875, 8, 3.375, 8.75 ], "texture": "#spsa_atlas" },
				"west": { "uv": [ 9.875, 10, 10, 10.75 ], "texture": "#spsa_atlas" },
				"east": { "uv": [ 10, 9.25, 9.875, 10 ], "texture": "#spsa_atlas" }
			}
		},
		{
			"__comment": "Voxels",
			"from": [ 7.75, 8.25, 2.375 ],
			"to": [ 8.25, 8.75, 5.125 ],
			"faces": {
				"down": { "uv": [ 2.875, 13.25, 3.375, 16 ], "texture": "#spsa_atlas" },
				"up": { "uv": [ 2.875, 13.25, 3.375, 10.5 ], "texture": "#spsa_atlas" },
				"north": { "uv": [ 6.875, 9.375, 6.375, 9.875 ], "texture": "#spsa_atlas" },
				"south": { "uv": [ 7, 13.5, 7.5, 14 ], "texture": "#spsa_atlas" },
				"west": { "uv": [ 3.375, 15, 6.125, 15.5 ], "texture": "#spsa_atlas" },
				"east": { "uv": [ 6.125, 15.5, 3.375, 16 ], "texture": "#spsa_atlas" }
			}
		},
		{
			"__comment": "Voxels",
			"from": [ 7.75, 8.25, 11.125 ],
			"to": [ 8.375, 8.375, 11.25 ],
			"faces": {
				"down": { "uv": [ 15.25, 13.25, 15.875, 13.375 ], "texture": "#spsa_atlas" },
				"up": { "uv": [ 10.875, 13.5, 11.5, 13.375 ], "texture": "#spsa_atlas" },
				"north": { "uv": [ 12.125, 13.375, 11.5, 13.5 ], "texture": "#spsa_atlas" },
				"south": { "uv": [ 12.125, 13.375, 12.75, 13.5 ], "texture": "#spsa_atlas" },
				"west": { "uv": [ 12.375, 9.75, 12.5, 9.875 ], "texture": "#spsa_atlas" },
				"east": { "uv": [ 12.5, 9.875, 12.375, 10 ], "texture": "#spsa_atlas" }
			}
		},
		{
			"__comment": "Voxels",
			"from": [ 7.75, 8.25, 11.25 ],
			"to": [ 7.875, 8.375, 11.5 ],
			"faces": {
				"down": { "uv": [ 12.25, 10.5, 12.375, 10.75 ], "texture": "#spsa_atlas" },
				"up": { "uv": [ 12.25, 11, 12.375, 10.75 ], "texture": "#spsa_atlas" },
				"north": { "uv": [ 12.625, 9.5, 12.5, 9.625 ], "texture": "#spsa_atlas" },
				"south": { "uv": [ 12.5, 9.625, 12.625, 9.75 ], "texture": "#spsa_atlas" },
				"west": { "uv": [ 12.875, 11.875, 13.125, 12 ], "texture": "#spsa_atlas" },
				"east": { "uv": [ 12.875, 11.875, 12.625, 12 ], "texture": "#spsa_atlas" }
			}
		},
		{
			"__comment": "Voxels",
			"from": [ 7.75, 8.25, 11.625 ],
			"to": [ 8.375, 8.375, 11.75 ],
			"faces": {
				"down": { "uv": [ 10.25, 13.25, 10.875, 13.375 ], "texture": "#spsa_atlas" },
				"up": { "uv": [ 13.375, 13.375, 14, 13.25 ], "texture": "#spsa_atlas" },
				"north": { "uv": [ 14, 13.375, 13.375, 13.5 ], "texture": "#spsa_atlas" },
				"south": { "uv": [ 12.125, 13.25, 12.75, 13.375 ], "texture": "#spsa_atlas" },
				"west": { "uv": [ 15.25, 11.5, 15.375, 11.625 ], "texture": "#spsa_atlas" },
				"east": { "uv": [ 12.25, 8, 12.125, 8.125 ], "texture": "#spsa_atlas" }
			}
		},
		{
			"__comment": "Voxels",
			"from": [ 7.75, 8.25, 11.875 ],
			"to": [ 8.375, 8.375, 12.125 ],
			"faces": {
				"down": { "uv": [ 12.125, 15.25, 12.75, 15.5 ], "texture": "#spsa_atlas" },
				"up": { "uv": [ 12.75, 15.5, 13.375, 15.25 ], "texture": "#spsa_atlas" },
				"north": { "uv": [ 10.875, 13.375, 10.25, 13.5 ], "texture": "#spsa_atlas" },
				"south": { "uv": [ 1.875, 11.375, 2.5, 11.5 ], "texture": "#spsa_atlas" },
				"west": { "uv": [ 12.625, 11.75, 12.875, 11.875 ], "texture": "#spsa_atlas" },
				"east": { "uv": [ 12.625, 11.75, 12.375, 11.875 ], "texture": "#spsa_atlas" }
			}
		},
		{
			"__comment": "Voxels",
			"from": [ 7.75, 8.375, 2.25 ],
			"to": [ 8.25, 8.5, 2.375 ],
			"faces": {
				"down": { "uv": [ 14.625, 13, 15.125, 13.125 ], "texture": "#spsa_atlas" },
				"up": { "uv": [ 15.125, 13.125, 15.625, 13 ], "texture": "#spsa_atlas" },
				"north": { "uv": [ 11.125, 12.875, 10.625, 13 ], "texture": "#spsa_atlas" },
				"south": { "uv": [ 11.125, 12.875, 11.625, 13 ], "texture": "#spsa_atlas" },
				"west": { "uv": [ 12.375, 10.5, 12.5, 10.625 ], "texture": "#spsa_atlas" },
				"east": { "uv": [ 12.5, 10.625, 12.375, 10.75 ], "texture": "#spsa_atlas" }
			}
		},
		{
			"__comment": "Voxels",
			"from": [ 7.75, 8.375, 5.25 ],
			"to": [ 7.875, 9, 5.375 ],
			"faces": {
				"down": { "uv": [ 12.25, 9, 12.375, 9.125 ], "texture": "#spsa_atlas" },
				"up": { "uv": [ 12.25, 9.375, 12.375, 9.25 ], "texture": "#spsa_atlas" },
				"north": { "uv": [ 6.125, 9.625, 6, 10.25 ], "texture": "#spsa_atlas" },
				"south": { "uv": [ 9.875, 8.625, 10, 9.25 ], "texture": "#spsa_atlas" },
				"west": { "uv": [ 10.125, 10.5, 10.25, 11.125 ], "texture": "#spsa_atlas" },
				"east": { "uv": [ 10.125, 9.875, 10, 10.5 ], "texture": "#spsa_atlas" }
			}
		},
		{
			"__comment": "Voxels",
			"from": [ 7.75, 8.375, 13.75 ],
			"to": [ 8.25, 8.625, 13.875 ],
			"faces": {
				"down": { "uv": [ 11.625, 12.875, 12.125, 13 ], "texture": "#spsa_atlas" },
				"up": { "uv": [ 12.125, 13, 12.625, 12.875 ], "texture": "#spsa_atlas" },
				"north": { "uv": [ 13.75, 15, 13.25, 15.25 ], "texture": "#spsa_atlas" },
				"south": { "uv": [ 13.25, 14.75, 13.75, 15 ], "texture": "#spsa_atlas" },
				"west": { "uv": [ 11.75, 9, 11.875, 9.25 ], "texture": "#spsa_atlas" },
				"east": { "uv": [ 11.875, 9.25, 11.75, 9.5 ], "texture": "#spsa_atlas" }
			}
		},
		{
			"__comment": "Voxels",
			"from": [ 7.75, 8.5, 5.125 ],
			"to": [ 8.25, 8.75, 5.25 ],
			"faces": {
				"down": { "uv": [ 12.625, 12.875, 13.125, 13 ], "texture": "#spsa_atlas" },
				"up": { "uv": [ 13.125, 13, 13.625, 12.875 ], "texture": "#spsa_atlas" },
				"north": { "uv": [ 14.25, 15, 13.75, 15.25 ], "texture": "#spsa_atlas" },
				"south": { "uv": [ 13.75, 14.75, 14.25, 15 ], "texture": "#spsa_atlas" },
				"west": { "uv": [ 10.25, 8, 10.375, 8.25 ], "texture": "#spsa_atlas" },
				"east": { "uv": [ 9.375, 8, 9.25, 8.25 ], "texture": "#spsa_atlas" }
			}
		},
		{
			"__comment": "Voxels",
			"from": [ 7.75, 8.625, 2.125 ],
			"to": [ 8.25, 8.75, 2.375 ],
			"faces": {
				"down": { "uv": [ 14.75, 15, 15.25, 15.25 ], "texture": "#spsa_atlas" },
				"up": { "uv": [ 14.75, 15, 15.25, 14.75 ], "texture": "#spsa_atlas" },
				"north": { "uv": [ 14.125, 12.875, 13.625, 13 ], "texture": "#spsa_atlas" },
				"south": { "uv": [ 14.125, 12.875, 14.625, 13 ], "texture": "#spsa_atlas" },
				"west": { "uv": [ 11.875, 11.125, 12.125, 11.25 ], "texture": "#spsa_atlas" },
				"east": { "uv": [ 12.125, 11.25, 11.875, 11.375 ], "texture": "#spsa_atlas" }
			}
		},
		{
			"__comment": "Voxels",
			"from": [ 7.75, 8.75, 13.25 ],
			"to": [ 8.375, 8.875, 13.5 ],
			"faces": {
				"down": { "uv": [ 9, 15.25, 9.625, 15.5 ], "texture": "#spsa_atlas" },
				"up": { "uv": [ 8.375, 15.5, 9, 15.25 ], "texture": "#spsa_atlas" },
				"north": { "uv": [ 15.25, 13.25, 14.625, 13.375 ], "texture": "#spsa_atlas" },
				"south": { "uv": [ 12.5, 13.125, 13.125, 13.25 ], "texture": "#spsa_atlas" },
				"west": { "uv": [ 11.875, 11.375, 12.125, 11.5 ], "texture": "#spsa_atlas" },
				"east": { "uv": [ 12.125, 11.5, 11.875, 11.625 ], "texture": "#spsa_atlas" }
			}
		},
		{
			"__comment": "Voxels",
			"from": [ 7.75, 8.75, 13.5 ],
			"to": [ 8.25, 8.875, 13.625 ],
			"faces": {
				"down": { "uv": [ 14.625, 12.875, 15.125, 13 ], "texture": "#spsa_atlas" },
				"up": { "uv": [ 15.125, 13, 15.625, 12.875 ], "texture": "#spsa_atlas" },
				"north": { "uv": [ 11.125, 12.75, 10.625, 12.875 ], "texture": "#spsa_atlas" },
				"south": { "uv": [ 10.625, 12.625, 11.125, 12.75 ], "texture": "#spsa_atlas" },
				"west": { "uv": [ 12.375, 8.25, 12.5, 8.375 ], "texture": "#spsa_atlas" },
				"east": { "uv": [ 12.5, 8.375, 12.375, 8.5 ], "texture": "#spsa_atlas" }
			}
		},
		{
			"__comment": "Voxels",
			"from": [ 7.75, 8.875, 5.375 ],
			"to": [ 8.375, 9, 5.5 ],
			"faces": {
				"down": { "uv": [ 10.875, 13.25, 11.5, 13.375 ], "texture": "#spsa_atlas" },
				"up": { "uv": [ 11.5, 13.375, 12.125, 13.25 ], "texture": "#spsa_atlas" },
				"north": { "uv": [ 15.25, 13.375, 14.625, 13.5 ], "texture": "#spsa_atlas" },
				"south": { "uv": [ 15.25, 13.375, 15.875, 13.5 ], "texture": "#spsa_atlas" },
				"west": { "uv": [ 13.5, 11.375, 13.625, 11.5 ], "texture": "#spsa_atlas" },
				"east": { "uv": [ 12.375, 8.875, 12.25, 9 ], "texture": "#spsa_atlas" }
			}
		},
		{
			"__comment": "Voxels",
			"from": [ 7.75, 8.875, 10.125 ],
			"to": [ 8.375, 9, 13 ],
			"faces": {
				"down": { "uv": [ 0.625, 11.375, 1.25, 14.25 ], "texture": "#spsa_atlas" },
				"up": { "uv": [ 0, 14.25, 0.625, 11.375 ], "texture": "#spsa_atlas" },
				"north": { "uv": [ 12.375, 13.5, 11.75, 13.625 ], "texture": "#spsa_atlas" },
				"south": { "uv": [ 12.375, 13.5, 13, 13.625 ], "texture": "#spsa_atlas" },
				"west": { "uv": [ 6.375, 15.875, 9.25, 16 ], "texture": "#spsa_atlas" },
				"east": { "uv": [ 12.125, 15.875, 9.25, 16 ], "texture": "#spsa_atlas" }
			}
		},
		{
			"__comment": "Voxels",
			"from": [ 7.75, 8.875, 13 ],
			"to": [ 8.25, 9, 13.375 ],
			"faces": {
				"down": { "uv": [ 7.125, 10, 7.625, 10.375 ], "texture": "#spsa_atlas" },
				"up": { "uv": [ 7, 12.375, 7.5, 12 ], "texture": "#spsa_atlas" },
				"north": { "uv": [ 11.125, 12.5, 10.625, 12.625 ], "texture": "#spsa_atlas" },
				"south": { "uv": [ 10.625, 12.375, 11.125, 12.5 ], "texture": "#spsa_atlas" },
				"west": { "uv": [ 12, 12.125, 12.375, 12.25 ], "texture": "#spsa_atlas" },
				"east": { "uv": [ 12.75, 12.125, 12.375, 12.25 ], "texture": "#spsa_atlas" }
			}
		},
		{
			"__comment": "Voxels",
			"from": [ 7.75, 9, 5.375 ],
			"to": [ 8.25, 9.125, 6.375 ],
			"faces": {
				"down": { "uv": [ 5.625, 14, 6.125, 15 ], "texture": "#spsa_atlas" },
				"up": { "uv": [ 3.625, 9.5, 4.125, 8.5 ], "texture": "#spsa_atlas" },
				"north": { "uv": [ 11.125, 12.25, 10.625, 12.375 ], "texture": "#spsa_atlas" },
				"south": { "uv": [ 10.625, 12.125, 11.125, 12.25 ], "texture": "#spsa_atlas" },
				"west": { "uv": [ 14, 15.5, 15, 15.625 ], "texture": "#spsa_atlas" },
				"east": { "uv": [ 12.375, 14.5, 11.375, 14.625 ], "texture": "#spsa_atlas" }
			}
		},
		{
			"__comment": "Voxels",
			"from": [ 7.75, 9, 7.25 ],
			"to": [ 8.375, 9.125, 10 ],
			"faces": {
				"down": { "uv": [ 1.25, 11.5, 1.875, 14.25 ], "texture": "#spsa_atlas" },
				"up": { "uv": [ 1.875, 14.25, 2.5, 11.5 ], "texture": "#spsa_atlas" },
				"north": { "uv": [ 13.375, 13.375, 12.75, 13.5 ], "texture": "#spsa_atlas" },
				"south": { "uv": [ 12.75, 13.25, 13.375, 13.375 ], "texture": "#spsa_atlas" },
				"west": { "uv": [ 11.875, 15.75, 14.625, 15.875 ], "texture": "#spsa_atlas" },
				"east": { "uv": [ 14.875, 15.875, 12.125, 16 ], "texture": "#spsa_atlas" }
			}
		},
		{
			"__comment": "Voxels",
			"from": [ 7.75, 9, 10 ],
			"to": [ 8.25, 9.125, 10.25 ],
			"faces": {
				"down": { "uv": [ 9.875, 14.5, 10.375, 14.75 ], "texture": "#spsa_atlas" },
				"up": { "uv": [ 9.375, 14.75, 9.875, 14.5 ], "texture": "#spsa_atlas" },
				"north": { "uv": [ 11.125, 12, 10.625, 12.125 ], "texture": "#spsa_atlas" },
				"south": { "uv": [ 10.625, 11.875, 11.125, 12 ], "texture": "#spsa_atlas" },
				"west": { "uv": [ 6.625, 9.875, 6.875, 10 ], "texture": "#spsa_atlas" },
				"east": { "uv": [ 8.375, 12, 8.125, 12.125 ], "texture": "#spsa_atlas" }
			}
		},
		{
			"__comment": "Voxels",
			"from": [ 7.875, 7.625, 6.125 ],
			"to": [ 8.125, 7.75, 6.875 ],
			"faces": {
				"down": { "uv": [ 7.125, 9.25, 7.375, 10 ], "texture": "#spsa_atlas" },
				"up": { "uv": [ 7.375, 10, 7.625, 9.25 ], "texture": "#spsa_atlas" },
				"north": { "uv": [ 14.5, 12, 14.25, 12.125 ], "texture": "#spsa_atlas" },
				"south": { "uv": [ 14.5, 12, 14.75, 12.125 ], "texture": "#spsa_atlas" },
				"west": { "uv": [ 12.25, 14, 13, 14.125 ], "texture": "#spsa_atlas" },
				"east": { "uv": [ 13, 14.125, 12.25, 14.25 ], "texture": "#spsa_atlas" }
			}
		},
		{
			"__comment": "Voxels",
			"from": [ 7.875, 7.625, 12.25 ],
			"to": [ 8.125, 7.875, 12.625 ],
			"faces": {
				"down": { "uv": [ 10, 11.875, 10.25, 12.25 ], "texture": "#spsa_atlas" },
				"up": { "uv": [ 10, 12.625, 10.25, 12.25 ], "texture": "#spsa_atlas" },
				"north": { "uv": [ 2.5, 8, 2.25, 8.25 ], "texture": "#spsa_atlas" },
				"south": { "uv": [ 3.375, 8, 3.625, 8.25 ], "texture": "#spsa_atlas" },
				"west": { "uv": [ 6.5, 12, 6.875, 12.25 ], "texture": "#spsa_atlas" },
				"east": { "uv": [ 6.125, 12.125, 5.75, 12.375 ], "texture": "#spsa_atlas" }
			}
		},
		{
			"__comment": "Voxels",
			"from": [ 7.875, 7.75, 5.125 ],
			"to": [ 8.125, 7.875, 5.375 ],
			"faces": {
				"down": { "uv": [ 4.125, 8.5, 4.375, 8.75 ], "texture": "#spsa_atlas" },
				"up": { "uv": [ 15.75, 15.25, 16, 15 ], "texture": "#spsa_atlas" },
				"north": { "uv": [ 13.25, 12, 13, 12.125 ], "texture": "#spsa_atlas" },
				"south": { "uv": [ 13.25, 12, 13.5, 12.125 ], "texture": "#spsa_atlas" },
				"west": { "uv": [ 12.125, 11.875, 12.375, 12 ], "texture": "#spsa_atlas" },
				"east": { "uv": [ 12.625, 11.875, 12.375, 12 ], "texture": "#spsa_atlas" }
			}
		},
		{
			"__comment": "Voxels",
			"from": [ 7.875, 7.75, 7.125 ],
			"to": [ 8.125, 8, 7.375 ],
			"faces": {
				"down": { "uv": [ 15.75, 14.75, 16, 15 ], "texture": "#spsa_atlas" },
				"up": { "uv": [ 9.375, 8.25, 9.625, 8 ], "texture": "#spsa_atlas" },
				"north": { "uv": [ 16, 14, 15.75, 14.25 ], "texture": "#spsa_atlas" },
				"south": { "uv": [ 10.625, 11.625, 10.875, 11.875 ], "texture": "#spsa_atlas" },
				"west": { "uv": [ 10.875, 11.625, 11.125, 11.875 ], "texture": "#spsa_atlas" },
				"east": { "uv": [ 10.875, 11.375, 10.625, 11.625 ], "texture": "#spsa_atlas" }
			}
		},
		{
			"__comment": "Voxels",
			"from": [ 7.875, 7.75, 8.375 ],
			"to": [ 8.125, 7.875, 8.875 ],
			"faces": {
				"down": { "uv": [ 12.5, 14.75, 12.75, 15.25 ], "texture": "#spsa_atlas" },
				"up": { "uv": [ 12.25, 15.25, 12.5, 14.75 ], "texture": "#spsa_atlas" },
				"north": { "uv": [ 13.625, 11.75, 13.375, 11.875 ], "texture": "#spsa_atlas" },
				"south": { "uv": [ 13.625, 11.75, 13.875, 11.875 ], "texture": "#spsa_atlas" },
				"west": { "uv": [ 10.625, 11.25, 11.125, 11.375 ], "texture": "#spsa_atlas" },
				"east": { "uv": [ 11.125, 11.125, 10.625, 11.25 ], "texture": "#spsa_atlas" }
			}
		},
		{
			"__comment": "Voxels",
			"from": [ 7.875, 7.75, 9.125 ],
			"to": [ 8.125, 8, 9.25 ],
			"faces": {
				"down": { "uv": [ 15.375, 12.125, 15.625, 12.25 ], "texture": "#spsa_atlas" },
				"up": { "uv": [ 15.625, 12.25, 15.875, 12.125 ], "texture": "#spsa_atlas" },
				"north": { "uv": [ 11.125, 11.375, 10.875, 11.625 ], "texture": "#spsa_atlas" },
				"south": { "uv": [ 10.625, 10.875, 10.875, 11.125 ], "texture": "#spsa_atlas" },
				"west": { "uv": [ 11.625, 8.5, 11.75, 8.75 ], "texture": "#spsa_atlas" },
				"east": { "uv": [ 11.75, 8.25, 11.625, 8.5 ], "texture": "#spsa_atlas" }
			}
		},
		{
			"__comment": "Voxels",
			"from": [ 7.875, 7.75, 12 ],
			"to": [ 8.125, 8.25, 12.25 ],
			"faces": {
				"down": { "uv": [ 10.875, 10.875, 11.125, 11.125 ], "texture": "#spsa_atlas" },
				"up": { "uv": [ 10.625, 10.875, 10.875, 10.625 ], "texture": "#spsa_atlas" },
				"north": { "uv": [ 10.75, 14.75, 10.5, 15.25 ], "texture": "#spsa_atlas" },
				"south": { "uv": [ 10.25, 14.75, 10.5, 15.25 ], "texture": "#spsa_atlas" },
				"west": { "uv": [ 9.5, 14.75, 9.75, 15.25 ], "texture": "#spsa_atlas" },
				"east": { "uv": [ 9.5, 14.75, 9.25, 15.25 ], "texture": "#spsa_atlas" }
			}
		},
		{
			"__comment": "Voxels",
			"from": [ 7.875, 7.75, 12.625 ],
			"to": [ 8.125, 8, 12.75 ],
			"faces": {
				"down": { "uv": [ 13.875, 11.875, 14.125, 12 ], "texture": "#spsa_atlas" },
				"up": { "uv": [ 14.125, 12, 14.375, 11.875 ], "texture": "#spsa_atlas" },
				"north": { "uv": [ 11.125, 10.625, 10.875, 10.875 ], "texture": "#spsa_atlas" },
				"south": { "uv": [ 10.625, 10.375, 10.875, 10.625 ], "texture": "#spsa_atlas" },
				"west": { "uv": [ 11.75, 8.25, 11.875, 8.5 ], "texture": "#spsa_atlas" },
				"east": { "uv": [ 11.875, 8, 11.75, 8.25 ], "texture": "#spsa_atlas" }
			}
		},
		{
			"__comment": "Voxels",
			"from": [ 7.875, 7.875, 7 ],
			"to": [ 8.375, 8, 7.125 ],
			"faces": {
				"down": { "uv": [ 10.625, 10.25, 11.125, 10.375 ], "texture": "#spsa_atlas" },
				"up": { "uv": [ 10.625, 10.25, 11.125, 10.125 ], "texture": "#spsa_atlas" },
				"north": { "uv": [ 11.125, 10, 10.625, 10.125 ], "texture": "#spsa_atlas" },
				"south": { "uv": [ 10.625, 9.875, 11.125, 10 ], "texture": "#spsa_atlas" },
				"west": { "uv": [ 15.625, 11.375, 15.75, 11.5 ], "texture": "#spsa_atlas" },
				"east": { "uv": [ 12.625, 11, 12.5, 11.125 ], "texture": "#spsa_atlas" }
			}
		},
		{
			"__comment": "Voxels",
			"from": [ 7.875, 7.875, 7.375 ],
			"to": [ 8.25, 8, 8.25 ],
			"faces": {
				"down": { "uv": [ 2.5, 8.375, 2.875, 9.25 ], "texture": "#spsa_atlas" },
				"up": { "uv": [ 2.5, 10.25, 2.875, 9.375 ], "texture": "#spsa_atlas" },
				"north": { "uv": [ 12, 12.125, 11.625, 12.25 ], "texture": "#spsa_atlas" },
				"south": { "uv": [ 15.375, 12.25, 15.75, 12.375 ], "texture": "#spsa_atlas" },
				"west": { "uv": [ 14.375, 14.5, 15.25, 14.625 ], "texture": "#spsa_atlas" },
				"east": { "uv": [ 15.25, 14.625, 14.375, 14.75 ], "texture": "#spsa_atlas" }
			}
		},
		{
			"__comment": "Voxels",
			"from": [ 7.875, 7.875, 9.25 ],
			"to": [ 8.125, 8.125, 9.375 ],
			"faces": {
				"down": { "uv": [ 5.875, 12.375, 6.125, 12.5 ], "texture": "#spsa_atlas" },
				"up": { "uv": [ 5.875, 11.375, 6.125, 11.25 ], "texture": "#spsa_atlas" },
				"north": { "uv": [ 11.125, 10.375, 10.875, 10.625 ], "texture": "#spsa_atlas" },
				"south": { "uv": [ 10.625, 9.625, 10.875, 9.875 ], "texture": "#spsa_atlas" },
				"west": { "uv": [ 10.375, 8, 10.5, 8.25 ], "texture": "#spsa_atlas" },
				"east": { "uv": [ 11.75, 9.25, 11.625, 9.5 ], "texture": "#spsa_atlas" }
			}
		},
		{
			"__comment": "Voxels",
			"from": [ 7.875, 7.875, 11.625 ],
			"to": [ 8.125, 8.25, 12 ],
			"faces": {
				"down": { "uv": [ 11, 14, 11.25, 14.375 ], "texture": "#spsa_atlas" },
				"up": { "uv": [ 10.75, 14.375, 11, 14 ], "texture": "#spsa_atlas" },
				"north": { "uv": [ 10.25, 11.125, 10, 11.5 ], "texture": "#spsa_atlas" },
				"south": { "uv": [ 10, 13.375, 10.25, 13.75 ], "texture": "#spsa_atlas" },
				"west": { "uv": [ 2.5, 8, 2.875, 8.375 ], "texture": "#spsa_atlas" },
				"east": { "uv": [ 9, 14.5, 8.625, 14.875 ], "texture": "#spsa_atlas" }
			}
		},
		{
			"__comment": "Voxels",
			"from": [ 7.875, 7.875, 12.5 ],
			"to": [ 8.125, 8.375, 12.625 ],
			"faces": {
				"down": { "uv": [ 11.75, 12, 12, 12.125 ], "texture": "#spsa_atlas" },
				"up": { "uv": [ 12, 12.125, 12.25, 12 ], "texture": "#spsa_atlas" },
				"north": { "uv": [ 8.875, 13.625, 8.625, 14.125 ], "texture": "#spsa_atlas" },
				"south": { "uv": [ 8.125, 8.75, 8.375, 9.25 ], "texture": "#spsa_atlas" },
				"west": { "uv": [ 4.25, 8, 4.375, 8.5 ], "texture": "#spsa_atlas" },
				"east": { "uv": [ 7.625, 13.5, 7.5, 14 ], "texture": "#spsa_atlas" }
			}
		},
		{
			"__comment": "Voxels",
			"from": [ 7.875, 8, 7.625 ],
			"to": [ 8.375, 8.125, 7.875 ],
			"faces": {
				"down": { "uv": [ 13.875, 14.5, 14.375, 14.75 ], "texture": "#spsa_atlas" },
				"up": { "uv": [ 13.375, 14.75, 13.875, 14.5 ], "texture": "#spsa_atlas" },
				"north": { "uv": [ 11.125, 9.5, 10.625, 9.625 ], "texture": "#spsa_atlas" },
				"south": { "uv": [ 10.625, 9.375, 11.125, 9.5 ], "texture": "#spsa_atlas" },
				"west": { "uv": [ 15.75, 12, 16, 12.125 ], "texture": "#spsa_atlas" },
				"east": { "uv": [ 12.125, 11.875, 11.875, 12 ], "texture": "#spsa_atlas" }
			}
		},
		{
			"__comment": "Voxels",
			"from": [ 7.875, 8, 11.125 ],
			"to": [ 8.125, 8.25, 11.625 ],
			"faces": {
				"down": { "uv": [ 9.375, 13.5, 9.625, 14 ], "texture": "#spsa_atlas" },
				"up": { "uv": [ 9.375, 14.5, 9.625, 14 ], "texture": "#spsa_atlas" },
				"north": { "uv": [ 11.125, 9.625, 10.875, 9.875 ], "texture": "#spsa_atlas" },
				"south": { "uv": [ 10.625, 9.125, 10.875, 9.375 ], "texture": "#spsa_atlas" },
				"west": { "uv": [ 10.875, 14.5, 11.375, 14.75 ], "texture": "#spsa_atlas" },
				"east": { "uv": [ 10.875, 14.5, 10.375, 14.75 ], "texture": "#spsa_atlas" }
			}
		},
		{
			"__comment": "Voxels",
			"from": [ 7.875, 8.125, 2.375 ],
			"to": [ 8.125, 8.25, 5.125 ],
			"faces": {
				"down": { "uv": [ 3.375, 9.375, 3.625, 12.125 ], "texture": "#spsa_atlas" },
				"up": { "uv": [ 2.5, 14.25, 2.75, 11.5 ], "texture": "#spsa_atlas" },
				"north": { "uv": [ 13.375, 11.875, 13.125, 12 ], "texture": "#spsa_atlas" },
				"south": { "uv": [ 11.875, 11.75, 12.125, 11.875 ], "texture": "#spsa_atlas" },
				"west": { "uv": [ 6.375, 15.75, 9.125, 15.875 ], "texture": "#spsa_atlas" },
				"east": { "uv": [ 11.875, 15.75, 9.125, 15.875 ], "texture": "#spsa_atlas" }
			}
		},
		{
			"__comment": "Voxels",
			"from": [ 7.875, 8.125, 11 ],
			"to": [ 8.375, 8.25, 11.125 ],
			"faces": {
				"down": { "uv": [ 10.625, 9, 11.125, 9.125 ], "texture": "#spsa_atlas" },
				"up": { "uv": [ 10.625, 9, 11.125, 8.875 ], "texture": "#spsa_atlas" },
				"north": { "uv": [ 11.125, 8.75, 10.625, 8.875 ], "texture": "#spsa_atlas" },
				"south": { "uv": [ 10.625, 8.625, 11.125, 8.75 ], "texture": "#spsa_atlas" },
				"west": { "uv": [ 15.75, 11.375, 15.875, 11.5 ], "texture": "#spsa_atlas" },
				"east": { "uv": [ 16, 11.375, 15.875, 11.5 ], "texture": "#spsa_atlas" }
			}
		},
		{
			"__comment": "Voxels",
			"from": [ 7.875, 8.125, 12.25 ],
			"to": [ 8.375, 8.25, 12.5 ],
			"faces": {
				"down": { "uv": [ 15.25, 14.75, 15.75, 15 ], "texture": "#spsa_atlas" },
				"up": { "uv": [ 15.25, 15.25, 15.75, 15 ], "texture": "#spsa_atlas" },
				"north": { "uv": [ 11.125, 8.5, 10.625, 8.625 ], "texture": "#spsa_atlas" },
				"south": { "uv": [ 10.625, 8.375, 11.125, 8.5 ], "texture": "#spsa_atlas" },
				"west": { "uv": [ 11.875, 10.25, 12.125, 10.375 ], "texture": "#spsa_atlas" },
				"east": { "uv": [ 12.125, 10.125, 11.875, 10.25 ], "texture": "#spsa_atlas" }
			}
		},
		{
			"__comment": "Voxels",
			"from": [ 7.875, 8.25, 2.25 ],
			"to": [ 8.125, 8.375, 2.375 ],
			"faces": {
				"down": { "uv": [ 11.875, 9, 12.125, 9.125 ], "texture": "#spsa_atlas" },
				"up": { "uv": [ 11.875, 9, 12.125, 8.875 ], "texture": "#spsa_atlas" },
				"north": { "uv": [ 12.125, 8, 11.875, 8.125 ], "texture": "#spsa_atlas" },
				"south": { "uv": [ 12.125, 11.75, 12.375, 11.875 ], "texture": "#spsa_atlas" },
				"west": { "uv": [ 12.5, 9.25, 12.625, 9.375 ], "texture": "#spsa_atlas" },
				"east": { "uv": [ 12.625, 9.125, 12.5, 9.25 ], "texture": "#spsa_atlas" }
			}
		},
		{
			"__comment": "Voxels",
			"from": [ 7.875, 8.25, 11.375 ],
			"to": [ 8.375, 8.375, 11.5 ],
			"faces": {
				"down": { "uv": [ 10.625, 8.25, 11.125, 8.375 ], "texture": "#spsa_atlas" },
				"up": { "uv": [ 10.625, 8.25, 11.125, 8.125 ], "texture": "#spsa_atlas" },
				"north": { "uv": [ 11.125, 8, 10.625, 8.125 ], "texture": "#spsa_atlas" },
				"south": { "uv": [ 11.125, 12.75, 11.625, 12.875 ], "texture": "#spsa_atlas" },
				"west": { "uv": [ 15.75, 11.5, 15.875, 11.625 ], "texture": "#spsa_atlas" },
				"east": { "uv": [ 6.625, 9.875, 6.5, 10 ], "texture": "#spsa_atlas" }
			}
		},
		{
			"__comment": "Voxels",
			"from": [ 7.875, 8.25, 12.125 ],
			"to": [ 8.125, 8.375, 12.5 ],
			"faces": {
				"down": { "uv": [ 13.25, 14, 13.5, 14.375 ], "texture": "#spsa_atlas" },
				"up": { "uv": [ 13, 14.375, 13.25, 14 ], "texture": "#spsa_atlas" },
				"north": { "uv": [ 6.375, 8, 6.125, 8.125 ], "texture": "#spsa_atlas" },
				"south": { "uv": [ 15.75, 15.75, 16, 15.875 ], "texture": "#spsa_atlas" },
				"west": { "uv": [ 5.75, 9, 6.125, 9.125 ], "texture": "#spsa_atlas" },
				"east": { "uv": [ 16, 13.125, 15.625, 13.25 ], "texture": "#spsa_atlas" }
			}
		},
		{
			"__comment": "Voxels",
			"from": [ 7.875, 8.5, 2.125 ],
			"to": [ 8.125, 8.625, 2.375 ],
			"faces": {
				"down": { "uv": [ 10.875, 9.125, 11.125, 9.375 ], "texture": "#spsa_atlas" },
				"up": { "uv": [ 11.125, 12.75, 11.375, 12.5 ], "texture": "#spsa_atlas" },
				"north": { "uv": [ 8.375, 8.625, 8.125, 8.75 ], "texture": "#spsa_atlas" },
				"south": { "uv": [ 8.75, 8, 9, 8.125 ], "texture": "#spsa_atlas" },
				"west": { "uv": [ 15.75, 14.25, 16, 14.375 ], "texture": "#spsa_atlas" },
				"east": { "uv": [ 16, 12.25, 15.75, 12.375 ], "texture": "#spsa_atlas" }
			}
		},
		{
			"__comment": "Voxels",
			"from": [ 7.875, 8.5, 5.25 ],
			"to": [ 8.375, 8.625, 5.375 ],
			"faces": {
				"down": { "uv": [ 11.625, 12.75, 12.125, 12.875 ], "texture": "#spsa_atlas" },
				"up": { "uv": [ 12.125, 12.875, 12.625, 12.75 ], "texture": "#spsa_atlas" },
				"north": { "uv": [ 13.125, 12.75, 12.625, 12.875 ], "texture": "#spsa_atlas" },
				"south": { "uv": [ 13.125, 12.75, 13.625, 12.875 ], "texture": "#spsa_atlas" },
				"west": { "uv": [ 15.875, 13.75, 16, 13.875 ], "texture": "#spsa_atlas" },
				"east": { "uv": [ 16, 13.375, 15.875, 13.5 ], "texture": "#spsa_atlas" }
			}
		},
		{
			"__comment": "Voxels",
			"from": [ 7.875, 8.625, 5.25 ],
			"to": [ 8.25, 9, 5.375 ],
			"faces": {
				"down": { "uv": [ 12.75, 12.125, 13.125, 12.25 ], "texture": "#spsa_atlas" },
				"up": { "uv": [ 13.125, 12.25, 13.5, 12.125 ], "texture": "#spsa_atlas" },
				"north": { "uv": [ 9, 14.125, 8.625, 14.5 ], "texture": "#spsa_atlas" },
				"south": { "uv": [ 7.125, 8.875, 7.5, 9.25 ], "texture": "#spsa_atlas" },
				"west": { "uv": [ 11.625, 11.75, 11.75, 12.125 ], "texture": "#spsa_atlas" },
				"east": { "uv": [ 11.75, 11.375, 11.625, 11.75 ], "texture": "#spsa_atlas" }
			}
		},
		{
			"__comment": "Voxels",
			"from": [ 7.875, 8.75, 2.125 ],
			"to": [ 8.125, 9, 2.75 ],
			"faces": {
				"down": { "uv": [ 8.125, 9.25, 8.375, 9.875 ], "texture": "#spsa_atlas" },
				"up": { "uv": [ 7.875, 9.25, 8.125, 8.625 ], "texture": "#spsa_atlas" },
				"north": { "uv": [ 11.375, 12.25, 11.125, 12.5 ], "texture": "#spsa_atlas" },
				"south": { "uv": [ 11.125, 12, 11.375, 12.25 ], "texture": "#spsa_atlas" },
				"west": { "uv": [ 9.625, 15.25, 10.25, 15.5 ], "texture": "#spsa_atlas" },
				"east": { "uv": [ 10.875, 15.25, 10.25, 15.5 ], "texture": "#spsa_atlas" }
			}
		},
		{
			"__comment": "Voxels",
			"from": [ 7.875, 8.75, 2.75 ],
			"to": [ 8.125, 8.875, 5.25 ],
			"faces": {
				"down": { "uv": [ 6.125, 11, 6.375, 13.5 ], "texture": "#spsa_atlas" },
				"up": { "uv": [ 6.125, 16, 6.375, 13.5 ], "texture": "#spsa_atlas" },
				"north": { "uv": [ 12.5, 12, 12.25, 12.125 ], "texture": "#spsa_atlas" },
				"south": { "uv": [ 12.5, 12, 12.75, 12.125 ], "texture": "#spsa_atlas" },
				"west": { "uv": [ 8.875, 15.625, 11.375, 15.75 ], "texture": "#spsa_atlas" },
				"east": { "uv": [ 8.875, 15.625, 6.375, 15.75 ], "texture": "#spsa_atlas" }
			}
		},
		{
			"__comment": "Voxels",
			"from": [ 7.875, 8.875, 2.875 ],
			"to": [ 8.125, 9.25, 3.25 ],
			"faces": {
				"down": { "uv": [ 11.25, 14, 11.5, 14.375 ], "texture": "#spsa_atlas" },
				"up": { "uv": [ 10, 11.875, 10.25, 11.5 ], "texture": "#spsa_atlas" },
				"north": { "uv": [ 10.25, 12.625, 10, 13 ], "texture": "#spsa_atlas" },
				"south": { "uv": [ 10, 13, 10.25, 13.375 ], "texture": "#spsa_atlas" },
				"west": { "uv": [ 8.625, 14.875, 9, 15.25 ], "texture": "#spsa_atlas" },
				"east": { "uv": [ 8.25, 8.25, 7.875, 8.625 ], "texture": "#spsa_atlas" }
			}
		},
		{
			"__comment": "Voxels",
			"from": [ 7.875, 8.875, 3.625 ],
			"to": [ 8.125, 9, 4.25 ],
			"faces": {
				"down": { "uv": [ 7.625, 9.25, 7.875, 9.875 ], "texture": "#spsa_atlas" },
				"up": { "uv": [ 7.875, 9.875, 8.125, 9.25 ], "texture": "#spsa_atlas" },
				"north": { "uv": [ 13.75, 12, 13.5, 12.125 ], "texture": "#spsa_atlas" },
				"south": { "uv": [ 13.75, 12, 14, 12.125 ], "texture": "#spsa_atlas" },
				"west": { "uv": [ 14, 13.375, 14.625, 13.5 ], "texture": "#spsa_atlas" },
				"east": { "uv": [ 1.875, 11.375, 1.25, 11.5 ], "texture": "#spsa_atlas" }
			}
		},
		{
			"__comment": "Voxels",
			"from": [ 7.875, 9.125, 9.625 ],
			"to": [ 8.125, 9.25, 9.875 ],
			"faces": {
				"down": { "uv": [ 11.125, 11.75, 11.375, 12 ], "texture": "#spsa_atlas" },
				"up": { "uv": [ 11.125, 11.75, 11.375, 11.5 ], "texture": "#spsa_atlas" },
				"north": { "uv": [ 15, 12, 14.75, 12.125 ], "texture": "#spsa_atlas" },
				"south": { "uv": [ 15, 12, 15.25, 12.125 ], "texture": "#spsa_atlas" },
				"west": { "uv": [ 15.25, 12, 15.5, 12.125 ], "texture": "#spsa_atlas" },
				"east": { "uv": [ 15.75, 12, 15.5, 12.125 ], "texture": "#spsa_atlas" }
			}
		},
		{
			"__comment": "Voxels",
			"from": [ 8, 8.875, 3.25 ],
			"to": [ 8.125, 9, 3.625 ],
			"faces": {
				"down": { "uv": [ 11.625, 11, 11.75, 11.375 ], "texture": "#spsa_atlas" },
				"up": { "uv": [ 11.625, 11, 11.75, 10.625 ], "texture": "#spsa_atlas" },
				"north": { "uv": [ 16, 11.75, 15.875, 11.875 ], "texture": "#spsa_atlas" },
				"south": { "uv": [ 15.875, 11.625, 16, 11.75 ], "texture": "#spsa_atlas" },
				"west": { "uv": [ 13.875, 12.125, 14.25, 12.25 ], "texture": "#spsa_atlas" },
				"east": { "uv": [ 14.625, 12.125, 14.25, 12.25 ], "texture": "#spsa_atlas" }
			}
		},
		{
			"__comment": "Voxels",
			"from": [ 8, 8.875, 4.25 ],
			"to": [ 8.125, 9, 4.75 ],
			"faces": {
				"down": { "uv": [ 8.375, 8, 8.5, 8.5 ], "texture": "#spsa_atlas" },
				"up": { "uv": [ 8.875, 14.125, 9, 13.625 ], "texture": "#spsa_atlas" },
				"north": { "uv": [ 15.5, 11.5, 15.375, 11.625 ], "texture": "#spsa_atlas" },
				"south": { "uv": [ 15.5, 11.5, 15.625, 11.625 ], "texture": "#spsa_atlas" },
				"west": { "uv": [ 13.625, 12.75, 14.125, 12.875 ], "texture": "#spsa_atlas" },
				"east": { "uv": [ 14.625, 12.75, 14.125, 12.875 ], "texture": "#spsa_atlas" }
			}
		},
		{
			"__comment": "Voxels",
			"from": [ 8.125, 7.875, 5.5 ],
			"to": [ 8.375, 8, 6 ],
			"faces": {
				"down": { "uv": [ 12, 14.75, 12.25, 15.25 ], "texture": "#spsa_atlas" },
				"up": { "uv": [ 11.75, 15.25, 12, 14.75 ], "texture": "#spsa_atlas" },
				"north": { "uv": [ 13.625, 11.875, 13.375, 12 ], "texture": "#spsa_atlas" },
				"south": { "uv": [ 13.625, 11.875, 13.875, 12 ], "texture": "#spsa_atlas" },
				"west": { "uv": [ 14.625, 12.75, 15.125, 12.875 ], "texture": "#spsa_atlas" },
				"east": { "uv": [ 15.625, 12.75, 15.125, 12.875 ], "texture": "#spsa_atlas" }
			}
		},
		{
			"__comment": "Voxels",
			"from": [ 8.125, 7.875, 6.75 ],
			"to": [ 8.375, 8, 7 ],
			"faces": {
				"down": { "uv": [ 11.125, 11.25, 11.375, 11.5 ], "texture": "#spsa_atlas" },
				"up": { "uv": [ 11.125, 11.25, 11.375, 11 ], "texture": "#spsa_atlas" },
				"north": { "uv": [ 14.625, 11.875, 14.375, 12 ], "texture": "#spsa_atlas" },
				"south": { "uv": [ 14.625, 11.875, 14.875, 12 ], "texture": "#spsa_atlas" },
				"west": { "uv": [ 14.875, 11.875, 15.125, 12 ], "texture": "#spsa_atlas" },
				"east": { "uv": [ 15.375, 11.875, 15.125, 12 ], "texture": "#spsa_atlas" }
			}
		},
		{
			"__comment": "Voxels",
			"from": [ 8.125, 7.875, 7.125 ],
			"to": [ 8.375, 8, 7.25 ],
			"faces": {
				"down": { "uv": [ 15.375, 11.875, 15.625, 12 ], "texture": "#spsa_atlas" },
				"up": { "uv": [ 15.625, 12, 15.875, 11.875 ], "texture": "#spsa_atlas" },
				"north": { "uv": [ 13, 12, 12.75, 12.125 ], "texture": "#spsa_atlas" },
				"south": { "uv": [ 11.875, 11.625, 12.125, 11.75 ], "texture": "#spsa_atlas" },
				"west": { "uv": [ 15.875, 11.5, 16, 11.625 ], "texture": "#spsa_atlas" },
				"east": { "uv": [ 12.375, 10.125, 12.25, 10.25 ], "texture": "#spsa_atlas" }
			}
		},
		{
			"__comment": "Voxels",
			"from": [ 8.125, 7.875, 7.25 ],
			"to": [ 8.25, 8, 7.375 ],
			"faces": {
				"down": { "uv": [ 12.25, 10, 12.375, 10.125 ], "texture": "#spsa_atlas" },
				"up": { "uv": [ 12.25, 10, 12.375, 9.875 ], "texture": "#spsa_atlas" },
				"north": { "uv": [ 12.375, 9.75, 12.25, 9.875 ], "texture": "#spsa_atlas" },
				"south": { "uv": [ 12.25, 9.625, 12.375, 9.75 ], "texture": "#spsa_atlas" },
				"west": { "uv": [ 12.25, 9.5, 12.375, 9.625 ], "texture": "#spsa_atlas" },
				"east": { "uv": [ 12.375, 9.375, 12.25, 9.5 ], "texture": "#spsa_atlas" }
			}
		},
		{
			"__comment": "Voxels",
			"from": [ 8.125, 7.875, 9 ],
			"to": [ 8.375, 8, 9.25 ],
			"faces": {
				"down": { "uv": [ 11.125, 10.75, 11.375, 11 ], "texture": "#spsa_atlas" },
				"up": { "uv": [ 11.125, 10.75, 11.375, 10.5 ], "texture": "#spsa_atlas" },
				"north": { "uv": [ 12.125, 10.75, 11.875, 10.875 ], "texture": "#spsa_atlas" },
				"south": { "uv": [ 11.875, 10.625, 12.125, 10.75 ], "texture": "#spsa_atlas" },
				"west": { "uv": [ 11.875, 10.5, 12.125, 10.625 ], "texture": "#spsa_atlas" },
				"east": { "uv": [ 12.125, 10.375, 11.875, 10.5 ], "texture": "#spsa_atlas" }
			}
		},
		{
			"__comment": "Voxels",
			"from": [ 8.125, 8, 7.375 ],
			"to": [ 8.375, 8.125, 7.625 ],
			"faces": {
				"down": { "uv": [ 11.125, 10.25, 11.375, 10.5 ], "texture": "#spsa_atlas" },
				"up": { "uv": [ 11.125, 10.25, 11.375, 10 ], "texture": "#spsa_atlas" },
				"north": { "uv": [ 12.125, 10, 11.875, 10.125 ], "texture": "#spsa_atlas" },
				"south": { "uv": [ 11.875, 9.875, 12.125, 10 ], "texture": "#spsa_atlas" },
				"west": { "uv": [ 11.875, 9.75, 12.125, 9.875 ], "texture": "#spsa_atlas" },
				"east": { "uv": [ 12.125, 9.625, 11.875, 9.75 ], "texture": "#spsa_atlas" }
			}
		},
		{
			"__comment": "Voxels",
			"from": [ 8.125, 8, 7.875 ],
			"to": [ 8.375, 8.125, 8.375 ],
			"faces": {
				"down": { "uv": [ 11, 14.75, 11.25, 15.25 ], "texture": "#spsa_atlas" },
				"up": { "uv": [ 10.75, 15.25, 11, 14.75 ], "texture": "#spsa_atlas" },
				"north": { "uv": [ 12.125, 9.25, 11.875, 9.375 ], "texture": "#spsa_atlas" },
				"south": { "uv": [ 11.875, 9.125, 12.125, 9.25 ], "texture": "#spsa_atlas" },
				"west": { "uv": [ 11.375, 12.625, 11.875, 12.75 ], "texture": "#spsa_atlas" },
				"east": { "uv": [ 12.375, 12.625, 11.875, 12.75 ], "texture": "#spsa_atlas" }
			}
		},
		{
			"__comment": "Voxels",
			"from": [ 8.125, 8, 9.125 ],
			"to": [ 8.5, 8.125, 9.25 ],
			"faces": {
				"down": { "uv": [ 15, 12.125, 15.375, 12.25 ], "texture": "#spsa_atlas" },
				"up": { "uv": [ 2.5, 11.5, 2.875, 11.375 ], "texture": "#spsa_atlas" },
				"north": { "uv": [ 2.875, 9.25, 2.5, 9.375 ], "texture": "#spsa_atlas" },
				"south": { "uv": [ 5.75, 13.25, 6.125, 13.375 ], "texture": "#spsa_atlas" },
				"west": { "uv": [ 12.25, 8.75, 12.375, 8.875 ], "texture": "#spsa_atlas" },
				"east": { "uv": [ 12.375, 8.625, 12.25, 8.75 ], "texture": "#spsa_atlas" }
			}
		},
		{
			"__comment": "Voxels",
			"from": [ 8.125, 8, 9.25 ],
			"to": [ 8.375, 8.125, 9.375 ],
			"faces": {
				"down": { "uv": [ 11.875, 8.5, 12.125, 8.625 ], "texture": "#spsa_atlas" },
				"up": { "uv": [ 11.875, 8.5, 12.125, 8.375 ], "texture": "#spsa_atlas" },
				"north": { "uv": [ 12.125, 8.25, 11.875, 8.375 ], "texture": "#spsa_atlas" },
				"south": { "uv": [ 11.875, 8.125, 12.125, 8.25 ], "texture": "#spsa_atlas" },
				"west": { "uv": [ 12.25, 8.5, 12.375, 8.625 ], "texture": "#spsa_atlas" },
				"east": { "uv": [ 12.375, 8.375, 12.25, 8.5 ], "texture": "#spsa_atlas" }
			}
		},
		{
			"__comment": "Voxels",
			"from": [ 8.125, 8.125, 10.25 ],
			"to": [ 8.375, 8.25, 11 ],
			"faces": {
				"down": { "uv": [ 5.875, 11.375, 6.125, 12.125 ], "texture": "#spsa_atlas" },
				"up": { "uv": [ 5.875, 13.25, 6.125, 12.5 ], "texture": "#spsa_atlas" },
				"north": { "uv": [ 13.125, 11.75, 12.875, 11.875 ], "texture": "#spsa_atlas" },
				"south": { "uv": [ 13.125, 11.75, 13.375, 11.875 ], "texture": "#spsa_atlas" },
				"west": { "uv": [ 15, 14, 15.75, 14.125 ], "texture": "#spsa_atlas" },
				"east": { "uv": [ 15.125, 13.875, 14.375, 14 ], "texture": "#spsa_atlas" }
			}
		},
		{
			"__comment": "Voxels",
			"from": [ 8.125, 8.125, 11.125 ],
			"to": [ 8.375, 8.25, 12.25 ],
			"faces": {
				"down": { "uv": [ 1.25, 8, 1.5, 9.125 ], "texture": "#spsa_atlas" },
				"up": { "uv": [ 3.375, 9.375, 3.625, 8.25 ], "texture": "#spsa_atlas" },
				"north": { "uv": [ 14.125, 11.75, 13.875, 11.875 ], "texture": "#spsa_atlas" },
				"south": { "uv": [ 14.125, 11.75, 14.375, 11.875 ], "texture": "#spsa_atlas" },
				"west": { "uv": [ 14.875, 15.875, 16, 16 ], "texture": "#spsa_atlas" },
				"east": { "uv": [ 15.75, 15.75, 14.625, 15.875 ], "texture": "#spsa_atlas" }
			}
		},
		{
			"__comment": "Voxels",
			"from": [ 8.125, 8.125, 12.5 ],
			"to": [ 8.375, 8.25, 12.625 ],
			"faces": {
				"down": { "uv": [ 14.375, 11.75, 14.625, 11.875 ], "texture": "#spsa_atlas" },
				"up": { "uv": [ 14.625, 11.875, 14.875, 11.75 ], "texture": "#spsa_atlas" },
				"north": { "uv": [ 15.125, 11.75, 14.875, 11.875 ], "texture": "#spsa_atlas" },
				"south": { "uv": [ 15.125, 11.75, 15.375, 11.875 ], "texture": "#spsa_atlas" },
				"west": { "uv": [ 12.5, 10.625, 12.625, 10.75 ], "texture": "#spsa_atlas" },
				"east": { "uv": [ 12.625, 10.75, 12.5, 10.875 ], "texture": "#spsa_atlas" }
			}
		},
		{
			"__comment": "Voxels",
			"from": [ 8.125, 8.25, 11.5 ],
			"to": [ 8.375, 8.375, 11.625 ],
			"faces": {
				"down": { "uv": [ 15.375, 11.75, 15.625, 11.875 ], "texture": "#spsa_atlas" },
				"up": { "uv": [ 15.625, 11.875, 15.875, 11.75 ], "texture": "#spsa_atlas" },
				"north": { "uv": [ 12.375, 11.625, 12.125, 11.75 ], "texture": "#spsa_atlas" },
				"south": { "uv": [ 12.375, 11.625, 12.625, 11.75 ], "texture": "#spsa_atlas" },
				"west": { "uv": [ 12.5, 11.125, 12.625, 11.25 ], "texture": "#spsa_atlas" },
				"east": { "uv": [ 12.625, 11.25, 12.5, 11.375 ], "texture": "#spsa_atlas" }
			}
		},
		{
			"__comment": "Voxels",
			"from": [ 8.125, 8.375, 5.25 ],
			"to": [ 8.375, 8.5, 5.375 ],
			"faces": {
				"down": { "uv": [ 12.625, 11.625, 12.875, 11.75 ], "texture": "#spsa_atlas" },
				"up": { "uv": [ 12.875, 11.75, 13.125, 11.625 ], "texture": "#spsa_atlas" },
				"north": { "uv": [ 13.375, 11.625, 13.125, 11.75 ], "texture": "#spsa_atlas" },
				"south": { "uv": [ 13.375, 11.625, 13.625, 11.75 ], "texture": "#spsa_atlas" },
				"west": { "uv": [ 12.5, 8.5, 12.625, 8.625 ], "texture": "#spsa_atlas" },
				"east": { "uv": [ 12.625, 8.875, 12.5, 9 ], "texture": "#spsa_atlas" }
			}
		},
		{
			"__comment": "Voxels",
			"from": [ 8.25, 6.75, 13.25 ],
			"to": [ 8.375, 8.75, 13.375 ],
			"faces": {
				"down": { "uv": [ 12.375, 10.125, 12.5, 10.25 ], "texture": "#spsa_atlas" },
				"up": { "uv": [ 12.375, 10.875, 12.5, 10.75 ], "texture": "#spsa_atlas" },
				"north": { "uv": [ 6.75, 10, 6.625, 12 ], "texture": "#spsa_atlas" },
				"south": { "uv": [ 6.75, 10, 6.875, 12 ], "texture": "#spsa_atlas" },
				"west": { "uv": [ 6.5, 10, 6.625, 12 ], "texture": "#spsa_atlas" },
				"east": { "uv": [ 7, 12, 6.875, 14 ], "texture": "#spsa_atlas" }
			}
		},
		{
			"__comment": "Voxels",
			"from": [ 8.25, 6.75, 13.375 ],
			"to": [ 8.375, 7.625, 13.5 ],
			"faces": {
				"down": { "uv": [ 15.5, 11.375, 15.625, 11.5 ], "texture": "#spsa_atlas" },
				"up": { "uv": [ 15.125, 11.5, 15.25, 11.375 ], "texture": "#spsa_atlas" },
				"north": { "uv": [ 9.375, 8.25, 9.25, 9.125 ], "texture": "#spsa_atlas" },
				"south": { "uv": [ 9.375, 12.625, 9.5, 13.5 ], "texture": "#spsa_atlas" },
				"west": { "uv": [ 9.625, 12.625, 9.75, 13.5 ], "texture": "#spsa_atlas" },
				"east": { "uv": [ 9.75, 11.75, 9.625, 12.625 ], "texture": "#spsa_atlas" }
			}
		},
		{
			"__comment": "Voxels",
			"from": [ 8.25, 6.75, 13.5 ],
			"to": [ 8.375, 7.375, 13.625 ],
			"faces": {
				"down": { "uv": [ 12.375, 10.875, 12.5, 11 ], "texture": "#spsa_atlas" },
				"up": { "uv": [ 12.375, 11.125, 12.5, 11 ], "texture": "#spsa_atlas" },
				"north": { "uv": [ 10.625, 10.125, 10.5, 10.75 ], "texture": "#spsa_atlas" },
				"south": { "uv": [ 10.5, 10.75, 10.625, 11.375 ], "texture": "#spsa_atlas" },
				"west": { "uv": [ 10.25, 11.375, 10.375, 12 ], "texture": "#spsa_atlas" },
				"east": { "uv": [ 10.375, 12, 10.25, 12.625 ], "texture": "#spsa_atlas" }
			}
		},
		{
			"__comment": "Voxels",
			"from": [ 8.25, 6.875, 13.625 ],
			"to": [ 8.375, 7.25, 13.75 ],
			"faces": {
				"down": { "uv": [ 12.5, 10.5, 12.625, 10.625 ], "texture": "#spsa_atlas" },
				"up": { "uv": [ 12.375, 11.25, 12.5, 11.125 ], "texture": "#spsa_atlas" },
				"north": { "uv": [ 11.625, 8.5, 11.5, 8.875 ], "texture": "#spsa_atlas" },
				"south": { "uv": [ 11.5, 8.875, 11.625, 9.25 ], "texture": "#spsa_atlas" },
				"west": { "uv": [ 11.625, 9.5, 11.75, 9.875 ], "texture": "#spsa_atlas" },
				"east": { "uv": [ 11.75, 9.875, 11.625, 10.25 ], "texture": "#spsa_atlas" }
			}
		},
		{
			"__comment": "Voxels",
			"from": [ 8.25, 7.25, 13.125 ],
			"to": [ 8.375, 8.875, 13.25 ],
			"faces": {
				"down": { "uv": [ 14.5, 11.375, 14.625, 11.5 ], "texture": "#spsa_atlas" },
				"up": { "uv": [ 12.5, 11, 12.625, 10.875 ], "texture": "#spsa_atlas" },
				"north": { "uv": [ 7, 10.375, 6.875, 12 ], "texture": "#spsa_atlas" },
				"south": { "uv": [ 7, 8.75, 7.125, 10.375 ], "texture": "#spsa_atlas" },
				"west": { "uv": [ 7.375, 10.375, 7.5, 12 ], "texture": "#spsa_atlas" },
				"east": { "uv": [ 7.25, 10.375, 7.125, 12 ], "texture": "#spsa_atlas" }
			}
		},
		{
			"__comment": "Voxels",
			"from": [ 8.25, 7.5, 13 ],
			"to": [ 8.375, 8.875, 13.125 ],
			"faces": {
				"down": { "uv": [ 12.375, 10, 12.5, 10.125 ], "texture": "#spsa_atlas" },
				"up": { "uv": [ 12.375, 9.25, 12.5, 9.125 ], "texture": "#spsa_atlas" },
				"north": { "uv": [ 8.25, 12.125, 8.125, 13.5 ], "texture": "#spsa_atlas" },
				"south": { "uv": [ 8.25, 9.875, 8.375, 11.25 ], "texture": "#spsa_atlas" },
				"west": { "uv": [ 8.25, 12.125, 8.375, 13.5 ], "texture": "#spsa_atlas" },
				"east": { "uv": [ 7.875, 9.875, 7.75, 11.25 ], "texture": "#spsa_atlas" }
			}
		},
		{
			"__comment": "Voxels",
			"from": [ 8.25, 7.875, 6 ],
			"to": [ 8.375, 9, 6.75 ],
			"faces": {
				"down": { "uv": [ 9.75, 8.75, 9.875, 9.5 ], "texture": "#spsa_atlas" },
				"up": { "uv": [ 9.875, 13, 10, 12.25 ], "texture": "#spsa_atlas" },
				"north": { "uv": [ 8.5, 8.5, 8.375, 9.625 ], "texture": "#spsa_atlas" },
				"south": { "uv": [ 2.75, 10.25, 2.875, 11.375 ], "texture": "#spsa_atlas" },
				"west": { "uv": [ 4.875, 13.875, 5.625, 15 ], "texture": "#spsa_atlas" },
				"east": { "uv": [ 4.125, 12.125, 3.375, 13.25 ], "texture": "#spsa_atlas" }
			}
		},
		{
			"__comment": "Voxels",
			"from": [ 8.25, 7.875, 12.875 ],
			"to": [ 8.375, 8.875, 13 ],
			"faces": {
				"down": { "uv": [ 12.5, 10, 12.625, 10.125 ], "texture": "#spsa_atlas" },
				"up": { "uv": [ 12.5, 10, 12.625, 9.875 ], "texture": "#spsa_atlas" },
				"north": { "uv": [ 9.125, 10.75, 9, 11.75 ], "texture": "#spsa_atlas" },
				"south": { "uv": [ 9, 11.75, 9.125, 12.75 ], "texture": "#spsa_atlas" },
				"west": { "uv": [ 9, 12.75, 9.125, 13.75 ], "texture": "#spsa_atlas" },
				"east": { "uv": [ 9.125, 13.75, 9, 14.75 ], "texture": "#spsa_atlas" }
			}
		},
		{
			"__comment": "Voxels",
			"from": [ 8.25, 8, 5.25 ],
			"to": [ 8.375, 8.375, 6 ],
			"faces": {
				"down": { "uv": [ 9.875, 11.5, 10, 12.25 ], "texture": "#spsa_atlas" },
				"up": { "uv": [ 9.875, 11.5, 10, 10.75 ], "texture": "#spsa_atlas" },
				"north": { "uv": [ 11.5, 8, 11.375, 8.375 ], "texture": "#spsa_atlas" },
				"south": { "uv": [ 8.25, 8.25, 8.375, 8.625 ], "texture": "#spsa_atlas" },
				"west": { "uv": [ 6.875, 15.125, 7.625, 15.5 ], "texture": "#spsa_atlas" },
				"east": { "uv": [ 7.625, 14.375, 6.875, 14.75 ], "texture": "#spsa_atlas" }
			}
		},
		{
			"__comment": "Voxels",
			"from": [ 8.25, 8, 6.75 ],
			"to": [ 8.375, 9, 7.375 ],
			"faces": {
				"down": { "uv": [ 10.25, 9.5, 10.375, 10.125 ], "texture": "#spsa_atlas" },
				"up": { "uv": [ 10.5, 13.25, 10.625, 12.625 ], "texture": "#spsa_atlas" },
				"north": { "uv": [ 9, 8.125, 8.875, 9.125 ], "texture": "#spsa_atlas" },
				"south": { "uv": [ 8.75, 8.125, 8.875, 9.125 ], "texture": "#spsa_atlas" },
				"west": { "uv": [ 4.875, 10.25, 5.5, 11.25 ], "texture": "#spsa_atlas" },
				"east": { "uv": [ 4.875, 10.25, 4.25, 11.25 ], "texture": "#spsa_atlas" }
			}
		},
		{
			"__comment": "Voxels",
			"from": [ 8.25, 8, 8.375 ],
			"to": [ 8.375, 9, 9 ],
			"faces": {
				"down": { "uv": [ 10.125, 9.25, 10.25, 9.875 ], "texture": "#spsa_atlas" },
				"up": { "uv": [ 10, 9.25, 10.125, 8.625 ], "texture": "#spsa_atlas" },
				"north": { "uv": [ 8.625, 8.875, 8.5, 9.875 ], "texture": "#spsa_atlas" },
				"south": { "uv": [ 9.25, 13.75, 9.375, 14.75 ], "texture": "#spsa_atlas" },
				"west": { "uv": [ 3.625, 10.25, 4.25, 11.25 ], "texture": "#spsa_atlas" },
				"east": { "uv": [ 6.125, 10.25, 5.5, 11.25 ], "texture": "#spsa_atlas" }
			}
		},
		{
			"__comment": "Voxels",
			"from": [ 8.25, 8.125, 7.375 ],
			"to": [ 8.375, 9, 8.375 ],
			"faces": {
				"down": { "uv": [ 8.5, 9.875, 8.625, 10.875 ], "texture": "#spsa_atlas" },
				"up": { "uv": [ 8.5, 11.875, 8.625, 10.875 ], "texture": "#spsa_atlas" },
				"north": { "uv": [ 9.75, 10, 9.625, 10.875 ], "texture": "#spsa_atlas" },
				"south": { "uv": [ 9.625, 10.875, 9.75, 11.75 ], "texture": "#spsa_atlas" },
				"west": { "uv": [ 3.875, 13.25, 4.875, 14.125 ], "texture": "#spsa_atlas" },
				"east": { "uv": [ 4.875, 14.125, 3.875, 15 ], "texture": "#spsa_atlas" }
			}
		},
		{
			"__comment": "Voxels",
			"from": [ 8.25, 8.125, 9 ],
			"to": [ 8.5, 8.5, 9.25 ],
			"faces": {
				"down": { "uv": [ 11.125, 9.75, 11.375, 10 ], "texture": "#spsa_atlas" },
				"up": { "uv": [ 11.125, 9.75, 11.375, 9.5 ], "texture": "#spsa_atlas" },
				"north": { "uv": [ 10.75, 14, 10.5, 14.375 ], "texture": "#spsa_atlas" },
				"south": { "uv": [ 10.25, 14, 10.5, 14.375 ], "texture": "#spsa_atlas" },
				"west": { "uv": [ 10, 14, 10.25, 14.375 ], "texture": "#spsa_atlas" },
				"east": { "uv": [ 10, 14, 9.75, 14.375 ], "texture": "#spsa_atlas" }
			}
		},
		{
			"__comment": "Voxels",
			"from": [ 8.25, 8.125, 9.25 ],
			"to": [ 8.375, 9, 10.125 ],
			"faces": {
				"down": { "uv": [ 9.25, 9.125, 9.375, 10 ], "texture": "#spsa_atlas" },
				"up": { "uv": [ 9.25, 10.875, 9.375, 10 ], "texture": "#spsa_atlas" },
				"north": { "uv": [ 9.375, 10.875, 9.25, 11.75 ], "texture": "#spsa_atlas" },
				"south": { "uv": [ 8.5, 8, 8.625, 8.875 ], "texture": "#spsa_atlas" },
				"west": { "uv": [ 5, 12.375, 5.875, 13.25 ], "texture": "#spsa_atlas" },
				"east": { "uv": [ 5, 12.375, 4.125, 13.25 ], "texture": "#spsa_atlas" }
			}
		},
		{
			"__comment": "Voxels",
			"from": [ 8.25, 8.125, 10.125 ],
			"to": [ 8.375, 8.875, 10.25 ],
			"faces": {
				"down": { "uv": [ 12.5, 9.375, 12.625, 9.5 ], "texture": "#spsa_atlas" },
				"up": { "uv": [ 12.5, 9.125, 12.625, 9 ], "texture": "#spsa_atlas" },
				"north": { "uv": [ 9.75, 9.25, 9.625, 10 ], "texture": "#spsa_atlas" },
				"south": { "uv": [ 9.625, 8.5, 9.75, 9.25 ], "texture": "#spsa_atlas" },
				"west": { "uv": [ 9.75, 13.25, 9.875, 14 ], "texture": "#spsa_atlas" },
				"east": { "uv": [ 9.875, 12.5, 9.75, 13.25 ], "texture": "#spsa_atlas" }
			}
		},
		{
			"__comment": "Voxels",
			"from": [ 8.25, 8.125, 12.625 ],
			"to": [ 8.375, 8.875, 12.875 ],
			"faces": {
				"down": { "uv": [ 12.25, 10.25, 12.375, 10.5 ], "texture": "#spsa_atlas" },
				"up": { "uv": [ 15.875, 15.5, 16, 15.25 ], "texture": "#spsa_atlas" },
				"north": { "uv": [ 9.875, 10.25, 9.75, 11 ], "texture": "#spsa_atlas" },
				"south": { "uv": [ 9.75, 9.5, 9.875, 10.25 ], "texture": "#spsa_atlas" },
				"west": { "uv": [ 5.875, 8.25, 6.125, 9 ], "texture": "#spsa_atlas" },
				"east": { "uv": [ 4.375, 8.75, 4.125, 9.5 ], "texture": "#spsa_atlas" }
			}
		},
		{
			"__comment": "Voxels",
			"from": [ 8.25, 8.125, 13.375 ],
			"to": [ 8.375, 8.75, 13.5 ],
			"faces": {
				"down": { "uv": [ 12.375, 10.375, 12.5, 10.5 ], "texture": "#spsa_atlas" },
				"up": { "uv": [ 12.375, 10.375, 12.5, 10.25 ], "texture": "#spsa_atlas" },
				"north": { "uv": [ 10.25, 8.625, 10.125, 9.25 ], "texture": "#spsa_atlas" },
				"south": { "uv": [ 10, 8, 10.125, 8.625 ], "texture": "#spsa_atlas" },
				"west": { "uv": [ 10.125, 8, 10.25, 8.625 ], "texture": "#spsa_atlas" },
				"east": { "uv": [ 10.375, 12.625, 10.25, 13.25 ], "texture": "#spsa_atlas" }
			}
		},
		{
			"__comment": "Voxels",
			"from": [ 8.25, 8.25, 10.25 ],
			"to": [ 8.375, 8.875, 11.125 ],
			"faces": {
				"down": { "uv": [ 9.375, 10, 9.5, 10.875 ], "texture": "#spsa_atlas" },
				"up": { "uv": [ 9.5, 11.75, 9.625, 10.875 ], "texture": "#spsa_atlas" },
				"north": { "uv": [ 10.375, 10.75, 10.25, 11.375 ], "texture": "#spsa_atlas" },
				"south": { "uv": [ 10.25, 10.125, 10.375, 10.75 ], "texture": "#spsa_atlas" },
				"west": { "uv": [ 4.875, 13.25, 5.75, 13.875 ], "texture": "#spsa_atlas" },
				"east": { "uv": [ 5.25, 9.625, 4.375, 10.25 ], "texture": "#spsa_atlas" }
			}
		},
		{
			"__comment": "Voxels",
			"from": [ 8.25, 8.25, 11.25 ],
			"to": [ 8.375, 8.875, 11.375 ],
			"faces": {
				"down": { "uv": [ 12.375, 8.875, 12.5, 9 ], "texture": "#spsa_atlas" },
				"up": { "uv": [ 12.375, 8.875, 12.5, 8.75 ], "texture": "#spsa_atlas" },
				"north": { "uv": [ 10.375, 8.875, 10.25, 9.5 ], "texture": "#spsa_atlas" },
				"south": { "uv": [ 10.25, 8.25, 10.375, 8.875 ], "texture": "#spsa_atlas" },
				"west": { "uv": [ 10.375, 12.625, 10.5, 13.25 ], "texture": "#spsa_atlas" },
				"east": { "uv": [ 10.5, 12, 10.375, 12.625 ], "texture": "#spsa_atlas" }
			}
		},
		{
			"__comment": "Voxels",
			"from": [ 8.25, 8.25, 11.75 ],
			"to": [ 8.375, 8.875, 11.875 ],
			"faces": {
				"down": { "uv": [ 12.375, 8.125, 12.5, 8.25 ], "texture": "#spsa_atlas" },
				"up": { "uv": [ 12.375, 8.125, 12.5, 8 ], "texture": "#spsa_atlas" },
				"north": { "uv": [ 10.5, 11.375, 10.375, 12 ], "texture": "#spsa_atlas" },
				"south": { "uv": [ 10.375, 10.75, 10.5, 11.375 ], "texture": "#spsa_atlas" },
				"west": { "uv": [ 10.375, 10.125, 10.5, 10.75 ], "texture": "#spsa_atlas" },
				"east": { "uv": [ 10.5, 9.5, 10.375, 10.125 ], "texture": "#spsa_atlas" }
			}
		},
		{
			"__comment": "Voxels",
			"from": [ 8.25, 8.25, 12.125 ],
			"to": [ 8.375, 8.875, 12.625 ],
			"faces": {
				"down": { "uv": [ 10.5, 9.625, 10.625, 10.125 ], "texture": "#spsa_atlas" },
				"up": { "uv": [ 10.5, 9.625, 10.625, 9.125 ], "texture": "#spsa_atlas" },
				"north": { "uv": [ 10.5, 8.875, 10.375, 9.5 ], "texture": "#spsa_atlas" },
				"south": { "uv": [ 10.375, 8.25, 10.5, 8.875 ], "texture": "#spsa_atlas" },
				"west": { "uv": [ 6.375, 15, 6.875, 15.625 ], "texture": "#spsa_atlas" },
				"east": { "uv": [ 6.875, 14.375, 6.375, 15 ], "texture": "#spsa_atlas" }
			}
		},
		{
			"__comment": "Voxels",
			"from": [ 8.25, 8.25, 13.5 ],
			"to": [ 8.375, 8.75, 13.75 ],
			"faces": {
				"down": { "uv": [ 11.75, 9.75, 11.875, 10 ], "texture": "#spsa_atlas" },
				"up": { "uv": [ 11.75, 9.75, 11.875, 9.5 ], "texture": "#spsa_atlas" },
				"north": { "uv": [ 10.625, 8.625, 10.5, 9.125 ], "texture": "#spsa_atlas" },
				"south": { "uv": [ 10.5, 8.125, 10.625, 8.625 ], "texture": "#spsa_atlas" },
				"west": { "uv": [ 8.625, 13.125, 8.875, 13.625 ], "texture": "#spsa_atlas" },
				"east": { "uv": [ 8.875, 12.625, 8.625, 13.125 ], "texture": "#spsa_atlas" }
			}
		},
		{
			"__comment": "Voxels",
			"from": [ 8.25, 8.375, 5.375 ],
			"to": [ 8.375, 8.875, 6 ],
			"faces": {
				"down": { "uv": [ 10.5, 12, 10.625, 12.625 ], "texture": "#spsa_atlas" },
				"up": { "uv": [ 10.5, 12, 10.625, 11.375 ], "texture": "#spsa_atlas" },
				"north": { "uv": [ 11.5, 11.875, 11.375, 12.375 ], "texture": "#spsa_atlas" },
				"south": { "uv": [ 11.375, 11.375, 11.5, 11.875 ], "texture": "#spsa_atlas" },
				"west": { "uv": [ 5.125, 9.125, 5.75, 9.625 ], "texture": "#spsa_atlas" },
				"east": { "uv": [ 4.25, 8, 3.625, 8.5 ], "texture": "#spsa_atlas" }
			}
		},
		{
			"__comment": "Voxels",
			"from": [ 8.25, 8.375, 11.125 ],
			"to": [ 8.375, 8.875, 11.25 ],
			"faces": {
				"down": { "uv": [ 15.25, 11.375, 15.375, 11.5 ], "texture": "#spsa_atlas" },
				"up": { "uv": [ 15.375, 11.5, 15.5, 11.375 ], "texture": "#spsa_atlas" },
				"north": { "uv": [ 11.5, 10.875, 11.375, 11.375 ], "texture": "#spsa_atlas" },
				"south": { "uv": [ 11.375, 10.375, 11.5, 10.875 ], "texture": "#spsa_atlas" },
				"west": { "uv": [ 11.375, 9.875, 11.5, 10.375 ], "texture": "#spsa_atlas" },
				"east": { "uv": [ 11.5, 9.375, 11.375, 9.875 ], "texture": "#spsa_atlas" }
			}
		},
		{
			"__comment": "Voxels",
			"from": [ 8.25, 8.375, 11.375 ],
			"to": [ 8.375, 8.875, 11.75 ],
			"faces": {
				"down": { "uv": [ 11.625, 10.25, 11.75, 10.625 ], "texture": "#spsa_atlas" },
				"up": { "uv": [ 11.5, 8.5, 11.625, 8.125 ], "texture": "#spsa_atlas" },
				"north": { "uv": [ 11.5, 8.875, 11.375, 9.375 ], "texture": "#spsa_atlas" },
				"south": { "uv": [ 11.375, 8.375, 11.5, 8.875 ], "texture": "#spsa_atlas" },
				"west": { "uv": [ 5.75, 9.125, 6.125, 9.625 ], "texture": "#spsa_atlas" },
				"east": { "uv": [ 6.125, 13.375, 5.75, 13.875 ], "texture": "#spsa_atlas" }
			}
		},
		{
			"__comment": "Voxels",
			"from": [ 8.25, 8.375, 11.875 ],
			"to": [ 8.375, 8.875, 12.125 ],
			"faces": {
				"down": { "uv": [ 11.75, 8.75, 11.875, 9 ], "texture": "#spsa_atlas" },
				"up": { "uv": [ 11.75, 8.75, 11.875, 8.5 ], "texture": "#spsa_atlas" },
				"north": { "uv": [ 11.625, 11.75, 11.5, 12.25 ], "texture": "#spsa_atlas" },
				"south": { "uv": [ 11.5, 11.25, 11.625, 11.75 ], "texture": "#spsa_atlas" },
				"west": { "uv": [ 8.625, 12.125, 8.875, 12.625 ], "texture": "#spsa_atlas" },
				"east": { "uv": [ 8.875, 10.625, 8.625, 11.125 ], "texture": "#spsa_atlas" }
			}
		},
		{
			"__comment": "Voxels",
			"from": [ 8.25, 8.5, 9 ],
			"to": [ 8.375, 9, 9.25 ],
			"faces": {
				"down": { "uv": [ 11.875, 8.625, 12, 8.875 ], "texture": "#spsa_atlas" },
				"up": { "uv": [ 12, 8.875, 12.125, 8.625 ], "texture": "#spsa_atlas" },
				"north": { "uv": [ 11.625, 10.75, 11.5, 11.25 ], "texture": "#spsa_atlas" },
				"south": { "uv": [ 11.5, 10.25, 11.625, 10.75 ], "texture": "#spsa_atlas" },
				"west": { "uv": [ 8.625, 10.125, 8.875, 10.625 ], "texture": "#spsa_atlas" },
				"east": { "uv": [ 11.5, 14.75, 11.25, 15.25 ], "texture": "#spsa_atlas" }
			}
		},
		{
			"__comment": "Voxels",
			"from": [ 8.25, 8.875, 5.5 ],
			"to": [ 8.375, 9, 6 ],
			"faces": {
				"down": { "uv": [ 11.5, 9.75, 11.625, 10.25 ], "texture": "#spsa_atlas" },
				"up": { "uv": [ 11.5, 9.75, 11.625, 9.25 ], "texture": "#spsa_atlas" },
				"north": { "uv": [ 12.625, 8.75, 12.5, 8.875 ], "texture": "#spsa_atlas" },
				"south": { "uv": [ 12.5, 8.625, 12.625, 8.75 ], "texture": "#spsa_atlas" },
				"west": { "uv": [ 14, 12.25, 14.5, 12.375 ], "texture": "#spsa_atlas" },
				"east": { "uv": [ 15, 12.25, 14.5, 12.375 ], "texture": "#spsa_atlas" }
			}
		},
		{
			"__comment": "Voxels",
			"from": [ 8.375, 8, 8.75 ],
			"to": [ 8.5, 8.125, 9.125 ],
			"faces": {
				"down": { "uv": [ 7.5, 12, 7.625, 12.375 ], "texture": "#spsa_atlas" },
				"up": { "uv": [ 7.5, 12.75, 7.625, 12.375 ], "texture": "#spsa_atlas" },
				"north": { "uv": [ 12.625, 8, 12.5, 8.125 ], "texture": "#spsa_atlas" },
				"south": { "uv": [ 12.625, 11.25, 12.75, 11.375 ], "texture": "#spsa_atlas" },
				"west": { "uv": [ 14.625, 12.125, 15, 12.25 ], "texture": "#spsa_atlas" },
				"east": { "uv": [ 13.875, 12.125, 13.5, 12.25 ], "texture": "#spsa_atlas" }
			}
		},
		{
			"__comment": "Voxels",
			"from": [ 8.375, 8.125, 8.875 ],
			"to": [ 8.5, 8.25, 9 ],
			"faces": {
				"down": { "uv": [ 13, 11.25, 13.125, 11.375 ], "texture": "#spsa_atlas" },
				"up": { "uv": [ 13.125, 11.375, 13.25, 11.25 ], "texture": "#spsa_atlas" },
				"north": { "uv": [ 13.375, 11.25, 13.25, 11.375 ], "texture": "#spsa_atlas" },
				"south": { "uv": [ 13.375, 11.25, 13.5, 11.375 ], "texture": "#spsa_atlas" },
				"west": { "uv": [ 13.5, 11.25, 13.625, 11.375 ], "texture": "#spsa_atlas" },
				"east": { "uv": [ 13.75, 11.25, 13.625, 11.375 ], "texture": "#spsa_atlas" }
			}
		}
	],
	"display": {
		"thirdperson_righthand": {
			"translation":  [ 0, 0.1466, -5.564 ],
			"scale":  [ 1.5, 1.6, 1.3 ]
		},
		"thirdperson_lefthand": {
			"translation":  [ 0, 0.1466, -5.564 ],
			"scale":  [ 1.5, 1.6, 1.3 ]
		},
		"firstperson_righthand": {
			"translation":  [ -3.478, 4.8695, -0.695 ],
			"scale":  [ 1.5, 1.5, 1.4 ]
		},
		"firstperson_lefthand": {
			"translation":  [ -3.478, 4.8695, -0.695 ],
			"scale":  [ 1.5, 1.5, 1.4 ]
		},
		"gui": {
			"rotation":  [ 30, 225, 0 ],
			"scale":  [ 1.4, 1.4, 1.4 ]
		},
		"ground": {
			"rotation":  [ 0, 0, -90 ],
			"translation":  [ 0, -2.782, 0 ]
		},
		"fixed": {
			"rotation":  [ 0, -90, 0 ],
			"scale":  [ 1.3, 1.3, 1.3 ]
		}
	}
}
