{
	"credit": "Made with Blockbench",
	"textures": {
		"0": "blocks/wool_colored_black",
		"1": "blocks/shulker_top_gray",
		"3": "blocks/concrete_powder_gray",
		"4": "blocks/concrete_gray",
		"6": "metaldetector/sticker",
		"particle": "blocks/wool_colored_black"
	},
	"elements": [
		{
			"from": [7, 0.125, 11],
			"to": [8.5, 0.875, 15.75],
			"rotation": {"angle": 0, "axis": "y", "origin": [7.75, 0.5, 7.25]},
			"faces": {
				"north": {"uv": [0, 0, 3, 6], "rotation": 180, "texture": "#1"},
				"east": {"uv": [0, 0, 3, 5], "rotation": 180, "texture": "#1"},
				"south": {"uv": [0, 0, 3, 6], "rotation": 180, "texture": "#1"},
				"west": {"uv": [0, 0, 3, 6], "rotation": 180, "texture": "#1"},
				"up": {"uv": [0, 0, 3, 6], "rotation": 180, "texture": "#1"},
				"down": {"uv": [0, 0, 3, 6], "rotation": 180, "texture": "#1"}
			}
		},
		{
			"from": [6.5, 0, 0.5],
			"to": [9, 1, 11],
			"rotation": {"angle": 0, "axis": "y", "origin": [7.75, 0.5, 7.25]},
			"faces": {
				"north": {"uv": [0, 0, 2, 5], "texture": "#1"},
				"east": {"uv": [0, 0, 2, 5], "texture": "#1"},
				"south": {"uv": [0, 0, 2, 5], "texture": "#1"},
				"west": {"uv": [0, 0, 2, 5], "texture": "#1"},
				"up": {"uv": [0, 0, 2, 5], "texture": "#1"},
				"down": {"uv": [0, 0, 2, 5], "texture": "#1"}
			}
		},
		{
			"from": [6.5, 1.01, 0.5],
			"to": [9, 1.01, 11],
			"rotation": {"angle": 0, "axis": "y", "origin": [7.75, 0.5, 7.25]},
			"faces": {
				"up": {"uv": [1.875, 5.6875, 14.125, 10.3125], "rotation": 90, "texture": "#6"}
			}
		},
		{
			"from": [6.5, -0.01, 0.5],
			"to": [9, -0.01, 11],
			"rotation": {"angle": 0, "axis": "y", "origin": [7.75, 0.5, 7.25]},
			"faces": {
				"down": {"uv": [1.875, 1, 14, 5.625], "rotation": 90, "texture": "#6"}
			}
		},
		{
			"from": [7.08, 0.125, 15.75],
			"to": [8.43, 0.875, 16],
			"rotation": {"angle": 0, "axis": "y", "origin": [7.75, 0.5, 7.25]},
			"faces": {
				"north": {"uv": [0, 0, 12, 5], "texture": "#0"},
				"east": {"uv": [0, 0, 12, 5], "texture": "#0"},
				"south": {"uv": [0, 0, 12, 5], "texture": "#0"},
				"west": {"uv": [0, 0, 12, 5], "texture": "#0"},
				"up": {"uv": [0, 0, 12, 5], "texture": "#0"},
				"down": {"uv": [0, 0, 12, 5], "texture": "#0"}
			}
		},
		{
			"from": [12.37652, 0.165, 12.37653],
			"to": [13.37652, 0.825, 13.37653],
			"rotation": {"angle": -45, "axis": "y", "origin": [7.75, 0.5, 7.25]},
			"faces": {
				"north": {"uv": [3, 3, 12, 13], "texture": "#3"},
				"east": {"uv": [3, 3, 12, 13], "texture": "#3"},
				"south": {"uv": [3, 3, 12, 13], "texture": "#3"},
				"west": {"uv": [3, 3, 12, 13], "texture": "#3"},
				"up": {"uv": [3, 3, 12, 13], "texture": "#3"},
				"down": {"uv": [3, 3, 12, 13], "texture": "#3"}
			}
		},
		{
			"from": [9.83311, 0.165, 13.91006],
			"to": [10.83311, 0.825, 14.91006],
			"rotation": {"angle": -22.5, "axis": "y", "origin": [7.75, 0.5, 7.25]},
			"faces": {
				"north": {"uv": [3, 3, 12, 13], "rotation": 90, "texture": "#3"},
				"east": {"uv": [3, 3, 12, 13], "rotation": 90, "texture": "#3"},
				"south": {"uv": [3, 3, 12, 13], "rotation": 90, "texture": "#3"},
				"west": {"uv": [3, 3, 12, 13], "rotation": 90, "texture": "#3"},
				"up": {"uv": [3, 3, 12, 13], "rotation": 90, "texture": "#3"},
				"down": {"uv": [3, 3, 12, 13], "rotation": 90, "texture": "#3"}
			}
		},
		{
			"from": [12.87652, 0.165, 11.87653],
			"to": [13.87652, 0.825, 12.87653],
			"rotation": {"angle": -45, "axis": "y", "origin": [7.75, 0.5, 7.25]},
			"faces": {
				"north": {"uv": [3, 3, 12, 13], "texture": "#3"},
				"east": {"uv": [3, 3, 12, 13], "texture": "#3"},
				"south": {"uv": [3, 3, 12, 13], "texture": "#3"},
				"west": {"uv": [3, 3, 12, 13], "texture": "#3"},
				"up": {"uv": [3, 3, 12, 13], "texture": "#3"},
				"down": {"uv": [3, 3, 12, 13], "texture": "#3"}
			}
		},
		{
			"from": [10.48639, 0.165, 13.63947],
			"to": [11.48639, 0.825, 14.63947],
			"rotation": {"angle": -22.5, "axis": "y", "origin": [7.75, 0.5, 7.25]},
			"faces": {
				"north": {"uv": [3, 3, 12, 13], "texture": "#3"},
				"east": {"uv": [3, 3, 12, 13], "texture": "#3"},
				"south": {"uv": [3, 3, 12, 13], "texture": "#3"},
				"west": {"uv": [3, 3, 12, 13], "texture": "#3"},
				"up": {"uv": [3, 3, 12, 13], "texture": "#3"},
				"down": {"uv": [3, 3, 12, 13], "texture": "#3"}
			}
		},
		{
			"from": [4.66689, 0.165, 13.91007],
			"to": [5.66689, 0.825, 14.91007],
			"rotation": {"angle": 22.5, "axis": "y", "origin": [7.75, 0.5, 7.25]},
			"faces": {
				"north": {"uv": [3, 3, 12, 13], "rotation": 90, "texture": "#3"},
				"east": {"uv": [3, 3, 12, 13], "rotation": 90, "texture": "#3"},
				"south": {"uv": [3, 3, 12, 13], "rotation": 90, "texture": "#3"},
				"west": {"uv": [3, 3, 12, 13], "rotation": 90, "texture": "#3"},
				"up": {"uv": [3, 3, 12, 13], "rotation": 90, "texture": "#3"},
				"down": {"uv": [3, 3, 12, 13], "rotation": 90, "texture": "#3"}
			}
		},
		{
			"from": [5.16689, 0.165, 12.66007],
			"to": [6.16689, 0.825, 13.66007],
			"rotation": {"angle": 22.5, "axis": "y", "origin": [7.75, 0.5, 7.25]},
			"faces": {
				"north": {"uv": [3, 3, 12, 13], "rotation": 90, "texture": "#3"},
				"east": {"uv": [3, 3, 12, 13], "rotation": 90, "texture": "#3"},
				"south": {"uv": [3, 3, 12, 13], "rotation": 90, "texture": "#3"},
				"west": {"uv": [3, 3, 12, 13], "rotation": 90, "texture": "#3"},
				"up": {"uv": [3, 3, 12, 13], "rotation": 90, "texture": "#3"},
				"down": {"uv": [3, 3, 12, 13], "rotation": 90, "texture": "#3"}
			}
		},
		{
			"from": [5.66689, 0.165, 11.41007],
			"to": [6.66689, 0.825, 12.41007],
			"rotation": {"angle": 22.5, "axis": "y", "origin": [7.75, 0.5, 7.25]},
			"faces": {
				"north": {"uv": [3, 3, 12, 13], "rotation": 90, "texture": "#3"},
				"east": {"uv": [3, 3, 12, 13], "rotation": 90, "texture": "#3"},
				"south": {"uv": [3, 3, 12, 13], "rotation": 90, "texture": "#3"},
				"west": {"uv": [3, 3, 12, 13], "rotation": 90, "texture": "#3"},
				"up": {"uv": [3, 3, 12, 13], "rotation": 90, "texture": "#3"},
				"down": {"uv": [3, 3, 12, 13], "rotation": 90, "texture": "#3"}
			}
		},
		{
			"from": [11.87652, 0.165, 10.87653],
			"to": [12.87652, 0.825, 11.87653],
			"rotation": {"angle": -45, "axis": "y", "origin": [7.75, 0.5, 7.25]},
			"faces": {
				"north": {"uv": [3, 3, 12, 13], "texture": "#3"},
				"east": {"uv": [3, 3, 12, 13], "texture": "#3"},
				"south": {"uv": [3, 3, 12, 13], "texture": "#3"},
				"west": {"uv": [3, 3, 12, 13], "texture": "#3"},
				"up": {"uv": [3, 3, 12, 13], "texture": "#3"},
				"down": {"uv": [3, 3, 12, 13], "texture": "#3"}
			}
		},
		{
			"from": [9.9452, 0.165, 12.3329],
			"to": [10.9452, 0.825, 13.3329],
			"rotation": {"angle": -22.5, "axis": "y", "origin": [7.75, 0.5, 7.25]},
			"faces": {
				"north": {"uv": [3, 3, 12, 13], "rotation": 90, "texture": "#3"},
				"east": {"uv": [3, 3, 12, 13], "rotation": 90, "texture": "#3"},
				"south": {"uv": [3, 3, 12, 13], "rotation": 90, "texture": "#3"},
				"west": {"uv": [3, 3, 12, 13], "rotation": 90, "texture": "#3"},
				"up": {"uv": [3, 3, 12, 13], "rotation": 90, "texture": "#3"},
				"down": {"uv": [3, 3, 12, 13], "rotation": 90, "texture": "#3"}
			}
		},
		{
			"from": [10.87652, 0.165, 9.87653],
			"to": [11.87652, 0.825, 10.87653],
			"rotation": {"angle": -45, "axis": "y", "origin": [7.75, 0.5, 7.25]},
			"faces": {
				"north": {"uv": [3, 3, 12, 13], "texture": "#3"},
				"east": {"uv": [3, 3, 12, 13], "texture": "#3"},
				"south": {"uv": [3, 3, 12, 13], "texture": "#3"},
				"west": {"uv": [3, 3, 12, 13], "texture": "#3"},
				"up": {"uv": [3, 3, 12, 13], "texture": "#3"},
				"down": {"uv": [3, 3, 12, 13], "texture": "#3"}
			}
		},
		{
			"from": [9.404, 0.165, 11.02634],
			"to": [10.404, 0.825, 12.02634],
			"rotation": {"angle": -22.5, "axis": "y", "origin": [7.75, 0.5, 7.25]},
			"faces": {
				"north": {"uv": [3, 3, 12, 13], "texture": "#3"},
				"east": {"uv": [3, 3, 12, 13], "texture": "#3"},
				"south": {"uv": [3, 3, 12, 13], "texture": "#3"},
				"west": {"uv": [3, 3, 12, 13], "texture": "#3"},
				"up": {"uv": [3, 3, 12, 13], "texture": "#3"},
				"down": {"uv": [3, 3, 12, 13], "texture": "#3"}
			}
		},
		{
			"from": [11.37652, 0.165, 11.37653],
			"to": [12.37652, 0.825, 12.37653],
			"rotation": {"angle": -45, "axis": "y", "origin": [7.75, 0.5, 7.25]},
			"faces": {
				"north": {"uv": [3, 3, 12, 13], "texture": "#3"},
				"east": {"uv": [3, 3, 12, 13], "texture": "#3"},
				"south": {"uv": [3, 3, 12, 13], "texture": "#3"},
				"west": {"uv": [3, 3, 12, 13], "texture": "#3"},
				"up": {"uv": [3, 3, 12, 13], "texture": "#3"},
				"down": {"uv": [3, 3, 12, 13], "texture": "#3"}
			}
		},
		{
			"from": [10.37652, 0.165, 10.37653],
			"to": [11.37652, 0.825, 11.37653],
			"rotation": {"angle": -45, "axis": "y", "origin": [7.75, 0.5, 7.25]},
			"faces": {
				"north": {"uv": [3, 3, 12, 13], "texture": "#3"},
				"east": {"uv": [3, 3, 12, 13], "texture": "#3"},
				"south": {"uv": [3, 3, 12, 13], "texture": "#3"},
				"west": {"uv": [3, 3, 12, 13], "texture": "#3"},
				"up": {"uv": [3, 3, 12, 13], "texture": "#3"},
				"down": {"uv": [3, 3, 12, 13], "texture": "#3"}
			}
		},
		{
			"from": [8.75072, 0.165, 11.29694],
			"to": [9.75072, 0.825, 12.29694],
			"rotation": {"angle": -22.5, "axis": "y", "origin": [7.75, 0.5, 7.25]},
			"faces": {
				"north": {"uv": [3, 3, 12, 13], "texture": "#3"},
				"east": {"uv": [3, 3, 12, 13], "texture": "#3"},
				"south": {"uv": [3, 3, 12, 13], "texture": "#3"},
				"west": {"uv": [3, 3, 12, 13], "texture": "#3"},
				"up": {"uv": [3, 3, 12, 13], "texture": "#3"},
				"down": {"uv": [3, 3, 12, 13], "texture": "#3"}
			}
		},
		{
			"from": [5.096, 0.165, 11.02634],
			"to": [6.096, 0.825, 12.02634],
			"rotation": {"angle": 22.5, "axis": "y", "origin": [7.75, 0.5, 7.25]},
			"faces": {
				"north": {"uv": [3, 3, 12, 13], "rotation": 180, "texture": "#3"},
				"east": {"uv": [3, 3, 12, 13], "rotation": 180, "texture": "#3"},
				"south": {"uv": [3, 3, 12, 13], "rotation": 180, "texture": "#3"},
				"west": {"uv": [3, 3, 12, 13], "rotation": 180, "texture": "#3"},
				"up": {"uv": [3, 3, 12, 13], "rotation": 180, "texture": "#3"},
				"down": {"uv": [3, 3, 12, 13], "rotation": 180, "texture": "#3"}
			}
		},
		{
			"from": [9.28105, 0.165, 12.53437],
			"to": [10.28105, 0.825, 13.53437],
			"rotation": {"angle": -22.5, "axis": "y", "origin": [7.75, 0.5, 7.25]},
			"faces": {
				"north": {"uv": [3, 3, 12, 13], "rotation": 180, "texture": "#3"},
				"east": {"uv": [3, 3, 12, 13], "rotation": 180, "texture": "#3"},
				"south": {"uv": [3, 3, 12, 13], "rotation": 180, "texture": "#3"},
				"west": {"uv": [3, 3, 12, 13], "rotation": 180, "texture": "#3"},
				"up": {"uv": [3, 3, 12, 13], "rotation": 180, "texture": "#3"},
				"down": {"uv": [3, 3, 12, 13], "rotation": 180, "texture": "#3"}
			}
		},
		{
			"from": [4.596, 0.165, 12.27634],
			"to": [5.596, 0.825, 13.27634],
			"rotation": {"angle": 22.5, "axis": "y", "origin": [7.75, 0.5, 7.25]},
			"faces": {
				"north": {"uv": [3, 3, 12, 13], "rotation": 180, "texture": "#3"},
				"east": {"uv": [3, 3, 12, 13], "rotation": 180, "texture": "#3"},
				"south": {"uv": [3, 3, 12, 13], "rotation": 180, "texture": "#3"},
				"west": {"uv": [3, 3, 12, 13], "rotation": 180, "texture": "#3"},
				"up": {"uv": [3, 3, 12, 13], "rotation": 180, "texture": "#3"},
				"down": {"uv": [3, 3, 12, 13], "rotation": 180, "texture": "#3"}
			}
		},
		{
			"from": [4.096, 0.165, 13.52634],
			"to": [5.096, 0.825, 14.52634],
			"rotation": {"angle": 22.5, "axis": "y", "origin": [7.75, 0.5, 7.25]},
			"faces": {
				"north": {"uv": [3, 3, 12, 13], "rotation": 180, "texture": "#3"},
				"east": {"uv": [3, 3, 12, 13], "rotation": 180, "texture": "#3"},
				"south": {"uv": [3, 3, 12, 13], "rotation": 180, "texture": "#3"},
				"west": {"uv": [3, 3, 12, 13], "rotation": 180, "texture": "#3"},
				"up": {"uv": [3, 3, 12, 13], "rotation": 180, "texture": "#3"},
				"down": {"uv": [3, 3, 12, 13], "rotation": 180, "texture": "#3"}
			}
		},
		{
			"from": [6.35, 0.25, 0.5],
			"to": [7.35, 0.75, 9.75],
			"rotation": {"angle": 0, "axis": "y", "origin": [7.75, 0.5, 7.25]},
			"faces": {
				"north": {"uv": [0, 0, 16, 16], "texture": "#4"},
				"east": {"uv": [0, 0, 16, 16], "texture": "#4"},
				"south": {"uv": [0, 0, 16, 16], "texture": "#4"},
				"west": {"uv": [0, 0, 16, 16], "texture": "#4"},
				"up": {"uv": [0, 0, 16, 16], "texture": "#4"},
				"down": {"uv": [0, 0, 16, 16], "texture": "#4"}
			}
		},
		{
			"from": [8.15, 0.25, 0.5],
			"to": [9.15, 0.75, 9.75],
			"rotation": {"angle": 0, "axis": "y", "origin": [7.75, 0.5, 7.25]},
			"faces": {
				"north": {"uv": [0, 0, 16, 16], "texture": "#4"},
				"east": {"uv": [0, 0, 16, 16], "texture": "#4"},
				"south": {"uv": [0, 0, 16, 16], "texture": "#4"},
				"west": {"uv": [0, 0, 16, 16], "texture": "#4"},
				"up": {"uv": [0, 0, 16, 16], "texture": "#4"},
				"down": {"uv": [0, 0, 16, 16], "texture": "#4"}
			}
		},
		{
			"from": [6.55, 0.25, 0.4],
			"to": [8.95, 0.75, 0.65],
			"rotation": {"angle": 0, "axis": "y", "origin": [7.75, 0.5, 7.25]},
			"faces": {
				"north": {"uv": [0, 0, 16, 16], "texture": "#4"},
				"east": {"uv": [0, 0, 16, 16], "texture": "#4"},
				"south": {"uv": [0, 0, 16, 16], "texture": "#4"},
				"west": {"uv": [0, 0, 16, 16], "texture": "#4"},
				"up": {"uv": [0, 0, 16, 16], "texture": "#4"},
				"down": {"uv": [0, 0, 16, 16], "texture": "#4"}
			}
		},
		{
			"from": [6.3, 0.25, 9.75],
			"to": [6.5, 0.75, 10.5],
			"rotation": {"angle": 0, "axis": "y", "origin": [7.75, 0.5, 7.25]},
			"faces": {
				"north": {"uv": [0, 0, 16, 16], "texture": "#1"},
				"east": {"uv": [0, 0, 16, 16], "texture": "#1"},
				"south": {"uv": [0, 0, 16, 16], "texture": "#1"},
				"west": {"uv": [0, 0, 16, 16], "texture": "#1"},
				"up": {"uv": [0, 0, 16, 16], "texture": "#1"},
				"down": {"uv": [0, 0, 16, 16], "texture": "#1"}
			}
		},
		{
			"from": [9, 0.25, 9.75],
			"to": [9.2, 0.75, 10.5],
			"rotation": {"angle": 0, "axis": "y", "origin": [7.75, 0.5, 7.25]},
			"faces": {
				"north": {"uv": [0, 0, 16, 16], "texture": "#1"},
				"east": {"uv": [0, 0, 16, 16], "texture": "#1"},
				"south": {"uv": [0, 0, 16, 16], "texture": "#1"},
				"west": {"uv": [0, 0, 16, 16], "texture": "#1"},
				"up": {"uv": [0, 0, 16, 16], "texture": "#1"},
				"down": {"uv": [0, 0, 16, 16], "texture": "#1"}
			}
		},
		{
			"from": [9, 0.25, 10],
			"to": [9.25, 0.75, 10.25],
			"rotation": {"angle": 0, "axis": "y", "origin": [7.75, 0.5, 7.25]},
			"faces": {
				"north": {"uv": [0, 0, 16, 16], "texture": "#1"},
				"east": {"uv": [0, 0, 16, 16], "texture": "#1"},
				"south": {"uv": [0, 0, 16, 16], "texture": "#1"},
				"west": {"uv": [0, 0, 16, 16], "texture": "#1"},
				"up": {"uv": [0, 0, 16, 16], "texture": "#1"},
				"down": {"uv": [0, 0, 16, 16], "texture": "#1"}
			}
		},
		{
			"from": [6.45, 0.5, 10.5],
			"to": [6.55, 0.75, 10.85],
			"rotation": {"angle": 0, "axis": "y", "origin": [7.75, 0.5, 7.25]},
			"faces": {
				"north": {"uv": [0, 0, 16, 16], "texture": "#1"},
				"east": {"uv": [0, 0, 16, 16], "texture": "#1"},
				"south": {"uv": [0, 0, 16, 16], "texture": "#1"},
				"west": {"uv": [0, 0, 16, 16], "texture": "#1"},
				"up": {"uv": [0, 0, 16, 16], "texture": "#1"},
				"down": {"uv": [0, 0, 16, 16], "texture": "#1"}
			}
		},
		{
			"from": [8.95, 0.5, 10.5],
			"to": [9.05, 0.75, 10.85],
			"rotation": {"angle": 0, "axis": "y", "origin": [7.75, 0.5, 7.25]},
			"faces": {
				"north": {"uv": [0, 0, 16, 16], "texture": "#1"},
				"east": {"uv": [0, 0, 16, 16], "texture": "#1"},
				"south": {"uv": [0, 0, 16, 16], "texture": "#1"},
				"west": {"uv": [0, 0, 16, 16], "texture": "#1"},
				"up": {"uv": [0, 0, 16, 16], "texture": "#1"},
				"down": {"uv": [0, 0, 16, 16], "texture": "#1"}
			}
		},
		{
			"from": [6.25, 0.25, 10],
			"to": [6.5, 0.75, 10.25],
			"rotation": {"angle": 0, "axis": "y", "origin": [7.75, 0.5, 7.25]},
			"faces": {
				"north": {"uv": [0, 0, 16, 16], "texture": "#1"},
				"east": {"uv": [0, 0, 16, 16], "texture": "#1"},
				"south": {"uv": [0, 0, 16, 16], "texture": "#1"},
				"west": {"uv": [0, 0, 16, 16], "texture": "#1"},
				"up": {"uv": [0, 0, 16, 16], "texture": "#1"},
				"down": {"uv": [0, 0, 16, 16], "texture": "#1"}
			}
		},
		{
			"from": [7.25, 0.125, 15.05],
			"to": [8, 0.125, 16.05],
			"rotation": {"angle": 0, "axis": "y", "origin": [7.75, 0.5, 7.25]},
			"faces": {
				"north": {"uv": [0, 0, 12, 5], "texture": "#4"},
				"east": {"uv": [0, 0, 12, 5], "texture": "#4"},
				"south": {"uv": [0, 0, 12, 5], "texture": "#4"},
				"west": {"uv": [0, 0, 12, 5], "texture": "#4"},
				"up": {"uv": [0, 0, 16, 16], "texture": "#4"},
				"down": {"uv": [0, 0, 12, 5], "texture": "#4"}
			}
		},
		{
			"name": "hexadecagon",
			"from": [10.78304, 0.35, 9.6863],
			"to": [10.85464, 1.07, 9.8591],
			"rotation": {"angle": -45, "axis": "y", "origin": [7.75, 0.5, 7.25]},
			"faces": {
				"north": {"uv": [0, 0, 1, 1], "texture": "#4"},
				"east": {"uv": [0, 0, 1, 1], "texture": "#4"},
				"south": {"uv": [0, 0, 1, 1], "texture": "#4"},
				"west": {"uv": [0, 0, 1, 1], "texture": "#4"},
				"up": {"uv": [0, 0, 16, 16], "texture": "#4"},
				"down": {"uv": [0, 0, 1, 1], "texture": "#4"}
			}
		},
		{
			"name": "hexadecagon",
			"from": [9.54823, 0.35, 10.66154],
			"to": [9.61983, 1.07, 10.83434],
			"rotation": {"angle": -22.5, "axis": "y", "origin": [7.75, 0.5, 7.25]},
			"faces": {
				"north": {"uv": [0, 0, 1, 1], "texture": "#4"},
				"east": {"uv": [0, 0, 1, 1], "texture": "#4"},
				"south": {"uv": [0, 0, 1, 1], "texture": "#4"},
				"west": {"uv": [0, 0, 1, 1], "texture": "#4"},
				"up": {"uv": [0, 0, 16, 16], "texture": "#4"},
				"down": {"uv": [0, 0, 1, 1], "texture": "#4"}
			}
		},
		{
			"name": "hexadecagon",
			"from": [8.0342, 0.35, 11.09],
			"to": [8.1058, 1.07, 11.2628],
			"rotation": {"angle": 0, "axis": "y", "origin": [7.75, 0.5, 7.25]},
			"faces": {
				"north": {"uv": [0, 0, 1, 1], "texture": "#4"},
				"east": {"uv": [0, 0, 1, 1], "texture": "#4"},
				"south": {"uv": [0, 0, 1, 1], "texture": "#4"},
				"west": {"uv": [0, 0, 1, 1], "texture": "#4"},
				"up": {"uv": [0, 0, 16, 16], "texture": "#4"},
				"down": {"uv": [0, 0, 1, 1], "texture": "#4"}
			}
		},
		{
			"name": "hexadecagon",
			"from": [6.47145, 0.35, 10.90645],
			"to": [6.54305, 1.07, 11.07925],
			"rotation": {"angle": 22.5, "axis": "y", "origin": [7.75, 0.5, 7.25]},
			"faces": {
				"north": {"uv": [0, 0, 1, 1], "texture": "#4"},
				"east": {"uv": [0, 0, 1, 1], "texture": "#4"},
				"south": {"uv": [0, 0, 1, 1], "texture": "#4"},
				"west": {"uv": [0, 0, 1, 1], "texture": "#4"},
				"up": {"uv": [0, 0, 16, 16], "texture": "#4"},
				"down": {"uv": [0, 0, 1, 1], "texture": "#4"}
			}
		},
		{
			"name": "hexadecagon",
			"from": [5.0979, 0.35, 10.13884],
			"to": [5.1695, 1.07, 10.31164],
			"rotation": {"angle": 45, "axis": "y", "origin": [7.75, 0.5, 7.25]},
			"faces": {
				"north": {"uv": [0, 0, 1, 1], "texture": "#4"},
				"east": {"uv": [0, 0, 1, 1], "texture": "#4"},
				"south": {"uv": [0, 0, 1, 1], "texture": "#4"},
				"west": {"uv": [0, 0, 1, 1], "texture": "#4"},
				"up": {"uv": [0, 0, 16, 16], "texture": "#4"},
				"down": {"uv": [0, 0, 1, 1], "texture": "#4"}
			}
		},
		{
			"name": "hexadecagon",
			"from": [10.78304, 0.35, 9.8735],
			"to": [10.85464, 1.07, 10.0463],
			"rotation": {"angle": -45, "axis": "y", "origin": [7.75, 0.5, 7.25]},
			"faces": {
				"north": {"uv": [0, 0, 1, 1], "texture": "#4"},
				"east": {"uv": [0, 0, 1, 1], "texture": "#4"},
				"south": {"uv": [0, 0, 1, 1], "texture": "#4"},
				"west": {"uv": [0, 0, 1, 1], "texture": "#4"},
				"up": {"uv": [0, 0, 16, 16], "texture": "#4"},
				"down": {"uv": [0, 0, 1, 1], "texture": "#4"}
			}
		},
		{
			"name": "hexadecagon",
			"from": [9.54823, 0.35, 10.84874],
			"to": [9.61983, 1.07, 11.02154],
			"rotation": {"angle": -22.5, "axis": "y", "origin": [7.75, 0.5, 7.25]},
			"faces": {
				"north": {"uv": [0, 0, 1, 1], "texture": "#4"},
				"east": {"uv": [0, 0, 1, 1], "texture": "#4"},
				"south": {"uv": [0, 0, 1, 1], "texture": "#4"},
				"west": {"uv": [0, 0, 1, 1], "texture": "#4"},
				"up": {"uv": [0, 0, 16, 16], "texture": "#4"},
				"down": {"uv": [0, 0, 1, 1], "texture": "#4"}
			}
		},
		{
			"name": "hexadecagon",
			"from": [8.0342, 0.35, 11.2772],
			"to": [8.1058, 1.07, 11.45],
			"rotation": {"angle": 0, "axis": "y", "origin": [7.75, 0.5, 7.25]},
			"faces": {
				"north": {"uv": [0, 0, 1, 1], "texture": "#4"},
				"east": {"uv": [0, 0, 1, 1], "texture": "#4"},
				"south": {"uv": [0, 0, 1, 1], "texture": "#4"},
				"west": {"uv": [0, 0, 1, 1], "texture": "#4"},
				"up": {"uv": [0, 0, 16, 16], "texture": "#4"},
				"down": {"uv": [0, 0, 1, 1], "texture": "#4"}
			}
		},
		{
			"name": "hexadecagon",
			"from": [6.47145, 0.35, 11.09365],
			"to": [6.54305, 1.07, 11.26645],
			"rotation": {"angle": 22.5, "axis": "y", "origin": [7.75, 0.5, 7.25]},
			"faces": {
				"north": {"uv": [0, 0, 1, 1], "texture": "#4"},
				"east": {"uv": [0, 0, 1, 1], "texture": "#4"},
				"south": {"uv": [0, 0, 1, 1], "texture": "#4"},
				"west": {"uv": [0, 0, 1, 1], "texture": "#4"},
				"up": {"uv": [0, 0, 16, 16], "texture": "#4"},
				"down": {"uv": [0, 0, 1, 1], "texture": "#4"}
			}
		},
		{
			"name": "hexadecagon",
			"from": [5.0979, 0.35, 10.32604],
			"to": [5.1695, 1.07, 10.49884],
			"rotation": {"angle": 45, "axis": "y", "origin": [7.75, 0.5, 7.25]},
			"faces": {
				"north": {"uv": [0, 0, 1, 1], "texture": "#4"},
				"east": {"uv": [0, 0, 1, 1], "texture": "#4"},
				"south": {"uv": [0, 0, 1, 1], "texture": "#4"},
				"west": {"uv": [0, 0, 1, 1], "texture": "#4"},
				"up": {"uv": [0, 0, 16, 16], "texture": "#4"},
				"down": {"uv": [0, 0, 1, 1], "texture": "#4"}
			}
		},
		{
			"name": "hexadecagon",
			"from": [9.40403, 0.35, 10.80574],
			"to": [9.57683, 1.07, 10.87734],
			"rotation": {"angle": -22.5, "axis": "y", "origin": [7.75, 0.5, 7.25]},
			"faces": {
				"north": {"uv": [0, 0, 1, 1], "texture": "#4"},
				"east": {"uv": [0, 0, 1, 1], "texture": "#4"},
				"south": {"uv": [0, 0, 1, 1], "texture": "#4"},
				"west": {"uv": [0, 0, 1, 1], "texture": "#4"},
				"up": {"uv": [0, 0, 16, 16], "texture": "#4"},
				"down": {"uv": [0, 0, 1, 1], "texture": "#4"}
			}
		},
		{
			"name": "hexadecagon",
			"from": [7.89, 0.35, 11.2342],
			"to": [8.0628, 1.07, 11.3058],
			"rotation": {"angle": 0, "axis": "y", "origin": [7.75, 0.5, 7.25]},
			"faces": {
				"north": {"uv": [0, 0, 1, 1], "texture": "#4"},
				"east": {"uv": [0, 0, 1, 1], "texture": "#4"},
				"south": {"uv": [0, 0, 1, 1], "texture": "#4"},
				"west": {"uv": [0, 0, 1, 1], "texture": "#4"},
				"up": {"uv": [0, 0, 16, 16], "texture": "#4"},
				"down": {"uv": [0, 0, 1, 1], "texture": "#4"}
			}
		},
		{
			"name": "hexadecagon",
			"from": [6.32725, 0.35, 11.05065],
			"to": [6.50005, 1.07, 11.12225],
			"rotation": {"angle": 22.5, "axis": "y", "origin": [7.75, 0.5, 7.25]},
			"faces": {
				"north": {"uv": [0, 0, 1, 1], "texture": "#4"},
				"east": {"uv": [0, 0, 1, 1], "texture": "#4"},
				"south": {"uv": [0, 0, 1, 1], "texture": "#4"},
				"west": {"uv": [0, 0, 1, 1], "texture": "#4"},
				"up": {"uv": [0, 0, 16, 16], "texture": "#4"},
				"down": {"uv": [0, 0, 1, 1], "texture": "#4"}
			}
		},
		{
			"name": "hexadecagon",
			"from": [9.59123, 0.35, 10.80574],
			"to": [9.76403, 1.07, 10.87734],
			"rotation": {"angle": -22.5, "axis": "y", "origin": [7.75, 0.5, 7.25]},
			"faces": {
				"north": {"uv": [0, 0, 1, 1], "texture": "#4"},
				"east": {"uv": [0, 0, 1, 1], "texture": "#4"},
				"south": {"uv": [0, 0, 1, 1], "texture": "#4"},
				"west": {"uv": [0, 0, 1, 1], "texture": "#4"},
				"up": {"uv": [0, 0, 16, 16], "texture": "#4"},
				"down": {"uv": [0, 0, 1, 1], "texture": "#4"}
			}
		},
		{
			"name": "hexadecagon",
			"from": [8.0772, 0.35, 11.2342],
			"to": [8.25, 1.07, 11.3058],
			"rotation": {"angle": 0, "axis": "y", "origin": [7.75, 0.5, 7.25]},
			"faces": {
				"north": {"uv": [0, 0, 1, 1], "texture": "#4"},
				"east": {"uv": [0, 0, 1, 1], "texture": "#4"},
				"south": {"uv": [0, 0, 1, 1], "texture": "#4"},
				"west": {"uv": [0, 0, 1, 1], "texture": "#4"},
				"up": {"uv": [0, 0, 16, 16], "texture": "#4"},
				"down": {"uv": [0, 0, 1, 1], "texture": "#4"}
			}
		},
		{
			"name": "hexadecagon",
			"from": [6.51445, 0.35, 11.05065],
			"to": [6.68725, 1.07, 11.12225],
			"rotation": {"angle": 22.5, "axis": "y", "origin": [7.75, 0.5, 7.25]},
			"faces": {
				"north": {"uv": [0, 0, 1, 1], "texture": "#4"},
				"east": {"uv": [0, 0, 1, 1], "texture": "#4"},
				"south": {"uv": [0, 0, 1, 1], "texture": "#4"},
				"west": {"uv": [0, 0, 1, 1], "texture": "#4"},
				"up": {"uv": [0, 0, 16, 16], "texture": "#4"},
				"down": {"uv": [0, 0, 1, 1], "texture": "#4"}
			}
		},
		{
			"name": "hexadecagon",
			"from": [10.92262, 0.5, 10.14412],
			"to": [10.97132, 0.9896, 10.26162],
			"rotation": {"angle": -45, "axis": "y", "origin": [7.75, 0.5, 7.25]},
			"faces": {
				"north": {"uv": [0, 0, 1, 1], "texture": "#4"},
				"east": {"uv": [0, 0, 1, 1], "texture": "#4"},
				"south": {"uv": [0, 0, 1, 1], "texture": "#4"},
				"west": {"uv": [0, 0, 1, 1], "texture": "#4"},
				"up": {"uv": [0, 0, 16, 16], "texture": "#4"},
				"down": {"uv": [0, 0, 1, 1], "texture": "#4"}
			}
		},
		{
			"name": "hexadecagon",
			"from": [9.52489, 0.5, 11.13793],
			"to": [9.57359, 0.9896, 11.25543],
			"rotation": {"angle": -22.5, "axis": "y", "origin": [7.75, 0.5, 7.25]},
			"faces": {
				"north": {"uv": [0, 0, 1, 1], "texture": "#4"},
				"east": {"uv": [0, 0, 1, 1], "texture": "#4"},
				"south": {"uv": [0, 0, 1, 1], "texture": "#4"},
				"west": {"uv": [0, 0, 1, 1], "texture": "#4"},
				"up": {"uv": [0, 0, 16, 16], "texture": "#4"},
				"down": {"uv": [0, 0, 1, 1], "texture": "#4"}
			}
		},
		{
			"name": "hexadecagon",
			"from": [7.85325, 0.5, 11.5212],
			"to": [7.90195, 0.9896, 11.6387],
			"rotation": {"angle": 0, "axis": "y", "origin": [7.75, 0.5, 7.25]},
			"faces": {
				"north": {"uv": [0, 0, 1, 1], "texture": "#4"},
				"east": {"uv": [0, 0, 1, 1], "texture": "#4"},
				"south": {"uv": [0, 0, 1, 1], "texture": "#4"},
				"west": {"uv": [0, 0, 1, 1], "texture": "#4"},
				"up": {"uv": [0, 0, 16, 16], "texture": "#4"},
				"down": {"uv": [0, 0, 1, 1], "texture": "#4"}
			}
		},
		{
			"name": "hexadecagon",
			"from": [6.16218, 0.5, 11.23559],
			"to": [6.21088, 0.9896, 11.35309],
			"rotation": {"angle": 22.5, "axis": "y", "origin": [7.75, 0.5, 7.25]},
			"faces": {
				"north": {"uv": [0, 0, 1, 1], "texture": "#4"},
				"east": {"uv": [0, 0, 1, 1], "texture": "#4"},
				"south": {"uv": [0, 0, 1, 1], "texture": "#4"},
				"west": {"uv": [0, 0, 1, 1], "texture": "#4"},
				"up": {"uv": [0, 0, 16, 16], "texture": "#4"},
				"down": {"uv": [0, 0, 1, 1], "texture": "#4"}
			}
		},
		{
			"name": "hexadecagon",
			"from": [4.70913, 0.5, 10.32457],
			"to": [4.75783, 0.9896, 10.44207],
			"rotation": {"angle": 45, "axis": "y", "origin": [7.75, 0.5, 7.25]},
			"faces": {
				"north": {"uv": [0, 0, 1, 1], "texture": "#4"},
				"east": {"uv": [0, 0, 1, 1], "texture": "#4"},
				"south": {"uv": [0, 0, 1, 1], "texture": "#4"},
				"west": {"uv": [0, 0, 1, 1], "texture": "#4"},
				"up": {"uv": [0, 0, 16, 16], "texture": "#4"},
				"down": {"uv": [0, 0, 1, 1], "texture": "#4"}
			}
		},
		{
			"name": "hexadecagon",
			"from": [10.92262, 0.5, 10.27142],
			"to": [10.97132, 0.9896, 10.38892],
			"rotation": {"angle": -45, "axis": "y", "origin": [7.75, 0.5, 7.25]},
			"faces": {
				"north": {"uv": [0, 0, 1, 1], "texture": "#4"},
				"east": {"uv": [0, 0, 1, 1], "texture": "#4"},
				"south": {"uv": [0, 0, 1, 1], "texture": "#4"},
				"west": {"uv": [0, 0, 1, 1], "texture": "#4"},
				"up": {"uv": [0, 0, 16, 16], "texture": "#4"},
				"down": {"uv": [0, 0, 1, 1], "texture": "#4"}
			}
		},
		{
			"name": "hexadecagon",
			"from": [9.52489, 0.5, 11.26523],
			"to": [9.57359, 0.9896, 11.38273],
			"rotation": {"angle": -22.5, "axis": "y", "origin": [7.75, 0.5, 7.25]},
			"faces": {
				"north": {"uv": [0, 0, 1, 1], "texture": "#4"},
				"east": {"uv": [0, 0, 1, 1], "texture": "#4"},
				"south": {"uv": [0, 0, 1, 1], "texture": "#4"},
				"west": {"uv": [0, 0, 1, 1], "texture": "#4"},
				"up": {"uv": [0, 0, 16, 16], "texture": "#4"},
				"down": {"uv": [0, 0, 1, 1], "texture": "#4"}
			}
		},
		{
			"name": "hexadecagon",
			"from": [7.85325, 0.5, 11.6485],
			"to": [7.90195, 0.9896, 11.766],
			"rotation": {"angle": 0, "axis": "y", "origin": [7.75, 0.5, 7.25]},
			"faces": {
				"north": {"uv": [0, 0, 1, 1], "texture": "#4"},
				"east": {"uv": [0, 0, 1, 1], "texture": "#4"},
				"south": {"uv": [0, 0, 1, 1], "texture": "#4"},
				"west": {"uv": [0, 0, 1, 1], "texture": "#4"},
				"up": {"uv": [0, 0, 16, 16], "texture": "#4"},
				"down": {"uv": [0, 0, 1, 1], "texture": "#4"}
			}
		},
		{
			"name": "hexadecagon",
			"from": [6.16218, 0.5, 11.36289],
			"to": [6.21088, 0.9896, 11.48039],
			"rotation": {"angle": 22.5, "axis": "y", "origin": [7.75, 0.5, 7.25]},
			"faces": {
				"north": {"uv": [0, 0, 1, 1], "texture": "#4"},
				"east": {"uv": [0, 0, 1, 1], "texture": "#4"},
				"south": {"uv": [0, 0, 1, 1], "texture": "#4"},
				"west": {"uv": [0, 0, 1, 1], "texture": "#4"},
				"up": {"uv": [0, 0, 16, 16], "texture": "#4"},
				"down": {"uv": [0, 0, 1, 1], "texture": "#4"}
			}
		},
		{
			"name": "hexadecagon",
			"from": [4.70913, 0.5, 10.45187],
			"to": [4.75783, 0.9896, 10.56937],
			"rotation": {"angle": 45, "axis": "y", "origin": [7.75, 0.5, 7.25]},
			"faces": {
				"north": {"uv": [0, 0, 1, 1], "texture": "#4"},
				"east": {"uv": [0, 0, 1, 1], "texture": "#4"},
				"south": {"uv": [0, 0, 1, 1], "texture": "#4"},
				"west": {"uv": [0, 0, 1, 1], "texture": "#4"},
				"up": {"uv": [0, 0, 16, 16], "texture": "#4"},
				"down": {"uv": [0, 0, 1, 1], "texture": "#4"}
			}
		},
		{
			"name": "hexadecagon",
			"from": [9.42684, 0.5, 11.23598],
			"to": [9.54434, 0.9896, 11.28468],
			"rotation": {"angle": -22.5, "axis": "y", "origin": [7.75, 0.5, 7.25]},
			"faces": {
				"north": {"uv": [0, 0, 1, 1], "texture": "#4"},
				"east": {"uv": [0, 0, 1, 1], "texture": "#4"},
				"south": {"uv": [0, 0, 1, 1], "texture": "#4"},
				"west": {"uv": [0, 0, 1, 1], "texture": "#4"},
				"up": {"uv": [0, 0, 16, 16], "texture": "#4"},
				"down": {"uv": [0, 0, 1, 1], "texture": "#4"}
			}
		},
		{
			"name": "hexadecagon",
			"from": [7.7552, 0.5, 11.61925],
			"to": [7.8727, 0.9896, 11.66795],
			"rotation": {"angle": 0, "axis": "y", "origin": [7.75, 0.5, 7.25]},
			"faces": {
				"north": {"uv": [0, 0, 1, 1], "texture": "#4"},
				"east": {"uv": [0, 0, 1, 1], "texture": "#4"},
				"south": {"uv": [0, 0, 1, 1], "texture": "#4"},
				"west": {"uv": [0, 0, 1, 1], "texture": "#4"},
				"up": {"uv": [0, 0, 16, 16], "texture": "#4"},
				"down": {"uv": [0, 0, 1, 1], "texture": "#4"}
			}
		},
		{
			"name": "hexadecagon",
			"from": [6.06413, 0.5, 11.33364],
			"to": [6.18163, 0.9896, 11.38234],
			"rotation": {"angle": 22.5, "axis": "y", "origin": [7.75, 0.5, 7.25]},
			"faces": {
				"north": {"uv": [0, 0, 1, 1], "texture": "#4"},
				"east": {"uv": [0, 0, 1, 1], "texture": "#4"},
				"south": {"uv": [0, 0, 1, 1], "texture": "#4"},
				"west": {"uv": [0, 0, 1, 1], "texture": "#4"},
				"up": {"uv": [0, 0, 16, 16], "texture": "#4"},
				"down": {"uv": [0, 0, 1, 1], "texture": "#4"}
			}
		},
		{
			"name": "hexadecagon",
			"from": [9.55414, 0.5, 11.23598],
			"to": [9.67164, 0.9896, 11.28468],
			"rotation": {"angle": -22.5, "axis": "y", "origin": [7.75, 0.5, 7.25]},
			"faces": {
				"north": {"uv": [0, 0, 1, 1], "texture": "#4"},
				"east": {"uv": [0, 0, 1, 1], "texture": "#4"},
				"south": {"uv": [0, 0, 1, 1], "texture": "#4"},
				"west": {"uv": [0, 0, 1, 1], "texture": "#4"},
				"up": {"uv": [0, 0, 16, 16], "texture": "#4"},
				"down": {"uv": [0, 0, 1, 1], "texture": "#4"}
			}
		},
		{
			"name": "hexadecagon",
			"from": [7.8825, 0.5, 11.61925],
			"to": [8, 0.9896, 11.66795],
			"rotation": {"angle": 0, "axis": "y", "origin": [7.75, 0.5, 7.25]},
			"faces": {
				"north": {"uv": [0, 0, 1, 1], "texture": "#4"},
				"east": {"uv": [0, 0, 1, 1], "texture": "#4"},
				"south": {"uv": [0, 0, 1, 1], "texture": "#4"},
				"west": {"uv": [0, 0, 1, 1], "texture": "#4"},
				"up": {"uv": [0, 0, 16, 16], "texture": "#4"},
				"down": {"uv": [0, 0, 1, 1], "texture": "#4"}
			}
		},
		{
			"name": "hexadecagon",
			"from": [6.19143, 0.5, 11.33364],
			"to": [6.30893, 0.9896, 11.38234],
			"rotation": {"angle": 22.5, "axis": "y", "origin": [7.75, 0.5, 7.25]},
			"faces": {
				"north": {"uv": [0, 0, 1, 1], "texture": "#4"},
				"east": {"uv": [0, 0, 1, 1], "texture": "#4"},
				"south": {"uv": [0, 0, 1, 1], "texture": "#4"},
				"west": {"uv": [0, 0, 1, 1], "texture": "#4"},
				"up": {"uv": [0, 0, 16, 16], "texture": "#4"},
				"down": {"uv": [0, 0, 1, 1], "texture": "#4"}
			}
		}
	],
	"display": {
		"thirdperson_righthand": {
			"rotation": [90, 0, 90],
			"translation": [-6.25, 4, 2.25],
			"scale": [0.85, 0.85, 0.85]
		},
		"thirdperson_lefthand": {
			"rotation": [90, 0, -90],
			"translation": [6.5, 4, 2.25],
			"scale": [0.85, 0.85, 0.85]
		},
		"firstperson_righthand": {
			"rotation": [56, 0, 90],
			"translation": [-5.75, 4, 0.25]
		},
		"firstperson_lefthand": {
			"rotation": [56, 0, -90],
			"translation": [9.25, 4, 0.25]
		},
		"ground": {
			"translation": [0, 6.75, 0]
		},
		"gui": {
			"rotation": [90, -39, -180],
			"scale": [0.9, 0.9, 0.9]
		},
		"head": {
			"rotation": [-3.25, -90, 90],
			"translation": [-2.25, 0, -22],
			"scale": [2.05469, 2.05469, 2.05469]
		},
		"fixed": {
			"rotation": [0, 90, 90],
			"translation": [0, 0, 7]
		}
	},
	"groups": [0, 1, 2, 3, 4, 5, 6, 7, 8, 9, 10, 11, 12, 13, 14, 15, 16, 17, 18, 19, 20, 21, 22, 23, 24, 25, 26, 27, 28, 29, 30, 31, 32,
		{
			"name": "hexadecagon",
			"origin": [8, 8, 8],
			"color": 0,
			"children": [33, 34, 35, 36, 37, 38, 39, 40, 41, 42, 43, 44, 45, 46, 47, 48]
		},
		{
			"name": "hexadecagon",
			"origin": [8, 8, 8],
			"color": 0,
			"children": [49, 50, 51, 52, 53, 54, 55, 56, 57, 58, 59, 60, 61, 62, 63, 64]
		}
	]
}