{
	"credit": "Made with Blockbench",
	"textures": {
		"5": "blocks/anvil_base",
		"6": "blocks/wool_colored_silver"
	},
	"elements": [
		{
			"from": [6, 0, 7],
			"to": [11, 5.75, 9],
			"rotation": {"angle": 0, "axis": "y", "origin": [8.5, 7, 8]},
			"faces": {
				"north": {"uv": [0, 0, 5, 5.75], "texture": "#5"},
				"east": {"uv": [0, 0, 2, 5.75], "texture": "#5"},
				"south": {"uv": [0, 0, 5, 5.75], "texture": "#5"},
				"west": {"uv": [0, 0, 2, 5.75], "texture": "#5"},
				"up": {"uv": [0, 0, 5, 2], "rotation": 180, "texture": "#5"},
				"down": {"uv": [0, 0, 14, 7], "rotation": 180, "texture": "#5"}
			}
		},
		{
			"from": [5.75, 5.75, 7],
			"to": [11.25, 12, 9],
			"rotation": {"angle": 0, "axis": "y", "origin": [8.5, 7, 8]},
			"faces": {
				"north": {"uv": [0, 0, 5.5, 6.25], "texture": "#5"},
				"east": {"uv": [0, 0, 2, 6.25], "texture": "#5"},
				"south": {"uv": [0, 0, 5.5, 6.25], "texture": "#5"},
				"west": {"uv": [0, 0, 2, 6.25], "texture": "#5"},
				"up": {"uv": [0, 0, 5.5, 2], "rotation": 180, "texture": "#5"},
				"down": {"uv": [0, 0, 5.5, 2], "rotation": 180, "texture": "#5"}
			}
		},
		{
			"from": [6.45, 9.95, 9],
			"to": [10.65, 10.6, 9.1],
			"rotation": {"angle": 0, "axis": "y", "origin": [8.5, 7, 8]},
			"faces": {
				"north": {"uv": [0, 0, 15, 4.65], "texture": "#6"},
				"east": {"uv": [0, 0, 0.1, 0.65], "texture": "#6"},
				"south": {"uv": [0, 4, 16, 7], "texture": "#6"},
				"west": {"uv": [0, 0, 0.1, 0.65], "texture": "#6"},
				"up": {"uv": [0, 0, 4.2, 0.1], "rotation": 180, "texture": "#6"},
				"down": {"uv": [0, 0, 16, 4.1], "rotation": 180, "texture": "#6"}
			}
		},
		{
			"from": [6.45, 6.95, 9],
			"to": [10.65, 7.6, 9.1],
			"rotation": {"angle": 0, "axis": "y", "origin": [8.5, 7, 8]},
			"faces": {
				"north": {"uv": [0, 0, 4.2, 0.65], "texture": "#6"},
				"east": {"uv": [0, 0, 0.1, 0.65], "texture": "#6"},
				"south": {"uv": [0, 10, 16, 13.65], "texture": "#6"},
				"west": {"uv": [0, 0, 0.1, 0.65], "texture": "#6"},
				"up": {"uv": [0, 0, 4.2, 0.1], "rotation": 180, "texture": "#6"},
				"down": {"uv": [0, 0, 4.2, 0.1], "rotation": 180, "texture": "#6"}
			}
		},
		{
			"from": [6.45, 8.95, 9],
			"to": [10.65, 9.6, 9.1],
			"rotation": {"angle": 0, "axis": "y", "origin": [8.5, 7, 8]},
			"faces": {
				"north": {"uv": [0, 0, 4.2, 0.65], "texture": "#6"},
				"east": {"uv": [0, 0, 0.1, 0.65], "texture": "#6"},
				"south": {"uv": [0, 0, 16, 3.65], "texture": "#6"},
				"west": {"uv": [0, 0, 0.1, 0.65], "texture": "#6"},
				"up": {"uv": [0, 0, 4.2, 0.1], "rotation": 180, "texture": "#6"},
				"down": {"uv": [0, 0, 4.2, 0.1], "rotation": 180, "texture": "#6"}
			}
		},
		{
			"from": [6.45, 7.95, 9],
			"to": [10.65, 8.6, 9.1],
			"rotation": {"angle": 0, "axis": "y", "origin": [8.5, 7, 8]},
			"faces": {
				"north": {"uv": [0, 0, 4.2, 0.65], "texture": "#6"},
				"east": {"uv": [0, 0, 0.1, 0.65], "texture": "#6"},
				"south": {"uv": [0, 0, 16, 3.65], "texture": "#6"},
				"west": {"uv": [0, 0, 0.1, 0.65], "texture": "#6"},
				"up": {"uv": [0, 0, 4.2, 0.1], "rotation": 180, "texture": "#6"},
				"down": {"uv": [0, 0, 4.2, 0.1], "rotation": 180, "texture": "#6"}
			}
		},
		{
			"name": "sidebutton",
			"from": [5.45, 9.55, 7.7],
			"to": [5.75, 11.3, 8.3],
			"rotation": {"angle": 0, "axis": "y", "origin": [8.5, 7, 8]},
			"faces": {
				"north": {"uv": [0, 0, 5.3, 10.75], "texture": "#5"},
				"east": {"uv": [0, 0, 0.6, 1.75], "texture": "#5"},
				"south": {"uv": [0, 0, 3.3, 10.75], "texture": "#5"},
				"west": {"uv": [0, 0, 5, 10.75], "texture": "#5"},
				"up": {"uv": [0, 0, 0.3, 0.6], "rotation": 180, "texture": "#5"},
				"down": {"uv": [0, 0, 0.3, 0.6], "rotation": 180, "texture": "#5"}
			}
		},
		{
			"name": "sidebutton",
			"from": [5.45, 6.75, 7.7],
			"to": [5.75, 8.5, 8.3],
			"rotation": {"angle": 0, "axis": "y", "origin": [8.5, 7, 8]},
			"faces": {
				"north": {"uv": [0, 0, 5.3, 10.75], "texture": "#5"},
				"east": {"uv": [0, 0, 0.6, 1.75], "texture": "#5"},
				"south": {"uv": [0, 0, 5.3, 10.75], "texture": "#5"},
				"west": {"uv": [0, 0, 5.6, 10.75], "texture": "#5"},
				"up": {"uv": [0, 0, 0.3, 0.6], "rotation": 180, "texture": "#5"},
				"down": {"uv": [0, 0, 0.3, 0.6], "rotation": 180, "texture": "#5"}
			}
		},
		{
			"from": [6.25, 26.9, 7.5],
			"to": [7.35, 28.05, 8.6],
			"rotation": {"angle": 0, "axis": "y", "origin": [8.5, 7, 8]},
			"faces": {
				"north": {"uv": [0, 0, 0.7, 0.55], "texture": "#5"},
				"east": {"uv": [0, 0, 0.7, 0.55], "texture": "#5"},
				"south": {"uv": [0, 0, 6.7, 4.55], "texture": "#5"},
				"west": {"uv": [0, 0, 6.7, 4.55], "texture": "#5"},
				"up": {"uv": [0, 0, 6.7, 4.7], "rotation": 180, "texture": "#5"},
				"down": {"uv": [0, 0, 6.7, 4.7], "rotation": 180, "texture": "#5"}
			}
		},
		{
			"from": [6.25, 12.3, 7.5],
			"to": [7.35, 12.55, 8.6],
			"rotation": {"angle": 0, "axis": "y", "origin": [8.5, 7, 8]},
			"faces": {
				"north": {"uv": [0, 0, 1.1, 0.25], "texture": "#5"},
				"east": {"uv": [0, 0, 1.1, 0.25], "texture": "#5"},
				"south": {"uv": [0, 0, 1.1, 0.25], "texture": "#5"},
				"west": {"uv": [0, 0, 1.1, 0.25], "texture": "#5"},
				"up": {"uv": [0, 0, 1.1, 1.1], "rotation": 180, "texture": "#5"},
				"down": {"uv": [0, 0, 1.1, 1.1], "rotation": 180, "texture": "#5"}
			}
		},
		{
			"from": [6.35, 12.55, 7.6],
			"to": [7.25, 26.9, 8.5],
			"rotation": {"angle": 0, "axis": "y", "origin": [8.5, 7, 8]},
			"faces": {
				"north": {"uv": [0, 0, 1.5, 12.35], "texture": "#5"},
				"east": {"uv": [0, 0, 1.5, 12.35], "texture": "#5"},
				"south": {"uv": [0, 0, 1.5, 12.35], "texture": "#5"},
				"west": {"uv": [0, 0, 1.5, 12.35], "texture": "#5"},
				"up": {"uv": [0, 0, 2.5, 2.5], "rotation": 180, "texture": "#5"},
				"down": {"uv": [0, 0, 2.5, 2.5], "rotation": 180, "texture": "#5"}
			}
		},
		{
			"from": [6.15, 11.95, 7.4],
			"to": [7.45, 12.3, 8.7],
			"rotation": {"angle": 0, "axis": "y", "origin": [8.5, 7, 8]},
			"faces": {
				"north": {"uv": [0, 0, 1.3, 0.35], "texture": "#5"},
				"east": {"uv": [0, 0, 1.3, 0.35], "texture": "#5"},
				"south": {"uv": [0, 0, 1.3, 0.35], "texture": "#5"},
				"west": {"uv": [0, 0, 1.3, 0.35], "texture": "#5"},
				"up": {"uv": [0, 0, 1.3, 1.3], "rotation": 180, "texture": "#5"},
				"down": {"uv": [0, 0, 1.3, 1.3], "rotation": 180, "texture": "#5"}
			}
		},
		{
			"from": [6.85, 12.8, 7.55],
			"to": [7.3, 12.95, 8.55],
			"rotation": {"angle": 0, "axis": "y", "origin": [8.5, 7, 8]},
			"faces": {
				"north": {"uv": [0, 0, 0.45, 0.15], "texture": "#5"},
				"east": {"uv": [0, 0, 1, 0.15], "texture": "#5"},
				"south": {"uv": [0, 0, 0.45, 0.15], "texture": "#5"},
				"west": {"uv": [0, 0, 1, 0.15], "texture": "#5"},
				"up": {"uv": [0, 0, 0.45, 1], "rotation": 180, "texture": "#5"},
				"down": {"uv": [0, 0, 0.45, 1], "rotation": 180, "texture": "#5"}
			}
		},
		{
			"from": [6.35, 12.8, 7.55],
			"to": [7.25, 12.95, 8],
			"rotation": {"angle": 0, "axis": "y", "origin": [8.5, 7, 8]},
			"faces": {
				"north": {"uv": [0, 0, 0.9, 0.15], "texture": "#5"},
				"east": {"uv": [0, 0, 0.45, 0.15], "texture": "#5"},
				"south": {"uv": [0, 0, 0.9, 0.15], "texture": "#5"},
				"west": {"uv": [0, 0, 0.45, 0.15], "texture": "#5"},
				"up": {"uv": [0, 0, 0.45, 0.9], "rotation": 270, "texture": "#5"},
				"down": {"uv": [0, 0, 0.45, 0.9], "rotation": 90, "texture": "#5"}
			}
		},
		{
			"from": [6.35, 12.8, 8.1],
			"to": [7.25, 12.95, 8.55],
			"rotation": {"angle": 0, "axis": "y", "origin": [8.5, 7, 8]},
			"faces": {
				"north": {"uv": [0, 0, 0.9, 0.15], "texture": "#5"},
				"east": {"uv": [0, 0, 0.45, 0.15], "texture": "#5"},
				"south": {"uv": [0, 0, 0.9, 0.15], "texture": "#5"},
				"west": {"uv": [0, 0, 0.45, 0.15], "texture": "#5"},
				"up": {"uv": [0, 0, 0.45, 0.9], "rotation": 270, "texture": "#5"},
				"down": {"uv": [0, 0, 0.45, 0.9], "rotation": 90, "texture": "#5"}
			}
		},
		{
			"from": [6.3, 12.8, 7.55],
			"to": [6.75, 12.95, 8.55],
			"rotation": {"angle": 0, "axis": "y", "origin": [8.5, 7, 8]},
			"faces": {
				"north": {"uv": [0, 0, 0.45, 0.15], "texture": "#5"},
				"east": {"uv": [0, 0, 1, 0.15], "texture": "#5"},
				"south": {"uv": [0, 0, 0.45, 0.15], "texture": "#5"},
				"west": {"uv": [0, 0, 1, 0.15], "texture": "#5"},
				"up": {"uv": [0, 0, 0.45, 1], "rotation": 180, "texture": "#5"},
				"down": {"uv": [0, 0, 0.45, 1], "rotation": 180, "texture": "#5"}
			}
		},
		{
			"from": [6.85, 13.1, 7.55],
			"to": [7.3, 13.25, 8.55],
			"rotation": {"angle": 0, "axis": "y", "origin": [8.5, 7, 8]},
			"faces": {
				"north": {"uv": [0, 0, 0.45, 0.15], "texture": "#5"},
				"east": {"uv": [0, 0, 1, 0.15], "texture": "#5"},
				"south": {"uv": [0, 0, 0.45, 0.15], "texture": "#5"},
				"west": {"uv": [0, 0, 1, 0.15], "texture": "#5"},
				"up": {"uv": [0, 0, 0.45, 1], "rotation": 180, "texture": "#5"},
				"down": {"uv": [0, 0, 0.45, 1], "rotation": 180, "texture": "#5"}
			}
		},
		{
			"from": [6.35, 13.1, 7.55],
			"to": [7.25, 13.25, 8],
			"rotation": {"angle": 0, "axis": "y", "origin": [8.5, 7, 8]},
			"faces": {
				"north": {"uv": [0, 0, 0.9, 0.15], "texture": "#5"},
				"east": {"uv": [0, 0, 0.45, 0.15], "texture": "#5"},
				"south": {"uv": [0, 0, 0.9, 0.15], "texture": "#5"},
				"west": {"uv": [0, 0, 0.45, 0.15], "texture": "#5"},
				"up": {"uv": [0, 0, 0.45, 0.9], "rotation": 270, "texture": "#5"},
				"down": {"uv": [0, 0, 0.45, 0.9], "rotation": 90, "texture": "#5"}
			}
		},
		{
			"from": [6.35, 13.1, 8.1],
			"to": [7.25, 13.25, 8.55],
			"rotation": {"angle": 0, "axis": "y", "origin": [8.5, 7, 8]},
			"faces": {
				"north": {"uv": [0, 0, 0.9, 0.15], "texture": "#5"},
				"east": {"uv": [0, 0, 0.45, 0.15], "texture": "#5"},
				"south": {"uv": [0, 0, 0.9, 0.15], "texture": "#5"},
				"west": {"uv": [0, 0, 0.45, 0.15], "texture": "#5"},
				"up": {"uv": [0, 0, 0.45, 0.9], "rotation": 270, "texture": "#5"},
				"down": {"uv": [0, 0, 0.45, 0.9], "rotation": 90, "texture": "#5"}
			}
		},
		{
			"from": [6.3, 13.1, 7.55],
			"to": [6.75, 13.25, 8.55],
			"rotation": {"angle": 0, "axis": "y", "origin": [8.5, 7, 8]},
			"faces": {
				"north": {"uv": [0, 0, 0.45, 0.15], "texture": "#5"},
				"east": {"uv": [0, 0, 1, 0.15], "texture": "#5"},
				"south": {"uv": [0, 0, 0.45, 0.15], "texture": "#5"},
				"west": {"uv": [0, 0, 1, 0.15], "texture": "#5"},
				"up": {"uv": [0, 0, 0.45, 1], "rotation": 180, "texture": "#5"},
				"down": {"uv": [0, 0, 0.45, 1], "rotation": 180, "texture": "#5"}
			}
		},
		{
			"from": [6.85, 13.4, 7.55],
			"to": [7.3, 13.55, 8.55],
			"rotation": {"angle": 0, "axis": "y", "origin": [8.5, 7, 8]},
			"faces": {
				"north": {"uv": [0, 0, 0.45, 0.15], "texture": "#5"},
				"east": {"uv": [0, 0, 1, 0.15], "texture": "#5"},
				"south": {"uv": [0, 0, 0.45, 0.15], "texture": "#5"},
				"west": {"uv": [0, 0, 1, 0.15], "texture": "#5"},
				"up": {"uv": [0, 0, 0.45, 1], "rotation": 180, "texture": "#5"},
				"down": {"uv": [0, 0, 0.45, 1], "rotation": 180, "texture": "#5"}
			}
		},
		{
			"from": [6.35, 13.4, 7.55],
			"to": [7.25, 13.55, 8],
			"rotation": {"angle": 0, "axis": "y", "origin": [8.5, 7, 8]},
			"faces": {
				"north": {"uv": [0, 0, 0.9, 0.15], "texture": "#5"},
				"east": {"uv": [0, 0, 0.45, 0.15], "texture": "#5"},
				"south": {"uv": [0, 0, 0.9, 0.15], "texture": "#5"},
				"west": {"uv": [0, 0, 0.45, 0.15], "texture": "#5"},
				"up": {"uv": [0, 0, 0.45, 0.9], "rotation": 270, "texture": "#5"},
				"down": {"uv": [0, 0, 0.45, 0.9], "rotation": 90, "texture": "#5"}
			}
		},
		{
			"from": [6.35, 13.4, 8.1],
			"to": [7.25, 13.55, 8.55],
			"rotation": {"angle": 0, "axis": "y", "origin": [8.5, 7, 8]},
			"faces": {
				"north": {"uv": [0, 0, 0.9, 0.15], "texture": "#5"},
				"east": {"uv": [0, 0, 0.45, 0.15], "texture": "#5"},
				"south": {"uv": [0, 0, 0.9, 0.15], "texture": "#5"},
				"west": {"uv": [0, 0, 0.45, 0.15], "texture": "#5"},
				"up": {"uv": [0, 0, 0.45, 0.9], "rotation": 270, "texture": "#5"},
				"down": {"uv": [0, 0, 0.45, 0.9], "rotation": 90, "texture": "#5"}
			}
		},
		{
			"from": [6.3, 13.4, 7.55],
			"to": [6.75, 13.55, 8.55],
			"rotation": {"angle": 0, "axis": "y", "origin": [8.5, 7, 8]},
			"faces": {
				"north": {"uv": [0, 0, 0.45, 0.15], "texture": "#5"},
				"east": {"uv": [0, 0, 1, 0.15], "texture": "#5"},
				"south": {"uv": [0, 0, 0.45, 0.15], "texture": "#5"},
				"west": {"uv": [0, 0, 1, 0.15], "texture": "#5"},
				"up": {"uv": [0, 0, 0.45, 1], "rotation": 180, "texture": "#5"},
				"down": {"uv": [0, 0, 0.45, 1], "rotation": 180, "texture": "#5"}
			}
		},
		{
			"from": [8.15, 11.95, 7.5],
			"to": [9.05, 12.5, 8.4],
			"rotation": {"angle": 0, "axis": "y", "origin": [8.5, 7, 8]},
			"faces": {
				"north": {"uv": [0, 0, 0.9, 0.55], "texture": "#5"},
				"east": {"uv": [0, 0, 6.9, 7.55], "texture": "#5"},
				"south": {"uv": [0, 0, 6.9, 7.55], "texture": "#5"},
				"west": {"uv": [0, 0, 6.9, 7.55], "texture": "#5"},
				"up": {"uv": [0, 0, 6.9, 7.9], "rotation": 180, "texture": "#5"},
				"down": {"uv": [0, 0, 6.9, 7.9], "rotation": 180, "texture": "#5"}
			}
		},
		{
			"from": [8.075, 12.5, 7.45],
			"to": [9.125, 12.75, 8.5],
			"rotation": {"angle": 0, "axis": "y", "origin": [8.5, 7, 8]},
			"faces": {
				"north": {"uv": [0, 0, 1.05, 0.25], "texture": "#5"},
				"east": {"uv": [0, 0, 7.05, 6.25], "texture": "#5"},
				"south": {"uv": [0, 0, 1.05, 0.25], "texture": "#5"},
				"west": {"uv": [0, 0, 7.05, 7.25], "texture": "#5"},
				"up": {"uv": [0, 0, 7.05, 7.05], "rotation": 180, "texture": "#5"},
				"down": {"uv": [0, 0, 7.05, 7.05], "rotation": 180, "texture": "#5"}
			}
		},
		{
			"from": [9.75, 11.95, 7.5],
			"to": [10.65, 12.3, 8.4],
			"rotation": {"angle": 0, "axis": "y", "origin": [8.5, 7, 8]},
			"faces": {
				"north": {"uv": [0, 0, 8.9, 9.35], "texture": "#5"},
				"east": {"uv": [0, 0, 8.9, 9.35], "texture": "#5"},
				"south": {"uv": [0, 0, 8.9, 9.35], "texture": "#5"},
				"west": {"uv": [0, 0, 8.9, 9.35], "texture": "#5"},
				"up": {"uv": [0, 0, 8.9, 8.9], "rotation": 180, "texture": "#5"},
				"down": {"uv": [0, 0, 8.9, 8.9], "rotation": 180, "texture": "#5"}
			}
		},
		{
			"from": [9.675, 12.3, 7.45],
			"to": [10.725, 12.55, 8.5],
			"rotation": {"angle": 0, "axis": "y", "origin": [8.5, 7, 8]},
			"faces": {
				"north": {"uv": [0, 0, 1.05, 0.25], "texture": "#5"},
				"east": {"uv": [0, 0, 1.05, 0.25], "texture": "#5"},
				"south": {"uv": [0, 0, 1.05, 0.25], "texture": "#5"},
				"west": {"uv": [0, 0, 1.05, 0.25], "texture": "#5"},
				"up": {"uv": [0, 0, 7.05, 7.05], "rotation": 180, "texture": "#5"},
				"down": {"uv": [0, 0, 1.05, 1.05], "rotation": 180, "texture": "#5"}
			}
		}
	],
	"display": {
		"thirdperson_righthand": {
			"translation": [0, 1.75, 1.25],
			"scale": [0.45, 0.45, 0.45]
		},
		"thirdperson_lefthand": {
			"translation": [0.25, 1.75, 1.5],
			"scale": [0.45, 0.45, 0.45]
		},
		"firstperson_righthand": {
			"rotation": [-24.5, -79.75, 0],
			"translation": [0, 5.25, 1.5],
			"scale": [0.6, 0.6, 0.6]
		},
		"firstperson_lefthand": {
			"rotation": [-24.5, -79.75, 0],
			"translation": [0, 5.25, 2],
			"scale": [0.6, 0.6, 0.6]
		},
		"ground": {
			"translation": [0, 1.5, 0],
			"scale": [0.45, 0.45, 0.45]
		},
		"gui": {
			"rotation": [0, 0, -28.75],
			"translation": [-1.5, -2.75, 0],
			"scale": [0.55, 0.55, 0.55]
		},
		"head": {
			"translation": [1.75, 1.5, 0]
		},
		"fixed": {
			"rotation": [0, -180, 0],
			"translation": [0.25, -3.75, 0],
			"scale": [0.67, 0.67, 0.67]
		}
	},
	"groups": [
		{
			"name": "corpse",
			"origin": [9, 0, 8],
			"color": 0,
			"children": [
				0,
				1,
				{
					"name": "dynamic",
					"origin": [8.5, 7, 8],
					"color": 0,
					"children": [2, 3, 4, 5]
				},
				6,
				7
			]
		},
		{
			"name": "antenna",
			"origin": [9, 0.1, 8],
			"color": 0,
			"children": [8, 9, 10, 11, 12, 13, 14, 15, 16, 17, 18, 19, 20, 21, 22, 23]
		},
		{
			"name": "button",
			"origin": [9.1, 0, 8],
			"color": 0,
			"children": [24, 25]
		},
		{
			"name": "button",
			"origin": [7.5, 0, 8],
			"color": 0,
			"children": [26, 27]
		}
	]
}