{
	"credit": "Made with Blockbench",
	"textures": {
		"0": "license/face",
		"1": "license/back",
		"particle": "license/face"
	},
	"elements": [
		{
			"from": [3, 0, 7.1],
			"to": [13, 16, 8.05],
			"faces": {
				"north": {"uv": [3.30667, 1.97333, 12.69333, 15.41333], "texture": "#0"},
				"east": {"uv": [3.78667, 2.50667, 3.78667, 2.50667], "texture": "#0"},
				"south": {"uv": [3.25333, 1.97333, 12.69333, 15.46667], "texture": "#1"},
				"west": {"uv": [4.58667, 2.45333, 4.58667, 2.45333], "texture": "#0"},
				"up": {"uv": [4.64, 2.29333, 4.64, 2.29333], "texture": "#0"},
				"down": {"uv": [3.84, 2.45333, 3.89333, 2.45333], "texture": "#0"}
			}
		}
	],
	"display": {
		"thirdperson_righthand": {
			"rotation": [0, -180, 0],
			"translation": [0, 3.5, 0.5],
			"scale": [0.45, 0.45, 0.45]
		},
		"thirdperson_lefthand": {
			"rotation": [0, -180, 0],
			"translation": [0, 3.5, 0.5],
			"scale": [0.45, 0.45, 0.45]
		},
		"firstperson_righthand": {
			"rotation": [0, 95, 0],
			"translation": [1, 2.75, 1.25],
			"scale": [0.7, 0.7, 0.7]
		},
		"firstperson_lefthand": {
			"rotation": [0, 95, 0],
			"translation": [1, 2.75, 1.25],
			"scale": [0.7, 0.7, 0.7]
		},
		"ground": {
			"translation": [0, 3.5, 0],
			"scale": [0.5, 0.5, 0.5]
		},
		"gui": {
			"rotation": [0, -180, 0],
			"scale": [0.85, 0.85, 0.85]
		},
		"head": {
			"translation": [0, 0, -6.5]
		}
	}
}