{
	"credit": "Made with Blockbench",
	"textures": {
		"1": "blocks/concrete_gray",
		"2": "blocks/shulker_top_gray",
		"3": "blocks/wool_colored_gray",
		"4": "blocks/iron_block",
		"5": "blocks/stone",
		"6": "blocks/concrete_gray",
		"particle": "blocks/concrete_gray"
	},
	"elements": [
		{
			"from": [7.25, 6, 0.02415],
			"to": [8.84302, 11, 3],
			"rotation": {"angle": 22.5, "axis": "x", "origin": [7.5, 5.5, 0.5]},
			"faces": {
				"north": {"uv": [0, 0, 1.59302, 6], "texture": "#1"},
				"east": {"uv": [0, 0, 1.59302, 6], "texture": "#1"},
				"south": {"uv": [0, 0, 1.59302, 6], "texture": "#1"},
				"west": {"uv": [0, 0, 1.59302, 6], "texture": "#1"},
				"up": {"uv": [0, 0, 1.59302, 6], "texture": "#1"},
				"down": {"uv": [0, 0, 1.59302, 6], "texture": "#1"}
			}
		},
		{
			"from": [7.25, 5.28396, 0.67547],
			"to": [8.84302, 6.04396, 2.57585],
			"rotation": {"angle": 0, "axis": "x", "origin": [7.5, 3.65245, 2.07585]},
			"faces": {
				"north": {"uv": [0, 0, 1.59302, 0.76], "rotation": 180, "texture": "#1"},
				"east": {"uv": [0, 0, 1.59302, 0.76], "rotation": 180, "texture": "#1"},
				"south": {"uv": [0, 0, 1.59302, 0.76], "rotation": 180, "texture": "#1"},
				"west": {"uv": [0, 0, 1.59302, 0.76], "rotation": 180, "texture": "#1"},
				"up": {"uv": [0, 0, 1.59302, 0.76], "rotation": 180, "texture": "#1"},
				"down": {"uv": [0, 0, 1.59302, 0.76], "rotation": 180, "texture": "#1"}
			}
		},
		{
			"from": [7.25, 5.96264, -1.19264],
			"to": [8.84302, 6.62, 0.35755],
			"rotation": {"angle": 45, "axis": "x", "origin": [7.5, 4.08113, 0.10755]},
			"faces": {
				"north": {"uv": [0, 0, 1.59302, 0.65736], "rotation": 180, "texture": "#1"},
				"east": {"uv": [0, 0, 1.59302, 0.65736], "rotation": 180, "texture": "#1"},
				"south": {"uv": [0, 0, 1.59302, 0.65736], "rotation": 180, "texture": "#1"},
				"west": {"uv": [0, 0, 1.59302, 0.65736], "rotation": 180, "texture": "#1"},
				"up": {"uv": [0, 0, 1.59302, 0.65736], "rotation": 180, "texture": "#1"},
				"down": {"uv": [0, 0, 1.59302, 0.65736], "rotation": 180, "texture": "#1"}
			}
		},
		{
			"from": [7.25, 6.8234, -0.3398],
			"to": [8.84302, 7.15472, 1.56057],
			"rotation": {"angle": 45, "axis": "x", "origin": [7.5, 6.11585, -0.68943]},
			"faces": {
				"north": {"uv": [0, 0, 16, 3], "texture": "#3"},
				"east": {"uv": [0, 0, 16, 3], "texture": "#3"},
				"south": {"uv": [0, 0, 16, 3], "texture": "#3"},
				"west": {"uv": [0, 0, 16, 3], "texture": "#3"},
				"up": {"uv": [0, 0, 16, 3], "rotation": 180, "texture": "#3"},
				"down": {"uv": [0, 0, 10, 3], "rotation": 180, "texture": "#3"}
			}
		},
		{
			"from": [7.25, 8.5, 2.26321],
			"to": [8.84302, 12.38887, 3.47094],
			"rotation": {"angle": 0, "axis": "x", "origin": [7.5, 5.5, 0.5]},
			"faces": {
				"north": {"uv": [0, 0, 3, 16], "texture": "#2"},
				"east": {"uv": [0, 0, 3, 16], "texture": "#2"},
				"south": {"uv": [0, 0, 3, 16], "texture": "#2"},
				"west": {"uv": [0, 0, 3, 16], "texture": "#2"},
				"up": {"uv": [0, 0, 3, 16], "texture": "#2"},
				"down": {"uv": [0, 0, 3, 16], "texture": "#2"}
			}
		},
		{
			"from": [7.25, 8.5, 1.75],
			"to": [8.84302, 11.88774, 3.19321],
			"rotation": {"angle": 0, "axis": "x", "origin": [7.5, 5.5, 0.5]},
			"faces": {
				"north": {"uv": [0, 0, 3, 15], "texture": "#1"},
				"east": {"uv": [0, 0, 3, 15], "texture": "#1"},
				"south": {"uv": [0, 0, 3, 15], "texture": "#1"},
				"west": {"uv": [0, 0, 3, 15], "texture": "#1"},
				"up": {"uv": [0, 0, 3, 15], "texture": "#1"},
				"down": {"uv": [0, 0, 3, 15], "texture": "#1"}
			}
		},
		{
			"from": [7.25, 11.40208, 1.96377],
			"to": [8.84302, 12.17755, 3.25],
			"rotation": {"angle": 22.5, "axis": "x", "origin": [7.5, 11.5, 2.625]},
			"faces": {
				"north": {"uv": [0, 0, 3, 5], "rotation": 180, "texture": "#2"},
				"east": {"uv": [0, 0, 3, 3], "rotation": 180, "texture": "#2"},
				"south": {"uv": [0, 0, 3, 5], "rotation": 180, "texture": "#2"},
				"west": {"uv": [0, 0, 3, 5], "rotation": 180, "texture": "#2"},
				"up": {"uv": [0, 0, 3, 5], "rotation": 180, "texture": "#2"},
				"down": {"uv": [0, 0, 3, 5], "rotation": 180, "texture": "#2"}
			}
		},
		{
			"from": [7.25, 9.25, 1.75],
			"to": [8.84302, 10.5, 6.51679],
			"rotation": {"angle": 0, "axis": "x", "origin": [7.5, 5.5, 0.5]},
			"faces": {
				"north": {"uv": [0, 5, 3, 7], "texture": "#2"},
				"east": {"uv": [0, 5, 3, 7], "texture": "#2"},
				"south": {"uv": [0, 5, 3, 7], "texture": "#2"},
				"west": {"uv": [0, 5, 3, 7], "texture": "#2"},
				"up": {"uv": [0, 5, 3, 7], "texture": "#2"},
				"down": {"uv": [0, 5, 3, 7], "texture": "#2"}
			}
		},
		{
			"from": [7.25, 8.42283, 3.73038],
			"to": [8.84302, 9.64264, 5.87679],
			"rotation": {"angle": 0, "axis": "x", "origin": [7.5, 5.5, 0.5]},
			"faces": {
				"north": {"uv": [0, 0, 1.59302, 1.21981], "texture": "#1"},
				"east": {"uv": [0, 0, 1.59302, 1.21981], "texture": "#1"},
				"south": {"uv": [0, 0, 1.59302, 1.21981], "texture": "#1"},
				"west": {"uv": [0, 0, 1.59302, 1.21981], "texture": "#1"},
				"up": {"uv": [0, 0, 1.59302, 1.21981], "texture": "#1"},
				"down": {"uv": [0, 0, 1.59302, 1.21981], "texture": "#1"}
			}
		},
		{
			"from": [7.25, 6.84698, 1.99151],
			"to": [8.84302, 8.06679, 4.13792],
			"rotation": {"angle": 0, "axis": "x", "origin": [7.5, 3.92415, -1.23887]},
			"faces": {
				"north": {"uv": [0, 5, 3, 7], "texture": "#2"},
				"east": {"uv": [0, 5, 3, 7], "texture": "#2"},
				"south": {"uv": [0, 5, 3, 7], "texture": "#2"},
				"west": {"uv": [0, 5, 3, 7], "texture": "#2"},
				"up": {"uv": [0, 5, 3, 7], "texture": "#2"},
				"down": {"uv": [0, 5, 3, 7], "texture": "#2"}
			}
		},
		{
			"from": [7.25, 5.45717, 2.1666],
			"to": [8.84302, 6.67698, 3.49792],
			"rotation": {"angle": 0, "axis": "x", "origin": [7.5, 2.03434, -1.87887]},
			"faces": {
				"north": {"uv": [0, 5, 4, 7], "texture": "#2"},
				"east": {"uv": [0, 5, 4, 7], "texture": "#2"},
				"south": {"uv": [0, 5, 4, 7], "texture": "#2"},
				"west": {"uv": [0, 5, 4, 7], "texture": "#2"},
				"up": {"uv": [0, 5, 4, 7], "texture": "#2"},
				"down": {"uv": [0, 5, 4, 7], "texture": "#2"}
			}
		},
		{
			"from": [7.25, 8.34792, 4.22472],
			"to": [8.84302, 9.76698, 6.57736],
			"rotation": {"angle": 22.5, "axis": "x", "origin": [7.5, 9.625, 5.34972]},
			"faces": {
				"north": {"uv": [0, 5, 3, 7], "texture": "#2"},
				"east": {"uv": [0, 5, 3, 7], "texture": "#2"},
				"south": {"uv": [0, 5, 3, 7], "texture": "#2"},
				"west": {"uv": [0, 5, 3, 7], "texture": "#2"},
				"up": {"uv": [0, 5, 3, 7], "texture": "#2"},
				"down": {"uv": [0, 5, 3, 7], "texture": "#2"}
			}
		},
		{
			"from": [7.44566, 9.78736, 4.00811],
			"to": [8.67151, 10.78774, 10.73717],
			"rotation": {"angle": 0, "axis": "x", "origin": [7.5, 5.5, 0.5]},
			"faces": {
				"north": {"uv": [3, 2, 6.194, 5.811], "texture": "#4"},
				"east": {"uv": [3, 2, 6.194, 5.811], "texture": "#4"},
				"south": {"uv": [3, 2, 6.194, 5.811], "texture": "#4"},
				"west": {"uv": [3, 2, 6.194, 5.811], "texture": "#4"},
				"up": {"uv": [3, 2, 6.194, 5.811], "texture": "#4"},
				"down": {"uv": [3, 2, 6.194, 5.811], "texture": "#4"}
			}
		},
		{
			"from": [7.85019, 13.5266, 2.69906],
			"to": [8.18849, 13.80415, 3.16057],
			"rotation": {"angle": 22.5, "axis": "x", "origin": [8.04349, 13.66358, 2.97208]},
			"faces": {
				"north": {"uv": [3, 2, 4.194, 2.811], "texture": "#4"},
				"east": {"uv": [3, 2, 4.194, 2.811], "texture": "#4"},
				"south": {"uv": [3, 2, 4.194, 2.811], "texture": "#4"},
				"west": {"uv": [3, 2, 4.194, 2.811], "texture": "#4"},
				"up": {"uv": [3, 2, 4.194, 2.811], "texture": "#4"},
				"down": {"uv": [3, 2, 4.194, 2.811], "texture": "#4"}
			}
		},
		{
			"from": [7.85019, 12.96189, 3.13698],
			"to": [8.18849, 13.71321, 3.43264],
			"rotation": {"angle": -45, "axis": "x", "origin": [8.04349, 13.44019, 3.30415]},
			"faces": {
				"north": {"uv": [3, 2, 4.194, 2.811], "rotation": 180, "texture": "#4"},
				"east": {"uv": [3, 2, 4.194, 2.811], "rotation": 180, "texture": "#4"},
				"south": {"uv": [3, 2, 4.194, 2.811], "rotation": 180, "texture": "#4"},
				"west": {"uv": [3, 2, 4.194, 2.811], "rotation": 180, "texture": "#4"},
				"up": {"uv": [3, 2, 4.194, 2.811], "rotation": 180, "texture": "#4"},
				"down": {"uv": [3, 2, 4.194, 2.811], "rotation": 180, "texture": "#4"}
			}
		},
		{
			"from": [7.85019, 12.69623, 3.2517],
			"to": [8.18849, 13.51396, 3.49906],
			"rotation": {"angle": -22.5, "axis": "x", "origin": [8.04349, 13.17453, 3.43698]},
			"faces": {
				"north": {"uv": [3, 2, 4.194, 2.811], "rotation": 180, "texture": "#4"},
				"east": {"uv": [3, 2, 4.194, 2.811], "rotation": 180, "texture": "#4"},
				"south": {"uv": [3, 2, 4.194, 2.811], "rotation": 180, "texture": "#4"},
				"west": {"uv": [3, 2, 4.194, 2.811], "rotation": 180, "texture": "#4"},
				"up": {"uv": [3, 2, 4.194, 2.811], "rotation": 180, "texture": "#4"},
				"down": {"uv": [3, 2, 4.194, 2.811], "rotation": 180, "texture": "#4"}
			}
		},
		{
			"from": [7.85019, 12.30321, 3.30774],
			"to": [8.18849, 13.63755, 4.20396],
			"rotation": {"angle": 45, "axis": "x", "origin": [8.04349, 12.97038, 3.72566]},
			"faces": {
				"north": {"uv": [3, 2, 4.194, 2.811], "texture": "#4"},
				"east": {"uv": [3, 2, 4.194, 2.811], "texture": "#4"},
				"south": {"uv": [3, 2, 4.194, 2.811], "texture": "#4"},
				"west": {"uv": [3, 2, 4.194, 2.811], "texture": "#4"},
				"up": {"uv": [3, 2, 4.194, 2.811], "texture": "#4"},
				"down": {"uv": [3, 2, 4.194, 2.811], "texture": "#4"}
			}
		},
		{
			"from": [7.44566, 12.30321, 3.4466],
			"to": [8.67151, 13.63755, 4.36698],
			"rotation": {"angle": 45, "axis": "x", "origin": [8.04349, 12.97038, 3.72566]},
			"faces": {
				"north": {"uv": [3, 2, 6.194, 5.811], "texture": "#4"},
				"east": {"uv": [3, 3, 12, 6], "texture": "#4"},
				"south": {"uv": [3, 2, 6.194, 5.811], "texture": "#4"},
				"west": {"uv": [3, 2, 6.194, 5.811], "texture": "#4"},
				"up": {"uv": [3, 2, 6.194, 5.811], "texture": "#4"},
				"down": {"uv": [3, 2, 6.194, 5.811], "texture": "#4"}
			}
		},
		{
			"from": [7.85019, 12.19019, 2.78075],
			"to": [8.18849, 12.89925, 3.77094],
			"rotation": {"angle": -22.5, "axis": "x", "origin": [8.04349, 12.46925, 3.10377]},
			"faces": {
				"north": {"uv": [3, 2, 4.194, 2.811], "rotation": 180, "texture": "#4"},
				"east": {"uv": [3, 2, 4.194, 2.811], "rotation": 180, "texture": "#4"},
				"south": {"uv": [3, 2, 4.194, 2.811], "rotation": 180, "texture": "#4"},
				"west": {"uv": [3, 2, 4.194, 2.811], "rotation": 180, "texture": "#4"},
				"up": {"uv": [3, 2, 4.194, 2.811], "rotation": 180, "texture": "#4"},
				"down": {"uv": [3, 2, 4.194, 2.811], "rotation": 180, "texture": "#4"}
			}
		},
		{
			"from": [7.44566, 12.19019, 2.4366],
			"to": [8.67151, 12.7483, 3.77094],
			"rotation": {"angle": -22.5, "axis": "x", "origin": [8.04349, 12.46925, 3.10377]},
			"faces": {
				"north": {"uv": [3, 2, 6.194, 5.811], "rotation": 180, "texture": "#4"},
				"east": {"uv": [3, 2, 6.194, 5.811], "rotation": 180, "texture": "#4"},
				"south": {"uv": [3, 2, 6.194, 5.811], "rotation": 180, "texture": "#4"},
				"west": {"uv": [3, 2, 6.194, 5.811], "rotation": 180, "texture": "#4"},
				"up": {"uv": [3, 2, 6.194, 5.811], "rotation": 180, "texture": "#4"},
				"down": {"uv": [3, 2, 6.194, 5.811], "rotation": 180, "texture": "#4"}
			}
		},
		{
			"from": [7.85019, 12.69566, 3.5734],
			"to": [8.18849, 13.77038, 4.2583],
			"rotation": {"angle": 22.5, "axis": "x", "origin": [8.04349, 13.36283, 3.97925]},
			"faces": {
				"north": {"uv": [3, 2, 4.194, 2.811], "texture": "#4"},
				"east": {"uv": [3, 2, 4.194, 2.811], "texture": "#4"},
				"south": {"uv": [3, 2, 4.194, 2.811], "texture": "#4"},
				"west": {"uv": [3, 2, 4.194, 2.811], "texture": "#4"},
				"up": {"uv": [3, 2, 4.194, 2.811], "texture": "#4"},
				"down": {"uv": [3, 2, 4.194, 2.811], "texture": "#4"}
			}
		},
		{
			"from": [7.44566, 12.69566, 3.70019],
			"to": [8.67151, 14.03, 4.2583],
			"rotation": {"angle": 22.5, "axis": "x", "origin": [8.04349, 13.36283, 3.97925]},
			"faces": {
				"north": {"uv": [3, 2, 6.194, 5.811], "texture": "#4"},
				"east": {"uv": [3, 3, 12, 6], "texture": "#4"},
				"south": {"uv": [3, 2, 6.194, 5.811], "texture": "#4"},
				"west": {"uv": [3, 2, 6.194, 5.811], "texture": "#4"},
				"up": {"uv": [3, 2, 6.194, 5.811], "texture": "#4"},
				"down": {"uv": [3, 2, 6.194, 5.811], "texture": "#4"}
			}
		},
		{
			"from": [7.44566, 13.76264, 4.00811],
			"to": [8.67151, 14.12057, 11.83792],
			"rotation": {"angle": 0, "axis": "x", "origin": [7.5, 5.5, 0.5]},
			"faces": {
				"north": {"uv": [3, 2, 6.194, 5.811], "texture": "#4"},
				"east": {"uv": [3, 2, 6.194, 5.811], "texture": "#4"},
				"south": {"uv": [3, 2, 6.194, 5.811], "texture": "#4"},
				"west": {"uv": [3, 2, 6.194, 5.811], "texture": "#4"},
				"up": {"uv": [3, 2, 6.194, 5.811], "texture": "#4"},
				"down": {"uv": [3, 2, 6.194, 5.811], "texture": "#4"}
			}
		},
		{
			"from": [7.19566, 10.53623, 4.00811],
			"to": [8.92151, 13.78623, 6.4866],
			"rotation": {"angle": 0, "axis": "x", "origin": [7.5, 5.5, 0.5]},
			"faces": {
				"north": {"uv": [3, 2, 6.194, 5.811], "texture": "#4"},
				"east": {"uv": [3, 2, 6.194, 5.811], "texture": "#4"},
				"south": {"uv": [3, 2, 6.194, 5.811], "texture": "#4"},
				"west": {"uv": [3, 2, 6.194, 5.811], "texture": "#4"},
				"up": {"uv": [3, 2, 6.194, 5.811], "texture": "#4"},
				"down": {"uv": [3, 2, 6.194, 5.811], "texture": "#4"}
			}
		},
		{
			"from": [7.44566, 9.28623, 1.61113],
			"to": [8.67151, 11.98321, 6.4866],
			"rotation": {"angle": 0, "axis": "x", "origin": [7.5, 5.5, 0.5]},
			"faces": {
				"north": {"uv": [3, 2, 6.194, 5.811], "texture": "#4"},
				"east": {"uv": [3, 2, 6.194, 5.811], "texture": "#4"},
				"south": {"uv": [3, 2, 6.194, 5.811], "texture": "#4"},
				"west": {"uv": [3, 2, 6.194, 5.811], "texture": "#4"},
				"up": {"uv": [3, 2, 6.194, 5.811], "texture": "#4"},
				"down": {"uv": [3, 2, 6.194, 5.811], "texture": "#4"}
			}
		},
		{
			"from": [7.44566, 9.28623, 2.24509],
			"to": [8.67151, 12.5266, 6.4866],
			"rotation": {"angle": 0, "axis": "x", "origin": [7.5, 5.5, 0.5]},
			"faces": {
				"north": {"uv": [3, 2, 6.194, 5.811], "texture": "#4"},
				"east": {"uv": [3, 2, 6.194, 5.811], "texture": "#4"},
				"south": {"uv": [3, 2, 6.194, 5.811], "texture": "#4"},
				"west": {"uv": [3, 2, 6.194, 5.811], "texture": "#4"},
				"up": {"uv": [3, 2, 6.194, 5.811], "texture": "#4"},
				"down": {"uv": [3, 2, 6.194, 5.811], "texture": "#4"}
			}
		},
		{
			"from": [7.44566, 9.78736, 10.52283],
			"to": [8.67151, 14.09642, 11.43151],
			"rotation": {"angle": 0, "axis": "x", "origin": [7.5, 5.5, 0.5]},
			"faces": {
				"north": {"uv": [3, 2, 6.194, 5.811], "texture": "#4"},
				"east": {"uv": [3, 2, 6.194, 5.811], "texture": "#4"},
				"south": {"uv": [3, 2, 6.194, 5.811], "texture": "#4"},
				"west": {"uv": [3, 2, 6.194, 5.811], "texture": "#4"},
				"up": {"uv": [3, 2, 6.194, 5.811], "texture": "#4"},
				"down": {"uv": [3, 2, 6.194, 5.811], "texture": "#4"}
			}
		},
		{
			"from": [7.69566, 11.45377, 11.30774],
			"to": [8.42151, 13.26925, 15.07642],
			"rotation": {"angle": 0, "axis": "x", "origin": [7.5, 5.5, 0.98906]},
			"faces": {
				"north": {"uv": [1, 3, 14.194, 5.811], "texture": "#4"},
				"east": {"uv": [1, 3, 14.194, 5.811], "texture": "#4"},
				"south": {"uv": [1, 3, 14.194, 5.811], "texture": "#4"},
				"west": {"uv": [1, 3, 14.194, 5.811], "texture": "#4"},
				"up": {"uv": [1, 3, 14.194, 5.811], "texture": "#4"},
				"down": {"uv": [1, 3, 14.194, 5.811], "texture": "#4"}
			}
		},
		{
			"from": [7.69566, 12.49226, 11.30774],
			"to": [8.42151, 14.1266, 12.47],
			"rotation": {"angle": 0, "axis": "x", "origin": [7.5, 6.53849, 0.98906]},
			"faces": {
				"north": {"uv": [3, 2, 6.194, 5.811], "texture": "#4"},
				"east": {"uv": [3, 2, 6.194, 5.811], "texture": "#4"},
				"south": {"uv": [3, 2, 6.194, 5.811], "texture": "#4"},
				"west": {"uv": [3, 2, 6.194, 5.811], "texture": "#4"},
				"up": {"uv": [3, 2, 6.194, 5.811], "texture": "#4"},
				"down": {"uv": [3, 2, 6.194, 5.811], "texture": "#4"}
			}
		},
		{
			"from": [7.69566, 14.07415, 5.73491],
			"to": [8.42151, 14.2534, 15.07642],
			"rotation": {"angle": 0, "axis": "x", "origin": [7.5, 6.53849, 0.98906]},
			"faces": {
				"north": {"uv": [3, 2, 6.194, 5.811], "texture": "#4"},
				"east": {"uv": [3, 2, 6.194, 5.811], "texture": "#4"},
				"south": {"uv": [3, 2, 6.194, 5.811], "texture": "#4"},
				"west": {"uv": [3, 2, 6.194, 5.811], "texture": "#4"},
				"up": {"uv": [3, 2, 6.194, 5.811], "texture": "#4"},
				"down": {"uv": [3, 2, 6.194, 5.811], "texture": "#4"}
			}
		},
		{
			"from": [7.69566, 12.49226, 13.71472],
			"to": [8.42151, 14.1266, 15.07642],
			"rotation": {"angle": 0, "axis": "x", "origin": [7.5, 6.53849, 8.35509]},
			"faces": {
				"north": {"uv": [3, 2, 6.194, 5.811], "texture": "#4"},
				"east": {"uv": [3, 2, 6.194, 5.811], "texture": "#4"},
				"south": {"uv": [3, 2, 6.194, 5.811], "texture": "#4"},
				"west": {"uv": [3, 2, 6.194, 5.811], "texture": "#4"},
				"up": {"uv": [3, 2, 6.194, 5.811], "texture": "#4"},
				"down": {"uv": [3, 2, 6.194, 5.811], "texture": "#4"}
			}
		},
		{
			"from": [7.44566, 11.03774, 11.08377],
			"to": [8.67151, 13.30491, 11.75208],
			"rotation": {"angle": 22.5, "axis": "x", "origin": [8.05858, 12.09585, 11.53264]},
			"faces": {
				"north": {"uv": [3, 2, 6.194, 5.811], "rotation": 180, "texture": "#4"},
				"east": {"uv": [3, 2, 6.194, 5.811], "rotation": 180, "texture": "#4"},
				"south": {"uv": [3, 2, 6.194, 5.811], "rotation": 180, "texture": "#4"},
				"west": {"uv": [3, 2, 6.194, 5.811], "rotation": 180, "texture": "#4"},
				"up": {"uv": [3, 2, 6.194, 5.811], "rotation": 180, "texture": "#4"},
				"down": {"uv": [3, 2, 6.194, 5.811], "rotation": 180, "texture": "#4"}
			}
		},
		{
			"from": [7.54472, 11.79038, 11.30774],
			"to": [7.92642, 13.15302, 15.07642],
			"rotation": {"angle": 22.5, "axis": "z", "origin": [7.67217, 12.4717, 15.44208]},
			"faces": {
				"north": {"uv": [1, 3, 14.194, 5.811], "texture": "#4"},
				"east": {"uv": [1, 3, 14.194, 5.811], "texture": "#4"},
				"south": {"uv": [1, 3, 14.194, 5.811], "texture": "#4"},
				"west": {"uv": [1, 3, 14.194, 5.811], "texture": "#4"},
				"up": {"uv": [1, 3, 14.194, 5.811], "texture": "#4"},
				"down": {"uv": [1, 3, 14.194, 5.811], "texture": "#4"}
			}
		},
		{
			"from": [8.20887, 11.79038, 11.30774],
			"to": [8.59057, 13.15302, 15.07642],
			"rotation": {"angle": -22.5, "axis": "z", "origin": [8.33632, 12.4717, 15.44208]},
			"faces": {
				"north": {"uv": [1, 3, 14.194, 5.811], "texture": "#4"},
				"east": {"uv": [1, 3, 14.194, 5.811], "texture": "#4"},
				"south": {"uv": [1, 3, 14.194, 5.811], "texture": "#4"},
				"west": {"uv": [1, 3, 14.194, 5.811], "texture": "#4"},
				"up": {"uv": [1, 3, 14.194, 5.811], "texture": "#4"},
				"down": {"uv": [1, 3, 14.194, 5.811], "texture": "#4"}
			}
		},
		{
			"from": [7.44566, 9.91661, 9.3208],
			"to": [8.67151, 10.44001, 9.75853],
			"rotation": {"angle": 0, "axis": "x", "origin": [8.05858, 10.66435, 9.48533]},
			"faces": {
				"north": {"uv": [0, 0, 16, 16], "texture": "#4"},
				"east": {"uv": [0, 0, 16, 16], "texture": "#4"},
				"south": {"uv": [0, 0, 16, 16], "texture": "#4"},
				"west": {"uv": [0, 0, 16, 16], "texture": "#4"},
				"up": {"uv": [0, 0, 16, 16], "texture": "#4"},
				"down": {"uv": [0, 0, 16, 16], "texture": "#4"}
			}
		},
		{
			"from": [7.46736, 11.22698, 1.65585],
			"to": [8.66189, 12.03868, 3.16547],
			"rotation": {"angle": 45, "axis": "x", "origin": [7.5, 11.51208, 2.54047]},
			"faces": {
				"north": {"uv": [3, 2, 6.194, 5.811], "texture": "#4"},
				"east": {"uv": [3, 2, 6.194, 5.811], "texture": "#4"},
				"south": {"uv": [3, 2, 6.194, 5.811], "texture": "#4"},
				"west": {"uv": [3, 2, 6.194, 5.811], "texture": "#4"},
				"up": {"uv": [3, 2, 6.194, 5.811], "texture": "#4"},
				"down": {"uv": [3, 2, 6.194, 5.811], "texture": "#4"}
			}
		},
		{
			"from": [7.44566, 10.77755, 6.6],
			"to": [8.67151, 13.86094, 10.40679],
			"rotation": {"angle": 0, "axis": "x", "origin": [7.5, 5.5, 3.04189]},
			"faces": {
				"north": {"uv": [7, 6, 11, 10], "texture": "#5"},
				"east": {"uv": [7, 6, 11, 10], "texture": "#5"},
				"south": {"uv": [7, 6, 11, 10], "texture": "#5"},
				"west": {"uv": [7, 6, 11, 10], "texture": "#5"},
				"up": {"uv": [7, 6, 11, 10], "texture": "#5"},
				"down": {"uv": [7, 6, 11, 10], "texture": "#5"}
			}
		},
		{
			"from": [6.51689, 11.70632, 6.6],
			"to": [9.60028, 12.93217, 10.40679],
			"rotation": {"angle": 0, "axis": "z", "origin": [8.05858, 12.31925, 8.60434]},
			"faces": {
				"north": {"uv": [7, 6, 11, 10], "rotation": 270, "texture": "#5"},
				"east": {"uv": [7, 6, 11, 10], "rotation": 270, "texture": "#5"},
				"south": {"uv": [7, 6, 11, 10], "rotation": 270, "texture": "#5"},
				"west": {"uv": [7, 6, 11, 10], "rotation": 270, "texture": "#5"},
				"up": {"uv": [7, 6, 11, 10], "rotation": 270, "texture": "#5"},
				"down": {"uv": [7, 6, 11, 10], "rotation": 270, "texture": "#5"}
			}
		},
		{
			"from": [6.51689, 11.70632, 6.6],
			"to": [9.60028, 12.93217, 10.40679],
			"rotation": {"angle": -45, "axis": "z", "origin": [8.05858, 12.31925, 8.60434]},
			"faces": {
				"north": {"uv": [7, 6, 11, 10], "rotation": 270, "texture": "#5"},
				"east": {"uv": [7, 6, 11, 10], "rotation": 270, "texture": "#5"},
				"south": {"uv": [7, 6, 11, 10], "rotation": 270, "texture": "#5"},
				"west": {"uv": [7, 6, 11, 10], "rotation": 270, "texture": "#5"},
				"up": {"uv": [7, 6, 11, 10], "rotation": 270, "texture": "#5"},
				"down": {"uv": [7, 6, 11, 10], "rotation": 270, "texture": "#5"}
			}
		},
		{
			"from": [7.44566, 10.77755, 6.6],
			"to": [8.67151, 13.86094, 10.40679],
			"rotation": {"angle": -45, "axis": "z", "origin": [8.05858, 12.31925, 8.60434]},
			"faces": {
				"north": {"uv": [7, 6, 11, 10], "rotation": 180, "texture": "#5"},
				"east": {"uv": [7, 6, 11, 10], "rotation": 180, "texture": "#5"},
				"south": {"uv": [7, 6, 11, 10], "rotation": 180, "texture": "#5"},
				"west": {"uv": [7, 6, 11, 10], "rotation": 180, "texture": "#5"},
				"up": {"uv": [7, 6, 11, 10], "rotation": 180, "texture": "#5"},
				"down": {"uv": [7, 6, 11, 10], "rotation": 180, "texture": "#5"}
			}
		},
		{
			"from": [7.85623, 12.50472, 11.40434],
			"to": [8.24755, 13.87906, 15.08849],
			"rotation": {"angle": 0, "axis": "z", "origin": [8.05189, 12.81689, 11.71075]},
			"faces": {
				"north": {"uv": [7, 6, 10, 9], "rotation": 180, "texture": "#4"},
				"east": {"uv": [7, 6, 10, 9], "rotation": 180, "texture": "#4"},
				"south": {"uv": [7, 6, 10, 9], "rotation": 180, "texture": "#4"},
				"west": {"uv": [7, 6, 10, 9], "rotation": 180, "texture": "#4"},
				"up": {"uv": [7, 6, 10, 9], "rotation": 180, "texture": "#4"},
				"down": {"uv": [7, 6, 10, 9], "rotation": 180, "texture": "#4"}
			}
		},
		{
			"from": [7.85623, 12.50472, 11.40434],
			"to": [8.24755, 13.87906, 15.08849],
			"rotation": {"angle": -22.5, "axis": "z", "origin": [8.05189, 13.19189, 15.49642]},
			"faces": {
				"north": {"uv": [7, 6, 10, 9], "rotation": 180, "texture": "#4"},
				"east": {"uv": [7, 6, 10, 9], "rotation": 180, "texture": "#4"},
				"south": {"uv": [7, 6, 10, 9], "rotation": 180, "texture": "#4"},
				"west": {"uv": [7, 6, 10, 9], "rotation": 180, "texture": "#4"},
				"up": {"uv": [7, 6, 10, 9], "rotation": 180, "texture": "#4"},
				"down": {"uv": [7, 6, 10, 9], "rotation": 180, "texture": "#4"}
			}
		},
		{
			"from": [7.85623, 12.50472, 11.40434],
			"to": [8.24755, 13.87906, 15.08849],
			"rotation": {"angle": -45, "axis": "z", "origin": [8.05189, 13.19189, 15.49642]},
			"faces": {
				"north": {"uv": [7, 6, 10, 9], "rotation": 180, "texture": "#4"},
				"east": {"uv": [7, 6, 10, 9], "rotation": 180, "texture": "#4"},
				"south": {"uv": [7, 6, 10, 9], "rotation": 180, "texture": "#4"},
				"west": {"uv": [7, 6, 10, 9], "rotation": 180, "texture": "#4"},
				"up": {"uv": [7, 6, 10, 9], "rotation": 180, "texture": "#4"},
				"down": {"uv": [7, 6, 10, 9], "rotation": 180, "texture": "#4"}
			}
		},
		{
			"from": [7.36472, 12.99623, 11.40434],
			"to": [8.73906, 13.38755, 15.08849],
			"rotation": {"angle": 22.5, "axis": "z", "origin": [8.05189, 13.19189, 15.49642]},
			"faces": {
				"north": {"uv": [7, 6, 10, 9], "rotation": 270, "texture": "#4"},
				"east": {"uv": [7, 6, 10, 9], "rotation": 270, "texture": "#4"},
				"south": {"uv": [7, 6, 10, 9], "rotation": 270, "texture": "#4"},
				"west": {"uv": [7, 6, 10, 9], "rotation": 270, "texture": "#4"},
				"up": {"uv": [7, 6, 10, 9], "rotation": 270, "texture": "#4"},
				"down": {"uv": [7, 6, 10, 9], "rotation": 270, "texture": "#4"}
			}
		},
		{
			"from": [7.36472, 12.99623, 11.40434],
			"to": [8.73906, 13.38755, 15.08849],
			"rotation": {"angle": 0, "axis": "z", "origin": [8.05189, 13.19189, 15.49642]},
			"faces": {
				"north": {"uv": [7, 6, 10, 9], "rotation": 270, "texture": "#4"},
				"east": {"uv": [7, 6, 10, 9], "rotation": 270, "texture": "#4"},
				"south": {"uv": [7, 6, 10, 9], "rotation": 270, "texture": "#4"},
				"west": {"uv": [7, 6, 10, 9], "rotation": 270, "texture": "#4"},
				"up": {"uv": [7, 6, 10, 9], "rotation": 270, "texture": "#4"},
				"down": {"uv": [7, 6, 10, 9], "rotation": 270, "texture": "#4"}
			}
		},
		{
			"from": [7.36472, 12.99623, 11.40434],
			"to": [8.73906, 13.38755, 15.08849],
			"rotation": {"angle": -22.5, "axis": "z", "origin": [8.05189, 13.19189, 15.49642]},
			"faces": {
				"north": {"uv": [7, 6, 10, 9], "rotation": 270, "texture": "#4"},
				"east": {"uv": [7, 6, 10, 9], "rotation": 270, "texture": "#4"},
				"south": {"uv": [7, 6, 10, 9], "rotation": 270, "texture": "#4"},
				"west": {"uv": [7, 6, 10, 9], "rotation": 270, "texture": "#4"},
				"up": {"uv": [7, 6, 10, 9], "rotation": 270, "texture": "#4"},
				"down": {"uv": [7, 6, 10, 9], "rotation": 270, "texture": "#4"}
			}
		},
		{
			"from": [7.36472, 12.99623, 11.40434],
			"to": [8.73906, 13.38755, 15.08849],
			"rotation": {"angle": -45, "axis": "z", "origin": [8.05189, 13.19189, 15.49642]},
			"faces": {
				"north": {"uv": [7, 6, 10, 9], "rotation": 270, "texture": "#4"},
				"east": {"uv": [7, 6, 10, 9], "rotation": 270, "texture": "#4"},
				"south": {"uv": [7, 6, 10, 9], "rotation": 270, "texture": "#4"},
				"west": {"uv": [7, 6, 10, 9], "rotation": 270, "texture": "#4"},
				"up": {"uv": [7, 6, 10, 9], "rotation": 270, "texture": "#4"},
				"down": {"uv": [7, 6, 10, 9], "rotation": 270, "texture": "#4"}
			}
		},
		{
			"from": [7.85623, 12.50472, 11.40434],
			"to": [8.24755, 13.87906, 15.08849],
			"rotation": {"angle": 22.5, "axis": "z", "origin": [8.05189, 13.19189, 15.49642]},
			"faces": {
				"north": {"uv": [7, 6, 10, 9], "texture": "#4"},
				"east": {"uv": [7, 6, 10, 9], "texture": "#4"},
				"south": {"uv": [7, 6, 10, 9], "texture": "#4"},
				"west": {"uv": [7, 6, 10, 9], "texture": "#4"},
				"up": {"uv": [7, 6, 10, 9], "texture": "#4"},
				"down": {"uv": [7, 6, 10, 9], "texture": "#4"}
			}
		},
		{
			"from": [7.67358, 12.20283, 10.57113],
			"to": [8.43321, 14.0783, 11.86019],
			"rotation": {"angle": 0, "axis": "z", "origin": [7.86925, 13.01613, 10.87755]},
			"faces": {
				"north": {"uv": [3, 5, 5.288, 7.875], "rotation": 180, "texture": "#4"},
				"east": {"uv": [3, 5, 5.288, 7.875], "rotation": 180, "texture": "#4"},
				"south": {"uv": [3, 5, 5.288, 7.875], "rotation": 180, "texture": "#4"},
				"west": {"uv": [3, 5, 5.288, 7.875], "rotation": 180, "texture": "#4"},
				"up": {"uv": [3, 5, 5.288, 7.875], "rotation": 180, "texture": "#4"},
				"down": {"uv": [3, 5, 5.288, 7.875], "rotation": 180, "texture": "#4"}
			}
		},
		{
			"from": [7.11566, 12.76075, 10.57113],
			"to": [8.99113, 13.52038, 11.86019],
			"rotation": {"angle": 0, "axis": "z", "origin": [8.0534, 13.14057, 14.66321]},
			"faces": {
				"north": {"uv": [3, 5, 5.288, 7.875], "rotation": 270, "texture": "#4"},
				"east": {"uv": [3, 5, 5.288, 7.875], "rotation": 270, "texture": "#4"},
				"south": {"uv": [3, 5, 5.288, 7.875], "rotation": 270, "texture": "#4"},
				"west": {"uv": [3, 5, 5.288, 7.875], "rotation": 270, "texture": "#4"},
				"up": {"uv": [3, 5, 5.288, 7.875], "rotation": 270, "texture": "#4"},
				"down": {"uv": [3, 5, 5.288, 7.875], "rotation": 270, "texture": "#4"}
			}
		},
		{
			"from": [7.11566, 12.76075, 10.57113],
			"to": [8.99113, 13.52038, 11.86019],
			"rotation": {"angle": -45, "axis": "z", "origin": [8.0534, 13.14057, 14.66321]},
			"faces": {
				"north": {"uv": [3, 5, 5.288, 7.875], "rotation": 270, "texture": "#4"},
				"east": {"uv": [3, 5, 5.288, 7.875], "rotation": 270, "texture": "#4"},
				"south": {"uv": [3, 5, 5.288, 7.875], "rotation": 270, "texture": "#4"},
				"west": {"uv": [3, 5, 5.288, 7.875], "rotation": 270, "texture": "#4"},
				"up": {"uv": [3, 5, 5.288, 7.875], "rotation": 270, "texture": "#4"},
				"down": {"uv": [3, 5, 5.288, 7.875], "rotation": 270, "texture": "#4"}
			}
		},
		{
			"from": [7.11566, 12.76075, 10.57113],
			"to": [8.99113, 13.52038, 11.86019],
			"rotation": {"angle": 45, "axis": "z", "origin": [8.0534, 13.14057, 14.66321]},
			"faces": {
				"north": {"uv": [3, 5, 5.288, 7.875], "rotation": 270, "texture": "#4"},
				"east": {"uv": [3, 5, 5.288, 7.875], "rotation": 270, "texture": "#4"},
				"south": {"uv": [3, 5, 5.288, 7.875], "rotation": 270, "texture": "#4"},
				"west": {"uv": [3, 5, 5.288, 7.875], "rotation": 270, "texture": "#4"},
				"up": {"uv": [3, 5, 5.288, 7.875], "rotation": 270, "texture": "#4"},
				"down": {"uv": [3, 5, 5.288, 7.875], "rotation": 270, "texture": "#4"}
			}
		},
		{
			"from": [7.44566, 8.9783, 5.97642],
			"to": [8.67151, 10.09943, 6.87302],
			"rotation": {"angle": 22.5, "axis": "x", "origin": [8.05858, 9.53887, 6.49113]},
			"faces": {
				"north": {"uv": [4, 4, 12, 12], "texture": "#4"},
				"east": {"uv": [4, 4, 12, 12], "texture": "#4"},
				"south": {"uv": [4, 4, 12, 12], "texture": "#4"},
				"west": {"uv": [4, 4, 12, 12], "texture": "#4"},
				"up": {"uv": [4, 4, 12, 12], "texture": "#4"},
				"down": {"uv": [4, 4, 12, 12], "texture": "#4"}
			}
		},
		{
			"from": [7.68113, 8.25377, 6.26623],
			"to": [8.43, 9.37491, 6.45038],
			"rotation": {"angle": 0, "axis": "x", "origin": [8.05858, 8.81434, 6.50925]},
			"faces": {
				"north": {"uv": [4, 4, 12, 12], "texture": "#4"},
				"east": {"uv": [4, 4, 12, 12], "texture": "#4"},
				"south": {"uv": [4, 4, 12, 12], "texture": "#4"},
				"west": {"uv": [4, 4, 12, 12], "texture": "#4"},
				"up": {"uv": [4, 4, 12, 12], "texture": "#4"},
				"down": {"uv": [4, 4, 12, 12], "texture": "#4"}
			}
		},
		{
			"from": [7.68113, 7.78887, 6.45943],
			"to": [8.43, 8.43302, 6.64358],
			"rotation": {"angle": -22.5, "axis": "x", "origin": [8.05858, 7.87245, 6.70245]},
			"faces": {
				"north": {"uv": [4, 4, 12, 12], "texture": "#4"},
				"east": {"uv": [4, 4, 12, 12], "texture": "#4"},
				"south": {"uv": [4, 4, 12, 12], "texture": "#4"},
				"west": {"uv": [4, 4, 12, 12], "texture": "#4"},
				"up": {"uv": [4, 4, 12, 12], "texture": "#4"},
				"down": {"uv": [4, 4, 12, 12], "texture": "#4"}
			}
		},
		{
			"from": [7.68113, 7.70189, 6.54038],
			"to": [8.43, 7.88604, 8.86906],
			"rotation": {"angle": 0, "axis": "x", "origin": [8.05858, 7.94491, 7.10094]},
			"faces": {
				"north": {"uv": [4, 4, 12, 12], "rotation": 270, "texture": "#4"},
				"east": {"uv": [4, 4, 12, 12], "rotation": 270, "texture": "#4"},
				"south": {"uv": [4, 4, 12, 12], "rotation": 270, "texture": "#4"},
				"west": {"uv": [4, 4, 12, 12], "rotation": 270, "texture": "#4"},
				"up": {"uv": [4, 4, 12, 12], "rotation": 270, "texture": "#4"},
				"down": {"uv": [4, 4, 12, 12], "rotation": 270, "texture": "#4"}
			}
		},
		{
			"from": [7.68113, 7.6017, 8.8383],
			"to": [8.43, 8.37264, 9.02245],
			"rotation": {"angle": 45, "axis": "x", "origin": [8.05858, 7.81208, 9.08132]},
			"faces": {
				"north": {"uv": [3, 3, 12, 6], "texture": "#4"},
				"east": {"uv": [3, 3, 12, 6], "texture": "#4"},
				"south": {"uv": [3, 3, 12, 6], "texture": "#4"},
				"west": {"uv": [3, 3, 12, 6], "texture": "#4"},
				"up": {"uv": [3, 3, 12, 6], "texture": "#4"},
				"down": {"uv": [3, 3, 12, 6], "texture": "#4"}
			}
		},
		{
			"from": [7.68113, 8.25377, 9.24887],
			"to": [8.43, 9.37491, 9.43302],
			"rotation": {"angle": 0, "axis": "x", "origin": [8.05858, 8.81434, 9.49189]},
			"faces": {
				"north": {"uv": [3, 3, 12, 6], "texture": "#4"},
				"east": {"uv": [3, 3, 12, 6], "texture": "#4"},
				"south": {"uv": [3, 3, 12, 6], "texture": "#4"},
				"west": {"uv": [3, 3, 12, 6], "texture": "#4"},
				"up": {"uv": [3, 3, 12, 6], "texture": "#4"},
				"down": {"uv": [3, 3, 12, 6], "texture": "#4"}
			}
		},
		{
			"from": [7.44566, 8.88774, 8.95302],
			"to": [8.67151, 10.00887, 9.30623],
			"rotation": {"angle": -22.5, "axis": "x", "origin": [8.05858, 9.4483, 9.20208]},
			"faces": {
				"north": {"uv": [3, 3, 12, 6], "texture": "#4"},
				"east": {"uv": [3, 3, 12, 6], "texture": "#4"},
				"south": {"uv": [3, 3, 12, 6], "texture": "#4"},
				"west": {"uv": [3, 3, 12, 6], "texture": "#4"},
				"up": {"uv": [3, 3, 12, 6], "texture": "#4"},
				"down": {"uv": [3, 3, 12, 6], "texture": "#4"}
			}
		},
		{
			"from": [7.44566, 8.84793, 9.21816],
			"to": [8.67151, 10.21058, 9.47476],
			"rotation": {"angle": 0, "axis": "x", "origin": [8.05858, 10.12699, 9.29816]},
			"faces": {
				"north": {"uv": [3, 3, 12, 6], "texture": "#4"},
				"east": {"uv": [3, 3, 12, 6], "texture": "#4"},
				"south": {"uv": [3, 3, 12, 6], "texture": "#4"},
				"west": {"uv": [3, 3, 12, 6], "texture": "#4"},
				"up": {"uv": [3, 3, 12, 6], "texture": "#4"},
				"down": {"uv": [3, 3, 12, 6], "texture": "#4"}
			}
		},
		{
			"from": [7.44566, 8.86001, 9.36306],
			"to": [8.67151, 9.98114, 9.70419],
			"rotation": {"angle": 22.5, "axis": "x", "origin": [8.05858, 9.42058, 9.52759]},
			"faces": {
				"north": {"uv": [3, 3, 12, 6], "texture": "#4"},
				"east": {"uv": [3, 3, 12, 6], "texture": "#4"},
				"south": {"uv": [3, 3, 12, 6], "texture": "#4"},
				"west": {"uv": [3, 3, 12, 6], "texture": "#4"},
				"up": {"uv": [3, 3, 12, 6], "texture": "#4"},
				"down": {"uv": [3, 3, 12, 6], "texture": "#4"}
			}
		},
		{
			"from": [7.94566, 9.42509, 7.08132],
			"to": [8.17151, 9.87604, 7.97792],
			"rotation": {"angle": 22.5, "axis": "x", "origin": [8.05858, 9.47245, 7.59604]},
			"faces": {
				"north": {"uv": [3, 3, 12, 6], "texture": "#4"},
				"east": {"uv": [3, 3, 12, 6], "texture": "#4"},
				"south": {"uv": [3, 3, 12, 6], "texture": "#4"},
				"west": {"uv": [3, 3, 12, 6], "texture": "#4"},
				"up": {"uv": [3, 3, 12, 6], "texture": "#4"},
				"down": {"uv": [3, 3, 12, 6], "texture": "#4"}
			}
		},
		{
			"from": [7.94566, 9.25962, 7.72019],
			"to": [8.17151, 10.06566, 7.99962],
			"rotation": {"angle": 22.5, "axis": "x", "origin": [8.05858, 9.55094, 7.59604]},
			"faces": {
				"north": {"uv": [3, 3, 12, 6], "rotation": 90, "texture": "#4"},
				"east": {"uv": [3, 3, 12, 6], "rotation": 90, "texture": "#4"},
				"south": {"uv": [3, 3, 12, 6], "rotation": 90, "texture": "#4"},
				"west": {"uv": [3, 3, 12, 6], "rotation": 90, "texture": "#4"},
				"up": {"uv": [3, 3, 12, 6], "rotation": 90, "texture": "#4"},
				"down": {"uv": [3, 3, 12, 6], "rotation": 90, "texture": "#4"}
			}
		},
		{
			"from": [7.94566, 8.84906, 7.54509],
			"to": [8.17151, 9.65509, 7.74],
			"rotation": {"angle": -22.5, "axis": "x", "origin": [8.05858, 9.14038, 7.34245]},
			"faces": {
				"north": {"uv": [3, 3, 12, 6], "rotation": 90, "texture": "#4"},
				"east": {"uv": [3, 3, 12, 6], "rotation": 90, "texture": "#4"},
				"south": {"uv": [3, 3, 12, 6], "rotation": 90, "texture": "#4"},
				"west": {"uv": [3, 3, 12, 6], "rotation": 90, "texture": "#4"},
				"up": {"uv": [3, 3, 12, 6], "rotation": 90, "texture": "#4"},
				"down": {"uv": [3, 3, 12, 6], "rotation": 90, "texture": "#4"}
			}
		},
		{
			"from": [7.94566, 8.64981, 7.64774],
			"to": [8.17151, 9.2083, 7.84868],
			"rotation": {"angle": 0, "axis": "x", "origin": [8.05858, 8.69358, 7.44509]},
			"faces": {
				"north": {"uv": [3, 3, 12, 6], "rotation": 90, "texture": "#4"},
				"east": {"uv": [3, 3, 12, 6], "rotation": 90, "texture": "#4"},
				"south": {"uv": [3, 3, 12, 6], "rotation": 90, "texture": "#4"},
				"west": {"uv": [3, 3, 12, 6], "rotation": 90, "texture": "#4"},
				"up": {"uv": [3, 3, 12, 6], "rotation": 90, "texture": "#4"},
				"down": {"uv": [3, 3, 12, 6], "rotation": 90, "texture": "#4"}
			}
		},
		{
			"from": [7.94566, 8.06415, 7.82283],
			"to": [8.17151, 8.62868, 8.02377],
			"rotation": {"angle": -22.5, "axis": "x", "origin": [8.05858, 8.21057, 7.62019]},
			"faces": {
				"north": {"uv": [3, 3, 12, 6], "rotation": 90, "texture": "#4"},
				"east": {"uv": [3, 3, 12, 6], "rotation": 90, "texture": "#4"},
				"south": {"uv": [3, 3, 12, 6], "rotation": 90, "texture": "#4"},
				"west": {"uv": [3, 3, 12, 6], "rotation": 90, "texture": "#4"},
				"up": {"uv": [3, 3, 12, 6], "rotation": 90, "texture": "#4"},
				"down": {"uv": [3, 3, 12, 6], "rotation": 90, "texture": "#4"}
			}
		},
		{
			"from": [8.1883, 13.99811, 4.15302],
			"to": [8.58094, 14.73642, 4.30283],
			"rotation": {"angle": 0, "axis": "x", "origin": [7.5, 5.5, 0.5]},
			"faces": {
				"north": {"uv": [0, 0, 2.15, 8.738], "texture": "#4"},
				"east": {"uv": [0, 0, 2.15, 8.738], "texture": "#4"},
				"south": {"uv": [0, 0, 2.15, 8.738], "texture": "#4"},
				"west": {"uv": [0, 0, 2.15, 8.738], "texture": "#4"},
				"up": {"uv": [0, 0, 2.15, 8.738], "texture": "#4"},
				"down": {"uv": [0, 0, 2.15, 8.738], "texture": "#4"}
			}
		},
		{
			"from": [7.52415, 13.99811, 4.15302],
			"to": [7.91679, 14.73642, 4.30283],
			"rotation": {"angle": 0, "axis": "x", "origin": [6.83585, 5.5, 0.5]},
			"faces": {
				"north": {"uv": [0, 0, 2.15, 8.738], "texture": "#4"},
				"east": {"uv": [0, 0, 2.15, 8.738], "texture": "#4"},
				"south": {"uv": [0, 0, 2.15, 8.738], "texture": "#4"},
				"west": {"uv": [0, 0, 2.15, 8.738], "texture": "#4"},
				"up": {"uv": [0, 0, 2.15, 8.738], "texture": "#4"},
				"down": {"uv": [0, 0, 2.15, 8.738], "texture": "#4"}
			}
		},
		{
			"from": [7.54226, 13.99811, 4.15302],
			"to": [8.58094, 14.33189, 6.56094],
			"rotation": {"angle": 0, "axis": "x", "origin": [7.5, 5.5, 0.5]},
			"faces": {
				"north": {"uv": [0, 0, 2.15, 8.738], "texture": "#4"},
				"east": {"uv": [0, 0, 2.15, 8.738], "texture": "#4"},
				"south": {"uv": [0, 0, 2.15, 8.738], "texture": "#4"},
				"west": {"uv": [0, 0, 2.15, 8.738], "texture": "#4"},
				"up": {"uv": [0, 0, 2.15, 8.738], "texture": "#4"},
				"down": {"uv": [0, 0, 2.15, 8.738], "texture": "#4"}
			}
		},
		{
			"from": [7.76566, 14.14906, 13.57245],
			"to": [8.36358, 14.33189, 14.77887],
			"rotation": {"angle": 0, "axis": "x", "origin": [7.5, 5.5, 9.91943]},
			"faces": {
				"north": {"uv": [3, 3, 12, 12], "texture": "#4"},
				"east": {"uv": [3, 3, 12, 12], "texture": "#4"},
				"south": {"uv": [3, 3, 12, 12], "texture": "#4"},
				"west": {"uv": [3, 3, 12, 12], "texture": "#4"},
				"up": {"uv": [3, 3, 12, 12], "texture": "#4"},
				"down": {"uv": [3, 3, 12, 12], "texture": "#4"}
			}
		},
		{
			"from": [7.92264, 14.06594, 14.03594],
			"to": [8.21264, 14.91613, 14.26104],
			"rotation": {"angle": 45, "axis": "x", "origin": [8.06462, 14.58462, 14.16962]},
			"faces": {
				"north": {"uv": [3, 3, 12, 12], "rotation": 270, "texture": "#4"},
				"east": {"uv": [3, 3, 12, 6], "rotation": 270, "texture": "#4"},
				"south": {"uv": [3, 3, 12, 12], "rotation": 270, "texture": "#4"},
				"west": {"uv": [3, 3, 12, 12], "rotation": 270, "texture": "#4"},
				"up": {"uv": [3, 3, 12, 12], "rotation": 270, "texture": "#4"},
				"down": {"uv": [3, 3, 12, 12], "rotation": 270, "texture": "#4"}
			}
		},
		{
			"from": [7.92264, 14.11041, 14.05022],
			"to": [8.21264, 14.65267, 14.6255],
			"rotation": {"angle": 0, "axis": "x", "origin": [8.06764, 14.62305, 14.89635]},
			"faces": {
				"north": {"uv": [3, 3, 12, 12], "rotation": 270, "texture": "#4"},
				"east": {"uv": [3, 3, 12, 6], "rotation": 270, "texture": "#4"},
				"south": {"uv": [3, 3, 12, 12], "rotation": 270, "texture": "#4"},
				"west": {"uv": [3, 3, 12, 12], "rotation": 270, "texture": "#4"},
				"up": {"uv": [3, 3, 12, 12], "rotation": 270, "texture": "#4"},
				"down": {"uv": [3, 3, 12, 12], "rotation": 270, "texture": "#4"}
			}
		},
		{
			"from": [7.92264, 14.11041, 14.30984],
			"to": [8.21264, 14.91229, 14.6255],
			"rotation": {"angle": 0, "axis": "x", "origin": [8.06764, 14.62305, 14.89635]},
			"faces": {
				"north": {"uv": [3, 3, 12, 6], "rotation": 270, "texture": "#4"},
				"east": {"uv": [3, 3, 12, 6], "rotation": 270, "texture": "#4"},
				"south": {"uv": [3, 3, 12, 6], "rotation": 270, "texture": "#4"},
				"west": {"uv": [3, 3, 12, 6], "rotation": 270, "texture": "#4"},
				"up": {"uv": [3, 3, 12, 6], "rotation": 270, "texture": "#4"},
				"down": {"uv": [3, 3, 12, 6], "rotation": 270, "texture": "#4"}
			}
		},
		{
			"from": [7.83812, 12.58826, 15.07901],
			"to": [8.18249, 13.79768, 15.24106],
			"rotation": {"angle": 0, "axis": "z", "origin": [8.0103, 13.19297, 15.16004]},
			"faces": {
				"north": {"uv": [7, 6, 10, 9], "rotation": 180, "texture": "#4"},
				"east": {"uv": [7, 6, 10, 9], "rotation": 180, "texture": "#4"},
				"south": {"uv": [7, 6, 10, 9], "rotation": 180, "texture": "#4"},
				"west": {"uv": [7, 6, 10, 9], "rotation": 180, "texture": "#4"},
				"up": {"uv": [7, 6, 10, 9], "rotation": 180, "texture": "#4"},
				"down": {"uv": [7, 6, 10, 9], "rotation": 180, "texture": "#4"}
			}
		},
		{
			"from": [7.83812, 12.58826, 15.07901],
			"to": [8.18249, 13.79768, 15.24106],
			"rotation": {"angle": -22.5, "axis": "z", "origin": [8.0103, 13.19297, 15.16004]},
			"faces": {
				"north": {"uv": [7, 6, 10, 9], "rotation": 180, "texture": "#4"},
				"east": {"uv": [7, 6, 10, 9], "rotation": 180, "texture": "#4"},
				"south": {"uv": [7, 6, 10, 9], "rotation": 180, "texture": "#4"},
				"west": {"uv": [7, 6, 10, 9], "rotation": 180, "texture": "#4"},
				"up": {"uv": [7, 6, 10, 9], "rotation": 180, "texture": "#4"},
				"down": {"uv": [7, 6, 10, 9], "rotation": 180, "texture": "#4"}
			}
		},
		{
			"from": [7.83812, 12.58826, 15.07901],
			"to": [8.18249, 13.79768, 15.24106],
			"rotation": {"angle": -45, "axis": "z", "origin": [8.0103, 13.19297, 15.16004]},
			"faces": {
				"north": {"uv": [7, 6, 10, 9], "rotation": 180, "texture": "#4"},
				"east": {"uv": [7, 6, 10, 9], "rotation": 180, "texture": "#4"},
				"south": {"uv": [7, 6, 10, 9], "rotation": 180, "texture": "#4"},
				"west": {"uv": [7, 6, 10, 9], "rotation": 180, "texture": "#4"},
				"up": {"uv": [7, 6, 10, 9], "rotation": 180, "texture": "#4"},
				"down": {"uv": [7, 6, 10, 9], "rotation": 180, "texture": "#4"}
			}
		},
		{
			"from": [7.4056, 13.02079, 15.07901],
			"to": [8.61501, 13.36515, 15.24106],
			"rotation": {"angle": 22.5, "axis": "z", "origin": [8.0103, 13.19297, 15.16004]},
			"faces": {
				"north": {"uv": [7, 6, 10, 9], "rotation": 270, "texture": "#4"},
				"east": {"uv": [7, 6, 10, 9], "rotation": 270, "texture": "#4"},
				"south": {"uv": [7, 6, 10, 9], "rotation": 270, "texture": "#4"},
				"west": {"uv": [7, 6, 10, 9], "rotation": 270, "texture": "#4"},
				"up": {"uv": [7, 6, 10, 9], "rotation": 270, "texture": "#4"},
				"down": {"uv": [7, 6, 10, 9], "rotation": 270, "texture": "#4"}
			}
		},
		{
			"from": [7.4056, 13.02079, 15.07901],
			"to": [8.61501, 13.36515, 15.24106],
			"rotation": {"angle": 0, "axis": "z", "origin": [8.0103, 13.19297, 15.16004]},
			"faces": {
				"north": {"uv": [7, 6, 10, 9], "rotation": 270, "texture": "#4"},
				"east": {"uv": [7, 6, 10, 9], "rotation": 270, "texture": "#4"},
				"south": {"uv": [7, 6, 10, 9], "rotation": 270, "texture": "#4"},
				"west": {"uv": [7, 6, 10, 9], "rotation": 270, "texture": "#4"},
				"up": {"uv": [7, 6, 10, 9], "rotation": 270, "texture": "#4"},
				"down": {"uv": [7, 6, 10, 9], "rotation": 270, "texture": "#4"}
			}
		},
		{
			"from": [7.4056, 13.02079, 15.07901],
			"to": [8.61501, 13.36515, 15.24106],
			"rotation": {"angle": -22.5, "axis": "z", "origin": [8.0103, 13.19297, 15.16004]},
			"faces": {
				"north": {"uv": [7, 6, 10, 9], "rotation": 270, "texture": "#4"},
				"east": {"uv": [7, 6, 10, 9], "rotation": 270, "texture": "#4"},
				"south": {"uv": [7, 6, 10, 9], "rotation": 270, "texture": "#4"},
				"west": {"uv": [7, 6, 10, 9], "rotation": 270, "texture": "#4"},
				"up": {"uv": [7, 6, 10, 9], "rotation": 270, "texture": "#4"},
				"down": {"uv": [7, 6, 10, 9], "rotation": 270, "texture": "#4"}
			}
		},
		{
			"from": [7.4056, 13.02079, 15.07901],
			"to": [8.61501, 13.36515, 15.24106],
			"rotation": {"angle": -45, "axis": "z", "origin": [8.0103, 13.19297, 15.16004]},
			"faces": {
				"north": {"uv": [7, 6, 10, 9], "rotation": 270, "texture": "#4"},
				"east": {"uv": [7, 6, 10, 9], "rotation": 270, "texture": "#4"},
				"south": {"uv": [7, 6, 10, 9], "rotation": 270, "texture": "#4"},
				"west": {"uv": [7, 6, 10, 9], "rotation": 270, "texture": "#4"},
				"up": {"uv": [7, 6, 10, 9], "rotation": 270, "texture": "#4"},
				"down": {"uv": [7, 6, 10, 9], "rotation": 270, "texture": "#4"}
			}
		},
		{
			"from": [7.83812, 12.58826, 15.07901],
			"to": [8.18249, 13.79768, 15.24106],
			"rotation": {"angle": 22.5, "axis": "z", "origin": [8.0103, 13.19297, 15.16004]},
			"faces": {
				"north": {"uv": [7, 6, 10, 9], "texture": "#4"},
				"east": {"uv": [7, 6, 10, 9], "texture": "#4"},
				"south": {"uv": [7, 6, 10, 9], "texture": "#4"},
				"west": {"uv": [7, 6, 10, 9], "texture": "#4"},
				"up": {"uv": [7, 6, 10, 9], "texture": "#4"},
				"down": {"uv": [7, 6, 10, 9], "texture": "#4"}
			}
		},
		{
			"from": [8.05185, 12.83048, 15.17183],
			"to": [8.26756, 13.58806, 15.27334],
			"rotation": {"angle": 0, "axis": "z", "origin": [8.15971, 13.20927, 15.22258]},
			"faces": {
				"north": {"uv": [7, 6, 10, 9], "rotation": 180, "texture": "#6"},
				"east": {"uv": [7, 6, 10, 9], "rotation": 180, "texture": "#6"},
				"south": {"uv": [7, 6, 10, 9], "rotation": 180, "texture": "#6"},
				"west": {"uv": [7, 6, 10, 9], "rotation": 180, "texture": "#6"},
				"up": {"uv": [7, 6, 10, 9], "rotation": 180, "texture": "#6"},
				"down": {"uv": [7, 6, 10, 9], "rotation": 180, "texture": "#6"}
			}
		},
		{
			"from": [8.05185, 12.83048, 15.17183],
			"to": [8.26756, 13.58806, 15.27334],
			"rotation": {"angle": -22.5, "axis": "z", "origin": [8.15971, 13.20927, 15.22258]},
			"faces": {
				"north": {"uv": [7, 6, 10, 9], "rotation": 180, "texture": "#6"},
				"east": {"uv": [7, 6, 10, 9], "rotation": 180, "texture": "#6"},
				"south": {"uv": [7, 6, 10, 9], "rotation": 180, "texture": "#6"},
				"west": {"uv": [7, 6, 10, 9], "rotation": 180, "texture": "#6"},
				"up": {"uv": [7, 6, 10, 9], "rotation": 180, "texture": "#6"},
				"down": {"uv": [7, 6, 10, 9], "rotation": 180, "texture": "#6"}
			}
		},
		{
			"from": [8.05185, 12.83048, 15.17183],
			"to": [8.26756, 13.58806, 15.27334],
			"rotation": {"angle": -45, "axis": "z", "origin": [8.15971, 13.20927, 15.22258]},
			"faces": {
				"north": {"uv": [7, 6, 10, 9], "rotation": 180, "texture": "#6"},
				"east": {"uv": [7, 6, 10, 9], "rotation": 180, "texture": "#6"},
				"south": {"uv": [7, 6, 10, 9], "rotation": 180, "texture": "#6"},
				"west": {"uv": [7, 6, 10, 9], "rotation": 180, "texture": "#6"},
				"up": {"uv": [7, 6, 10, 9], "rotation": 180, "texture": "#6"},
				"down": {"uv": [7, 6, 10, 9], "rotation": 180, "texture": "#6"}
			}
		},
		{
			"from": [7.78092, 13.10142, 15.17183],
			"to": [8.5385, 13.31713, 15.27334],
			"rotation": {"angle": 22.5, "axis": "z", "origin": [8.15971, 13.20927, 15.22258]},
			"faces": {
				"north": {"uv": [7, 6, 10, 9], "rotation": 270, "texture": "#6"},
				"east": {"uv": [7, 6, 10, 9], "rotation": 270, "texture": "#6"},
				"south": {"uv": [7, 6, 10, 9], "rotation": 270, "texture": "#6"},
				"west": {"uv": [7, 6, 10, 9], "rotation": 270, "texture": "#6"},
				"up": {"uv": [7, 6, 10, 9], "rotation": 270, "texture": "#6"},
				"down": {"uv": [7, 6, 10, 9], "rotation": 270, "texture": "#6"}
			}
		},
		{
			"from": [7.78092, 13.10142, 15.17183],
			"to": [8.5385, 13.31713, 15.27334],
			"rotation": {"angle": 0, "axis": "z", "origin": [8.15971, 13.20927, 15.22258]},
			"faces": {
				"north": {"uv": [7, 6, 10, 9], "rotation": 270, "texture": "#6"},
				"east": {"uv": [7, 6, 10, 9], "rotation": 270, "texture": "#6"},
				"south": {"uv": [7, 6, 10, 9], "rotation": 270, "texture": "#6"},
				"west": {"uv": [7, 6, 10, 9], "rotation": 270, "texture": "#6"},
				"up": {"uv": [7, 6, 10, 9], "rotation": 270, "texture": "#6"},
				"down": {"uv": [7, 6, 10, 9], "rotation": 270, "texture": "#6"}
			}
		},
		{
			"from": [7.78092, 13.10142, 15.17183],
			"to": [8.5385, 13.31713, 15.27334],
			"rotation": {"angle": -22.5, "axis": "z", "origin": [8.15971, 13.20927, 15.22258]},
			"faces": {
				"north": {"uv": [7, 6, 10, 9], "rotation": 270, "texture": "#6"},
				"east": {"uv": [7, 6, 10, 9], "rotation": 270, "texture": "#6"},
				"south": {"uv": [7, 6, 10, 9], "rotation": 270, "texture": "#6"},
				"west": {"uv": [7, 6, 10, 9], "rotation": 270, "texture": "#6"},
				"up": {"uv": [7, 6, 10, 9], "rotation": 270, "texture": "#6"},
				"down": {"uv": [7, 6, 10, 9], "rotation": 270, "texture": "#6"}
			}
		},
		{
			"from": [7.78092, 13.10142, 15.17183],
			"to": [8.5385, 13.31713, 15.27334],
			"rotation": {"angle": -45, "axis": "z", "origin": [8.15971, 13.20927, 15.22258]},
			"faces": {
				"north": {"uv": [7, 6, 10, 9], "rotation": 270, "texture": "#6"},
				"east": {"uv": [7, 6, 10, 9], "rotation": 270, "texture": "#6"},
				"south": {"uv": [7, 6, 10, 9], "rotation": 270, "texture": "#6"},
				"west": {"uv": [7, 6, 10, 9], "rotation": 270, "texture": "#6"},
				"up": {"uv": [7, 6, 10, 9], "rotation": 270, "texture": "#6"},
				"down": {"uv": [7, 6, 10, 9], "rotation": 270, "texture": "#6"}
			}
		},
		{
			"from": [8.05185, 12.83048, 15.17183],
			"to": [8.26756, 13.58806, 15.27334],
			"rotation": {"angle": 22.5, "axis": "z", "origin": [8.15971, 13.20927, 15.22258]},
			"faces": {
				"north": {"uv": [7, 6, 10, 9], "texture": "#6"},
				"east": {"uv": [7, 6, 10, 9], "texture": "#6"},
				"south": {"uv": [7, 6, 10, 9], "texture": "#6"},
				"west": {"uv": [7, 6, 10, 9], "texture": "#6"},
				"up": {"uv": [7, 6, 10, 9], "texture": "#6"},
				"down": {"uv": [7, 6, 10, 9], "texture": "#6"}
			}
		}
	],
	"display": {
		"thirdperson_righthand": {
			"rotation": [3.75, -179.5, 0],
			"translation": [0, -0.25, -0.75],
			"scale": [0.43, 0.43, 0.43]
		},
		"thirdperson_lefthand": {
			"rotation": [3.75, -179.5, 0],
			"translation": [0, -0.25, -0.75],
			"scale": [0.43, 0.43, 0.43]
		},
		"firstperson_righthand": {
			"rotation": [0, 173, 0],
			"translation": [1.25, 1.5, 0.5],
			"scale": [0.6, 0.6, 0.6]
		},
		"firstperson_lefthand": {
			"rotation": [0, 173, 0],
			"translation": [1.25, 1.5, 0.5],
			"scale": [0.6, 0.6, 0.6]
		},
		"ground": {
			"rotation": [0, 0, -90.5],
			"translation": [0, 1, 0],
			"scale": [0.45117, 0.45117, 0.45117]
		},
		"gui": {
			"rotation": [32.75, 49, -53],
			"translation": [0, -1.25, 0],
			"scale": [0.7, 0.7, 0.7]
		},
		"head": {
			"scale": [0, 0, 0]
		},
		"fixed": {
			"rotation": [0, -91.25, 0],
			"translation": [0.25, -0.5, -1.25],
			"scale": [0.56055, 0.56055, 0.56055]
		}
	},
	"groups": [
		{
			"name": "group",
			"origin": [8, 8, 8],
			"color": 0,
			"children": [0, 1, 2, 3, 4, 5, 6, 7, 8, 9, 10, 11]
		}, 12, 13, 14, 15, 16, 17, 18, 19, 20, 21, 22, 23, 24, 25, 26, 27, 28, 29, 30, 31, 32, 33, 34, 35,
		{
			"name": "group",
			"origin": [7.5, 1.5, 3.18075],
			"color": 0,
			"children": [36, 37, 38, 39]
		},
		{
			"name": "group",
			"origin": [3.53868, 9.03425, 11.12509],
			"color": 0,
			"children": [40, 41, 42, 43, 44, 45, 46, 47]
		},
		{
			"name": "group",
			"origin": [1.67604, 8.81689, 11.71075],
			"color": 0,
			"children": [48, 49, 50, 51]
		},
		{
			"name": "group",
			"origin": [8.05858, 5.95793, 9.71476],
			"color": 0,
			"children": [52, 53, 54, 55, 56, 57, 58, 59, 60,
				{
					"name": "group",
					"origin": [8.05858, 4.81434, 7.87377],
					"color": 0,
					"children": [61, 62, 63, 64, 65]
				}
			]
		},
		{
			"name": "group",
			"origin": [7.5, 1.5, 0.5],
			"color": 0,
			"children": [66, 67, 68, 69, 70, 71, 72]
		},
		{
			"name": "group",
			"origin": [3.53868, 9.03425, 11.12509],
			"color": 0,
			"children": [73, 74, 75, 76, 77, 78, 79, 80]
		},
		{
			"name": "group",
			"origin": [3.53868, 9.03425, 11.12509],
			"color": 0,
			"children": [81, 82, 83, 84, 85, 86, 87, 88]
		}
	]
}