{
	"credit": "Made with Blockbench",
	"textures": {
		"1": "items/seeds_pumpkin"
	},
	"elements": [
		{
			"from": [2, 0, 7],
			"to": [14, 5, 10],
			"rotation": {"angle": 0, "axis": "y", "origin": [8, 2.3, 8.4]},
			"faces": {
				"north": {"uv": [1, 8, 15.125, 14], "texture": "#1"},
				"east": {"uv": [11.875, 8.875, 12.875, 9.75], "texture": "#1"},
				"south": {"uv": [9.125, 8.75, 13.375, 9.25], "texture": "#1"},
				"west": {"uv": [11.5, 8.625, 13.5, 9.625], "texture": "#1"},
				"up": {"uv": [8.125, 8.625, 11, 9.375], "texture": "#1"},
				"down": {"uv": [11.5, 8.375, 14.125, 9.625], "texture": "#1"}
			}
		}
	],
	"display": {
		"thirdperson_righthand": {
			"rotation": [0, 179.5, 0],
			"translation": [0, 5.5, 1.5],
			"scale": [0.73, 0.73, 0.73]
		},
		"thirdperson_lefthand": {
			"rotation": [0, 179.5, 0],
			"translation": [0, 5.5, 1.5],
			"scale": [0.73, 0.73, 0.73]
		},
		"firstperson_righthand": {
			"rotation": [0, 95, 0],
			"translation": [0, 10, 0]
		},
		"firstperson_lefthand": {
			"rotation": [0, 95, 0],
			"translation": [0, 10, 0]
		},
		"ground": {
			"translation": [0, 4.75, 0]
		},
		"gui": {
			"rotation": [0, -180, 0],
			"translation": [0, 6.25, 0],
			"scale": [1.2, 1.2, 1.2]
		},
		"fixed": {
			"translation": [0, 5.5, 0]
		}
	}
}