{
	"credit": "Made with Blockbench",
	"textures": {
		"0": "blocks/shulker_top_yellow",
		"2": "blocks/wool_colored_gray",
		"3": "blocks/iron_block",
		"4": "blocks/wool_colored_black",
		"6": "blocks/glass",
		"8": "blocks/anvil_base",
		"9": "blocks/hardened_clay_stained_cyan",
		"10": "blocks/cauldron_side",
		"11": "blocks/piston_bottom",
		"12": "blocks/shulker_top_silver",
		"14": "blocks/bone_block_top",
		"particle": "blocks/shulker_top_yellow"
	},
	"elements": [
		{
			"from": [14, 10.1, 7.75],
			"to": [16.75, 10.2, 9.5],
			"rotation": {"angle": 0, "axis": "y", "origin": [0, 6, 0]},
			"faces": {
				"north": {"uv": [2, 2, 15, 14.75], "texture": "#14"},
				"east": {"uv": [2, 2, 15, 14.75], "texture": "#14"},
				"south": {"uv": [2, 2, 15, 14.75], "texture": "#14"},
				"west": {"uv": [2, 2, 15, 14.75], "texture": "#14"},
				"up": {"uv": [2, 2, 15, 14.75], "texture": "#14"},
				"down": {"uv": [2, 2, 15, 14.75], "texture": "#14"}
			}
		},
		{
			"from": [13.5, 9.32, 7.5],
			"to": [17, 10.07, 9.75],
			"rotation": {"angle": 0, "axis": "y", "origin": [0, 6, 0]},
			"faces": {
				"north": {"uv": [0, 0, 16, 16], "texture": "#3"},
				"east": {"uv": [0, 0, 16, 16], "texture": "#3"},
				"south": {"uv": [0, 0, 16, 16], "texture": "#3"},
				"west": {"uv": [0, 0, 16, 16], "texture": "#3"},
				"up": {"uv": [0, 0, 16, 16], "texture": "#3"},
				"down": {"uv": [0, 0, 16, 16], "texture": "#3"}
			}
		},
		{
			"from": [13.75, 9.32, 9.75],
			"to": [16.75, 10.07, 10.25],
			"rotation": {"angle": 0, "axis": "y", "origin": [0, 6, 0]},
			"faces": {
				"north": {"uv": [0, 9.5, 16, 16], "texture": "#3"},
				"east": {"uv": [0, 9.5, 16, 16], "texture": "#3"},
				"south": {"uv": [0, 9.5, 16, 16], "texture": "#3"},
				"west": {"uv": [0, 9.5, 16, 16], "texture": "#3"},
				"up": {"uv": [0, 9.5, 16, 16], "texture": "#3"},
				"down": {"uv": [0, 9.5, 16, 16], "texture": "#3"}
			}
		},
		{
			"from": [13.75, 9, 4.25],
			"to": [18.5, 10.25, 7],
			"rotation": {"angle": 0, "axis": "y", "origin": [0, 6, 0]},
			"faces": {
				"north": {"uv": [0, 0, 16, 16], "texture": "#8"},
				"east": {"uv": [0, 0, 16, 16], "texture": "#8"},
				"south": {"uv": [0, 0, 16, 16], "texture": "#8"},
				"west": {"uv": [0, 0, 16, 16], "texture": "#8"},
				"up": {"uv": [0, 0, 16, 16], "texture": "#8"},
				"down": {"uv": [0, 0, 16, 16], "texture": "#8"}
			}
		},
		{
			"from": [13.75, 9, 10.25],
			"to": [18.5, 10.25, 13],
			"rotation": {"angle": 0, "axis": "y", "origin": [0, 6, 0]},
			"faces": {
				"north": {"uv": [0, 0, 16, 16], "texture": "#8"},
				"east": {"uv": [0, 0, 16, 16], "texture": "#8"},
				"south": {"uv": [0, 0, 16, 16], "texture": "#8"},
				"west": {"uv": [0, 0, 16, 16], "texture": "#8"},
				"up": {"uv": [0, 0, 16, 16], "texture": "#8"},
				"down": {"uv": [0, 0, 16, 16], "texture": "#8"}
			}
		},
		{
			"from": [17.25, 9, 7],
			"to": [18.5, 10.25, 10.25],
			"rotation": {"angle": 0, "axis": "y", "origin": [0, 6, 0]},
			"faces": {
				"north": {"uv": [0, 0, 11, 16], "texture": "#8"},
				"east": {"uv": [0, 0, 11, 16], "texture": "#8"},
				"south": {"uv": [0, 0, 11, 16], "texture": "#8"},
				"west": {"uv": [0, 0, 11, 16], "texture": "#8"},
				"up": {"uv": [0, 0, 11, 16], "texture": "#8"},
				"down": {"uv": [0, 0, 11, 16], "texture": "#8"}
			}
		},
		{
			"from": [13.75, 9, 3.25],
			"to": [17, 10.25, 4.25],
			"rotation": {"angle": 0, "axis": "y", "origin": [0, 6, 0]},
			"faces": {
				"north": {"uv": [0, 0, 16, 7], "texture": "#8"},
				"east": {"uv": [0, 0, 16, 7], "texture": "#8"},
				"south": {"uv": [0, 0, 16, 7], "texture": "#8"},
				"west": {"uv": [0, 0, 16, 7], "texture": "#8"},
				"up": {"uv": [0, 0, 16, 7], "texture": "#8"},
				"down": {"uv": [0, 0, 16, 7], "texture": "#8"}
			}
		},
		{
			"from": [13.75, 9, 13],
			"to": [17, 10.25, 14],
			"rotation": {"angle": 0, "axis": "y", "origin": [0, 6, 0]},
			"faces": {
				"north": {"uv": [0, 0, 16, 7], "texture": "#8"},
				"east": {"uv": [0, 0, 16, 7], "texture": "#8"},
				"south": {"uv": [0, 0, 16, 7], "texture": "#8"},
				"west": {"uv": [0, 0, 16, 7], "texture": "#8"},
				"up": {"uv": [0, 0, 16, 7], "texture": "#8"},
				"down": {"uv": [0, 0, 16, 7], "texture": "#8"}
			}
		},
		{
			"from": [-2, 9, 4],
			"to": [13.75, 10, 13],
			"rotation": {"angle": 0, "axis": "y", "origin": [0, 6, 0]},
			"faces": {
				"north": {"uv": [0, 0, 16, 16], "texture": "#8"},
				"east": {"uv": [0, 0, 16, 16], "texture": "#8"},
				"south": {"uv": [0, 0, 16, 16], "texture": "#8"},
				"west": {"uv": [0, 0, 16, 16], "texture": "#8"},
				"up": {"uv": [0, 0, 16, 16], "texture": "#8"},
				"down": {"uv": [0, 0, 16, 16], "texture": "#8"}
			}
		},
		{
			"from": [17, 10, 7],
			"to": [17.25, 10.25, 7.5],
			"rotation": {"angle": 0, "axis": "y", "origin": [0, 6, 0]},
			"faces": {
				"north": {"uv": [0, 0, 4, 5], "texture": "#8"},
				"east": {"uv": [0, 0, 4, 5], "texture": "#8"},
				"south": {"uv": [0, 0, 4, 5], "texture": "#8"},
				"west": {"uv": [0, 0, 4, 5], "texture": "#8"},
				"up": {"uv": [0, 0, 4, 5], "texture": "#8"},
				"down": {"uv": [0, 0, 4, 5], "texture": "#8"}
			}
		},
		{
			"from": [17, 10, 9.75],
			"to": [17.25, 10.25, 10.25],
			"rotation": {"angle": 0, "axis": "y", "origin": [0, 6, 0]},
			"faces": {
				"north": {"uv": [0, 0, 4, 5], "texture": "#8"},
				"east": {"uv": [0, 0, 4, 5], "texture": "#8"},
				"south": {"uv": [0, 0, 4, 5], "texture": "#8"},
				"west": {"uv": [0, 0, 4, 5], "texture": "#8"},
				"up": {"uv": [0, 0, 4, 5], "texture": "#8"},
				"down": {"uv": [0, 0, 4, 5], "texture": "#8"}
			}
		},
		{
			"from": [16.75, 10, 10],
			"to": [17, 10.25, 10.25],
			"rotation": {"angle": 0, "axis": "y", "origin": [0, 6, 0]},
			"faces": {
				"north": {"uv": [0, 0, 4, 5], "texture": "#8"},
				"east": {"uv": [0, 0, 4, 5], "texture": "#8"},
				"south": {"uv": [0, 0, 4, 5], "texture": "#8"},
				"west": {"uv": [0, 0, 4, 5], "texture": "#8"},
				"up": {"uv": [0, 0, 4, 5], "texture": "#8"},
				"down": {"uv": [0, 0, 4, 5], "texture": "#8"}
			}
		},
		{
			"from": [16.75, 10, 7],
			"to": [17, 10.25, 7.25],
			"rotation": {"angle": 0, "axis": "y", "origin": [0, 6, 0]},
			"faces": {
				"north": {"uv": [0, 0, 4, 5], "texture": "#8"},
				"east": {"uv": [0, 0, 4, 5], "texture": "#8"},
				"south": {"uv": [0, 0, 4, 5], "texture": "#8"},
				"west": {"uv": [0, 0, 4, 5], "texture": "#8"},
				"up": {"uv": [0, 0, 4, 5], "texture": "#8"},
				"down": {"uv": [0, 0, 4, 5], "texture": "#8"}
			}
		},
		{
			"from": [-1, 10, 13],
			"to": [12.75, 10.1, 14],
			"rotation": {"angle": 0, "axis": "y", "origin": [0, 6, 0]},
			"faces": {
				"north": {"uv": [0, 0, 16, 3], "texture": "#12"},
				"east": {"uv": [0, 0, 16, 3], "texture": "#12"},
				"south": {"uv": [0, 0, 16, 3], "texture": "#12"},
				"west": {"uv": [0, 0, 16, 3], "texture": "#12"},
				"up": {"uv": [0, 0, 16, 3], "texture": "#12"},
				"down": {"uv": [0, 0, 16, 3], "texture": "#12"}
			}
		},
		{
			"from": [-2, 10, 4],
			"to": [-1, 10.1, 13],
			"rotation": {"angle": 0, "axis": "y", "origin": [0, 6, 0]},
			"faces": {
				"north": {"uv": [0, 0, 16, 3], "rotation": 90, "texture": "#12"},
				"east": {"uv": [0, 0, 16, 3], "rotation": 90, "texture": "#12"},
				"south": {"uv": [0, 0, 16, 3], "rotation": 90, "texture": "#12"},
				"west": {"uv": [0, 0, 16, 3], "rotation": 90, "texture": "#12"},
				"up": {"uv": [0, 0, 16, 3], "rotation": 90, "texture": "#12"},
				"down": {"uv": [0, 0, 16, 3], "rotation": 90, "texture": "#12"}
			}
		},
		{
			"from": [12.75, 10, 9.75],
			"to": [13.75, 10.25, 14],
			"rotation": {"angle": 0, "axis": "y", "origin": [0, 6, 0]},
			"faces": {
				"north": {"uv": [0, 0, 16, 3], "rotation": 90, "texture": "#12"},
				"east": {"uv": [0, 0, 16, 3], "rotation": 90, "texture": "#12"},
				"south": {"uv": [0, 0, 16, 3], "rotation": 90, "texture": "#12"},
				"west": {"uv": [0, 0, 16, 3], "rotation": 90, "texture": "#12"},
				"up": {"uv": [0, 0, 16, 3], "rotation": 90, "texture": "#12"},
				"down": {"uv": [0, 0, 16, 3], "rotation": 90, "texture": "#12"}
			}
		},
		{
			"from": [12.75, 10, 3],
			"to": [13.75, 10.25, 7.5],
			"rotation": {"angle": 0, "axis": "y", "origin": [0, 6, 0]},
			"faces": {
				"north": {"uv": [0, 0, 16, 3], "rotation": 90, "texture": "#12"},
				"east": {"uv": [0, 0, 16, 3], "rotation": 90, "texture": "#12"},
				"south": {"uv": [0, 0, 16, 3], "rotation": 90, "texture": "#12"},
				"west": {"uv": [0, 0, 16, 3], "rotation": 90, "texture": "#12"},
				"up": {"uv": [0, 0, 16, 3], "rotation": 90, "texture": "#12"},
				"down": {"uv": [0, 0, 16, 3], "rotation": 90, "texture": "#12"}
			}
		},
		{
			"from": [12.75, 10, 7.5],
			"to": [13.5, 10.25, 9.75],
			"rotation": {"angle": 0, "axis": "y", "origin": [0, 6, 0]},
			"faces": {
				"north": {"uv": [0, 0, 16, 3], "rotation": 90, "texture": "#12"},
				"east": {"uv": [0, 0, 16, 3], "rotation": 90, "texture": "#12"},
				"south": {"uv": [0, 0, 16, 3], "rotation": 90, "texture": "#12"},
				"west": {"uv": [0, 0, 16, 3], "rotation": 90, "texture": "#12"},
				"up": {"uv": [0, 0, 16, 3], "rotation": 90, "texture": "#12"},
				"down": {"uv": [0, 0, 16, 3], "rotation": 90, "texture": "#12"}
			}
		},
		{
			"from": [-1, 9, 3],
			"to": [13.75, 10, 4],
			"rotation": {"angle": 0, "axis": "y", "origin": [0, 6, 0]},
			"faces": {
				"north": {"uv": [0, 0, 15, 3], "texture": "#8"},
				"east": {"uv": [0, 0, 15, 3], "texture": "#8"},
				"south": {"uv": [0, 0, 15, 3], "texture": "#8"},
				"west": {"uv": [0, 0, 15, 3], "texture": "#8"},
				"up": {"uv": [0, 0, 15, 3], "texture": "#8"},
				"down": {"uv": [0, 0, 15, 3], "texture": "#8"}
			}
		},
		{
			"from": [-1, 10, 3],
			"to": [12.75, 10.1, 4],
			"rotation": {"angle": 0, "axis": "y", "origin": [0, 6, 0]},
			"faces": {
				"north": {"uv": [0, 0, 16, 3], "texture": "#12"},
				"east": {"uv": [0, 0, 16, 3], "texture": "#12"},
				"south": {"uv": [0, 0, 16, 3], "texture": "#12"},
				"west": {"uv": [0, 0, 16, 3], "texture": "#12"},
				"up": {"uv": [0, 0, 16, 3], "texture": "#12"},
				"down": {"uv": [0, 0, 16, 3], "texture": "#12"}
			}
		},
		{
			"from": [-1, 9, 13],
			"to": [13.75, 10, 14],
			"rotation": {"angle": 0, "axis": "y", "origin": [0, 6, 0]},
			"faces": {
				"north": {"uv": [0, 0, 15, 3], "texture": "#8"},
				"east": {"uv": [0, 0, 15, 3], "texture": "#8"},
				"south": {"uv": [0, 0, 15, 3], "texture": "#8"},
				"west": {"uv": [0, 0, 15, 3], "texture": "#8"},
				"up": {"uv": [0, 0, 15, 3], "texture": "#8"},
				"down": {"uv": [0, 0, 15, 3], "texture": "#8"}
			}
		},
		{
			"from": [17, 9, 3.5],
			"to": [18.25, 10.25, 4.25],
			"rotation": {"angle": 0, "axis": "y", "origin": [0, 6, 0]},
			"faces": {
				"north": {"uv": [0, 0, 16, 3], "texture": "#8"},
				"east": {"uv": [0, 0, 16, 3], "texture": "#8"},
				"south": {"uv": [0, 0, 16, 3], "texture": "#8"},
				"west": {"uv": [0, 0, 16, 3], "texture": "#8"},
				"up": {"uv": [0, 0, 16, 3], "texture": "#8"},
				"down": {"uv": [0, 0, 16, 3], "texture": "#8"}
			}
		},
		{
			"from": [17, 9, 13],
			"to": [18.25, 10.25, 13.75],
			"rotation": {"angle": 0, "axis": "y", "origin": [0, 6, 0]},
			"faces": {
				"north": {"uv": [0, 0, 16, 3], "texture": "#8"},
				"east": {"uv": [0, 0, 16, 3], "texture": "#8"},
				"south": {"uv": [0, 0, 16, 3], "texture": "#8"},
				"west": {"uv": [0, 0, 16, 3], "texture": "#8"},
				"up": {"uv": [0, 0, 16, 3], "texture": "#8"},
				"down": {"uv": [0, 0, 16, 3], "texture": "#8"}
			}
		},
		{
			"from": [-1.5, 9, 13],
			"to": [-1, 10.1, 13.5],
			"rotation": {"angle": 0, "axis": "y", "origin": [0, 6, 0]},
			"faces": {
				"north": {"uv": [0, 0, 16, 16], "texture": "#12"},
				"east": {"uv": [0, 0, 16, 16], "texture": "#12"},
				"south": {"uv": [0, 0, 16, 16], "texture": "#12"},
				"west": {"uv": [0, 0, 16, 16], "texture": "#12"},
				"up": {"uv": [0, 0, 16, 16], "texture": "#12"},
				"down": {"uv": [0, 0, 16, 16], "texture": "#12"}
			}
		},
		{
			"from": [-1.5, 9, 3.5],
			"to": [-1, 10.1, 4],
			"rotation": {"angle": 0, "axis": "y", "origin": [0, 6, 0]},
			"faces": {
				"north": {"uv": [0, 0, 16, 16], "texture": "#12"},
				"east": {"uv": [0, 0, 16, 16], "texture": "#12"},
				"south": {"uv": [0, 0, 16, 16], "texture": "#12"},
				"west": {"uv": [0, 0, 16, 16], "texture": "#12"},
				"up": {"uv": [0, 0, 16, 16], "texture": "#12"},
				"down": {"uv": [0, 0, 16, 16], "texture": "#12"}
			}
		},
		{
			"from": [17, 9.32, 7.5],
			"to": [17.25, 10.07, 9.75],
			"rotation": {"angle": 0, "axis": "y", "origin": [0, 6, 0]},
			"faces": {
				"north": {"uv": [14, 0, 16, 16], "texture": "#3"},
				"east": {"uv": [14, 0, 16, 16], "texture": "#3"},
				"south": {"uv": [14, 0, 16, 16], "texture": "#3"},
				"west": {"uv": [14, 0, 16, 16], "texture": "#3"},
				"up": {"uv": [14, 0, 16, 16], "texture": "#3"},
				"down": {"uv": [14, 0, 16, 16], "texture": "#3"}
			}
		},
		{
			"from": [16.75, 9.32, 7.25],
			"to": [17, 10.07, 7.5],
			"rotation": {"angle": 0, "axis": "y", "origin": [0, 6, 0]},
			"faces": {
				"north": {"uv": [0, 0, 12.25, 12.25], "texture": "#3"},
				"east": {"uv": [0, 0, 12.25, 12.25], "texture": "#3"},
				"south": {"uv": [0, 0, 12.25, 12.25], "texture": "#3"},
				"west": {"uv": [0, 0, 12.25, 12.25], "texture": "#3"},
				"up": {"uv": [0, 0, 12.25, 12.25], "texture": "#3"},
				"down": {"uv": [0, 0, 12.25, 12.25], "texture": "#3"}
			}
		},
		{
			"from": [16.75, 9.32, 9.75],
			"to": [17, 10.07, 10],
			"rotation": {"angle": 0, "axis": "y", "origin": [0, 6, 0]},
			"faces": {
				"north": {"uv": [0, 0, 12.25, 12.25], "texture": "#3"},
				"east": {"uv": [0, 0, 12.25, 12.25], "texture": "#3"},
				"south": {"uv": [0, 0, 12.25, 12.25], "texture": "#3"},
				"west": {"uv": [0, 0, 12.25, 12.25], "texture": "#3"},
				"up": {"uv": [0, 0, 12.25, 12.25], "texture": "#3"},
				"down": {"uv": [0, 0, 12.25, 12.25], "texture": "#3"}
			}
		},
		{
			"from": [13.75, 9.32, 7],
			"to": [16.75, 10.07, 7.5],
			"rotation": {"angle": 0, "axis": "y", "origin": [0, 6, 0]},
			"faces": {
				"north": {"uv": [0, 0, 16, 6], "texture": "#3"},
				"east": {"uv": [0, 0, 16, 6], "texture": "#3"},
				"south": {"uv": [0, 0, 16, 6], "texture": "#3"},
				"west": {"uv": [0, 0, 16, 6], "texture": "#3"},
				"up": {"uv": [0, 0, 16, 6], "texture": "#3"},
				"down": {"uv": [0, 0, 16, 6], "texture": "#3"}
			}
		},
		{
			"name": "hexadecagon",
			"from": [1.66245, 8.696, 11.259],
			"to": [1.97155, 8.804, 12.00492],
			"rotation": {"angle": -45, "axis": "y", "origin": [1.817, 7.75, 12.036]},
			"faces": {
				"north": {"uv": [0, 0, 16, 12], "texture": "#10"},
				"east": {"uv": [0, 0, 16, 12], "texture": "#10"},
				"south": {"uv": [0, 0, 16, 12], "texture": "#10"},
				"west": {"uv": [0, 0, 16, 12], "texture": "#10"},
				"up": {"uv": [0, 0, 16, 12], "texture": "#10"},
				"down": {"uv": [0, 0, 16, 12], "texture": "#10"}
			}
		},
		{
			"name": "hexadecagon",
			"from": [1.66245, 8.696, 11.259],
			"to": [1.97155, 8.804, 12.00492],
			"rotation": {"angle": -22.5, "axis": "y", "origin": [1.817, 7.75, 12.036]},
			"faces": {
				"north": {"uv": [0, 0, 16, 12], "texture": "#10"},
				"east": {"uv": [0, 0, 16, 12], "texture": "#10"},
				"south": {"uv": [0, 0, 16, 12], "texture": "#10"},
				"west": {"uv": [0, 0, 16, 12], "texture": "#10"},
				"up": {"uv": [0, 0, 16, 12], "texture": "#10"},
				"down": {"uv": [0, 0, 16, 12], "texture": "#10"}
			}
		},
		{
			"name": "hexadecagon",
			"from": [1.66245, 8.696, 11.259],
			"to": [1.97155, 8.804, 12.00492],
			"rotation": {"angle": 0, "axis": "y", "origin": [1.817, 7.75, 12.036]},
			"faces": {
				"north": {"uv": [0, 0, 16, 12], "texture": "#10"},
				"east": {"uv": [0, 0, 16, 12], "texture": "#10"},
				"south": {"uv": [0, 0, 16, 12], "texture": "#10"},
				"west": {"uv": [0, 0, 16, 12], "texture": "#10"},
				"up": {"uv": [0, 0, 16, 12], "texture": "#10"},
				"down": {"uv": [0, 0, 16, 12], "texture": "#10"}
			}
		},
		{
			"name": "hexadecagon",
			"from": [1.66245, 8.696, 11.259],
			"to": [1.97155, 8.804, 12.00492],
			"rotation": {"angle": 22.5, "axis": "y", "origin": [1.817, 7.75, 12.036]},
			"faces": {
				"north": {"uv": [0, 0, 16, 12], "texture": "#10"},
				"east": {"uv": [0, 0, 16, 12], "texture": "#10"},
				"south": {"uv": [0, 0, 16, 12], "texture": "#10"},
				"west": {"uv": [0, 0, 16, 12], "texture": "#10"},
				"up": {"uv": [0, 0, 16, 12], "texture": "#10"},
				"down": {"uv": [0, 0, 16, 12], "texture": "#10"}
			}
		},
		{
			"name": "hexadecagon",
			"from": [1.66245, 8.696, 11.259],
			"to": [1.97155, 8.804, 12.00492],
			"rotation": {"angle": 45, "axis": "y", "origin": [1.817, 7.75, 12.036]},
			"faces": {
				"north": {"uv": [0, 0, 16, 12], "texture": "#10"},
				"east": {"uv": [0, 0, 16, 12], "texture": "#10"},
				"south": {"uv": [0, 0, 16, 12], "texture": "#10"},
				"west": {"uv": [0, 0, 16, 12], "texture": "#10"},
				"up": {"uv": [0, 0, 16, 12], "texture": "#10"},
				"down": {"uv": [0, 0, 16, 12], "texture": "#10"}
			}
		},
		{
			"name": "hexadecagon",
			"from": [1.66245, 8.696, 12.06708],
			"to": [1.97155, 8.804, 12.813],
			"rotation": {"angle": -45, "axis": "y", "origin": [1.817, 7.75, 12.036]},
			"faces": {
				"north": {"uv": [0, 0, 16, 12], "texture": "#10"},
				"east": {"uv": [0, 0, 16, 12], "texture": "#10"},
				"south": {"uv": [0, 0, 16, 12], "texture": "#10"},
				"west": {"uv": [0, 0, 16, 12], "texture": "#10"},
				"up": {"uv": [0, 0, 16, 12], "texture": "#10"},
				"down": {"uv": [0, 0, 16, 12], "texture": "#10"}
			}
		},
		{
			"name": "hexadecagon",
			"from": [1.66245, 8.696, 12.06708],
			"to": [1.97155, 8.804, 12.813],
			"rotation": {"angle": -22.5, "axis": "y", "origin": [1.817, 7.75, 12.036]},
			"faces": {
				"north": {"uv": [0, 0, 16, 12], "texture": "#10"},
				"east": {"uv": [0, 0, 16, 12], "texture": "#10"},
				"south": {"uv": [0, 0, 16, 12], "texture": "#10"},
				"west": {"uv": [0, 0, 16, 12], "texture": "#10"},
				"up": {"uv": [0, 0, 16, 12], "texture": "#10"},
				"down": {"uv": [0, 0, 16, 12], "texture": "#10"}
			}
		},
		{
			"name": "hexadecagon",
			"from": [1.66245, 8.696, 12.06708],
			"to": [1.97155, 8.804, 12.813],
			"rotation": {"angle": 0, "axis": "y", "origin": [1.817, 7.75, 12.036]},
			"faces": {
				"north": {"uv": [0, 0, 16, 12], "texture": "#10"},
				"east": {"uv": [0, 0, 16, 12], "texture": "#10"},
				"south": {"uv": [0, 0, 16, 12], "texture": "#10"},
				"west": {"uv": [0, 0, 16, 12], "texture": "#10"},
				"up": {"uv": [0, 0, 16, 12], "texture": "#10"},
				"down": {"uv": [0, 0, 16, 12], "texture": "#10"}
			}
		},
		{
			"name": "hexadecagon",
			"from": [1.66245, 8.696, 12.06708],
			"to": [1.97155, 8.804, 12.813],
			"rotation": {"angle": 22.5, "axis": "y", "origin": [1.817, 7.75, 12.036]},
			"faces": {
				"north": {"uv": [0, 0, 16, 12], "texture": "#10"},
				"east": {"uv": [0, 0, 16, 12], "texture": "#10"},
				"south": {"uv": [0, 0, 16, 12], "texture": "#10"},
				"west": {"uv": [0, 0, 16, 12], "texture": "#10"},
				"up": {"uv": [0, 0, 16, 12], "texture": "#10"},
				"down": {"uv": [0, 0, 16, 12], "texture": "#10"}
			}
		},
		{
			"name": "hexadecagon",
			"from": [1.66245, 8.696, 12.06708],
			"to": [1.97155, 8.804, 12.813],
			"rotation": {"angle": 45, "axis": "y", "origin": [1.817, 7.75, 12.036]},
			"faces": {
				"north": {"uv": [0, 0, 16, 12], "texture": "#10"},
				"east": {"uv": [0, 0, 16, 12], "texture": "#10"},
				"south": {"uv": [0, 0, 16, 12], "texture": "#10"},
				"west": {"uv": [0, 0, 16, 12], "texture": "#10"},
				"up": {"uv": [0, 0, 16, 12], "texture": "#10"},
				"down": {"uv": [0, 0, 16, 12], "texture": "#10"}
			}
		},
		{
			"name": "hexadecagon",
			"from": [1.04, 8.696, 11.88145],
			"to": [1.78592, 8.804, 12.19055],
			"rotation": {"angle": -22.5, "axis": "y", "origin": [1.817, 7.75, 12.036]},
			"faces": {
				"north": {"uv": [0, 0, 16, 12], "texture": "#10"},
				"east": {"uv": [0, 0, 16, 12], "texture": "#10"},
				"south": {"uv": [0, 0, 16, 12], "texture": "#10"},
				"west": {"uv": [0, 0, 16, 12], "texture": "#10"},
				"up": {"uv": [0, 0, 16, 12], "texture": "#10"},
				"down": {"uv": [0, 0, 16, 12], "texture": "#10"}
			}
		},
		{
			"name": "hexadecagon",
			"from": [1.04, 8.696, 11.88145],
			"to": [1.78592, 8.804, 12.19055],
			"rotation": {"angle": 0, "axis": "y", "origin": [1.817, 7.75, 12.036]},
			"faces": {
				"north": {"uv": [0, 0, 16, 12], "texture": "#10"},
				"east": {"uv": [0, 0, 16, 12], "texture": "#10"},
				"south": {"uv": [0, 0, 16, 12], "texture": "#10"},
				"west": {"uv": [0, 0, 16, 12], "texture": "#10"},
				"up": {"uv": [0, 0, 16, 12], "texture": "#10"},
				"down": {"uv": [0, 0, 16, 12], "texture": "#10"}
			}
		},
		{
			"name": "hexadecagon",
			"from": [1.04, 8.696, 11.88145],
			"to": [1.78592, 8.804, 12.19055],
			"rotation": {"angle": 22.5, "axis": "y", "origin": [1.817, 7.75, 12.036]},
			"faces": {
				"north": {"uv": [0, 0, 16, 12], "texture": "#10"},
				"east": {"uv": [0, 0, 16, 12], "texture": "#10"},
				"south": {"uv": [0, 0, 16, 12], "texture": "#10"},
				"west": {"uv": [0, 0, 16, 12], "texture": "#10"},
				"up": {"uv": [0, 0, 16, 12], "texture": "#10"},
				"down": {"uv": [0, 0, 16, 12], "texture": "#10"}
			}
		},
		{
			"name": "hexadecagon",
			"from": [1.84808, 8.696, 11.88145],
			"to": [2.594, 8.804, 12.19055],
			"rotation": {"angle": -22.5, "axis": "y", "origin": [1.817, 7.75, 12.036]},
			"faces": {
				"north": {"uv": [0, 0, 16, 12], "texture": "#10"},
				"east": {"uv": [0, 0, 16, 12], "texture": "#10"},
				"south": {"uv": [0, 0, 16, 12], "texture": "#10"},
				"west": {"uv": [0, 0, 16, 12], "texture": "#10"},
				"up": {"uv": [0, 0, 16, 12], "texture": "#10"},
				"down": {"uv": [0, 0, 16, 12], "texture": "#10"}
			}
		},
		{
			"name": "hexadecagon",
			"from": [1.84808, 8.696, 11.88145],
			"to": [2.594, 8.804, 12.19055],
			"rotation": {"angle": 0, "axis": "y", "origin": [1.817, 7.75, 12.036]},
			"faces": {
				"north": {"uv": [0, 0, 16, 12], "texture": "#10"},
				"east": {"uv": [0, 0, 16, 12], "texture": "#10"},
				"south": {"uv": [0, 0, 16, 12], "texture": "#10"},
				"west": {"uv": [0, 0, 16, 12], "texture": "#10"},
				"up": {"uv": [0, 0, 16, 12], "texture": "#10"},
				"down": {"uv": [0, 0, 16, 12], "texture": "#10"}
			}
		},
		{
			"name": "hexadecagon",
			"from": [1.84808, 8.696, 11.88145],
			"to": [2.594, 8.804, 12.19055],
			"rotation": {"angle": 22.5, "axis": "y", "origin": [1.817, 7.75, 12.036]},
			"faces": {
				"north": {"uv": [0, 0, 16, 12], "texture": "#10"},
				"east": {"uv": [0, 0, 16, 12], "texture": "#10"},
				"south": {"uv": [0, 0, 16, 12], "texture": "#10"},
				"west": {"uv": [0, 0, 16, 12], "texture": "#10"},
				"up": {"uv": [0, 0, 16, 12], "texture": "#10"},
				"down": {"uv": [0, 0, 16, 12], "texture": "#10"}
			}
		},
		{
			"name": "hexadecagon",
			"from": [0.15253, 8.71, 11.3],
			"to": [0.34747, 8.95, 11.7704],
			"rotation": {"angle": -45, "axis": "y", "origin": [0.25, 9.69, 11.79]},
			"faces": {
				"north": {"uv": [0, 0, 16, 16], "texture": "#6"},
				"east": {"uv": [0, 0, 16, 16], "texture": "#6"},
				"south": {"uv": [0, 0, 16, 16], "texture": "#6"},
				"west": {"uv": [0, 0, 16, 16], "texture": "#6"},
				"up": {"uv": [0, 0, 16, 16], "texture": "#6"},
				"down": {"uv": [0, 0, 16, 16], "texture": "#6"}
			}
		},
		{
			"name": "hexadecagon",
			"from": [0.15253, 8.71, 11.3],
			"to": [0.34747, 8.95, 11.7704],
			"rotation": {"angle": -22.5, "axis": "y", "origin": [0.25, 9.69, 11.79]},
			"faces": {
				"north": {"uv": [0, 0, 16, 16], "texture": "#6"},
				"east": {"uv": [0, 0, 16, 16], "texture": "#6"},
				"south": {"uv": [0, 0, 16, 16], "texture": "#6"},
				"west": {"uv": [0, 0, 16, 16], "texture": "#6"},
				"up": {"uv": [0, 0, 16, 16], "texture": "#6"},
				"down": {"uv": [0, 0, 16, 16], "texture": "#6"}
			}
		},
		{
			"name": "hexadecagon",
			"from": [0.15253, 8.71, 11.3],
			"to": [0.34747, 8.95, 11.7704],
			"rotation": {"angle": 0, "axis": "y", "origin": [0.25, 9.69, 11.79]},
			"faces": {
				"north": {"uv": [0, 0, 16, 16], "texture": "#6"},
				"east": {"uv": [0, 0, 16, 16], "texture": "#6"},
				"south": {"uv": [0, 0, 16, 16], "texture": "#6"},
				"west": {"uv": [0, 0, 16, 16], "texture": "#6"},
				"up": {"uv": [0, 0, 16, 16], "texture": "#6"},
				"down": {"uv": [0, 0, 16, 16], "texture": "#6"}
			}
		},
		{
			"name": "hexadecagon",
			"from": [0.15253, 8.71, 11.3],
			"to": [0.34747, 8.95, 11.7704],
			"rotation": {"angle": 22.5, "axis": "y", "origin": [0.25, 9.69, 11.79]},
			"faces": {
				"north": {"uv": [0, 0, 16, 16], "texture": "#6"},
				"east": {"uv": [0, 0, 16, 16], "texture": "#6"},
				"south": {"uv": [0, 0, 16, 16], "texture": "#6"},
				"west": {"uv": [0, 0, 16, 16], "texture": "#6"},
				"up": {"uv": [0, 0, 16, 16], "texture": "#6"},
				"down": {"uv": [0, 0, 16, 16], "texture": "#6"}
			}
		},
		{
			"name": "hexadecagon",
			"from": [0.15253, 8.71, 11.3],
			"to": [0.34747, 8.95, 11.7704],
			"rotation": {"angle": 45, "axis": "y", "origin": [0.25, 9.69, 11.79]},
			"faces": {
				"north": {"uv": [0, 0, 16, 16], "texture": "#6"},
				"east": {"uv": [0, 0, 16, 16], "texture": "#6"},
				"south": {"uv": [0, 0, 16, 16], "texture": "#6"},
				"west": {"uv": [0, 0, 16, 16], "texture": "#6"},
				"up": {"uv": [0, 0, 16, 16], "texture": "#6"},
				"down": {"uv": [0, 0, 16, 16], "texture": "#6"}
			}
		},
		{
			"name": "hexadecagon",
			"from": [0.15253, 8.71, 11.8096],
			"to": [0.34747, 8.95, 12.28],
			"rotation": {"angle": -45, "axis": "y", "origin": [0.25, 9.69, 11.79]},
			"faces": {
				"north": {"uv": [0, 0, 16, 16], "texture": "#6"},
				"east": {"uv": [0, 0, 16, 16], "texture": "#6"},
				"south": {"uv": [0, 0, 16, 16], "texture": "#6"},
				"west": {"uv": [0, 0, 16, 16], "texture": "#6"},
				"up": {"uv": [0, 0, 16, 16], "texture": "#6"},
				"down": {"uv": [0, 0, 16, 16], "texture": "#6"}
			}
		},
		{
			"name": "hexadecagon",
			"from": [0.15253, 8.71, 11.8096],
			"to": [0.34747, 8.95, 12.28],
			"rotation": {"angle": -22.5, "axis": "y", "origin": [0.25, 9.69, 11.79]},
			"faces": {
				"north": {"uv": [0, 0, 16, 16], "texture": "#6"},
				"east": {"uv": [0, 0, 16, 16], "texture": "#6"},
				"south": {"uv": [0, 0, 16, 16], "texture": "#6"},
				"west": {"uv": [0, 0, 16, 16], "texture": "#6"},
				"up": {"uv": [0, 0, 16, 16], "texture": "#6"},
				"down": {"uv": [0, 0, 16, 16], "texture": "#6"}
			}
		},
		{
			"name": "hexadecagon",
			"from": [0.15253, 8.71, 11.8096],
			"to": [0.34747, 8.95, 12.28],
			"rotation": {"angle": 0, "axis": "y", "origin": [0.25, 9.69, 11.79]},
			"faces": {
				"north": {"uv": [0, 0, 16, 16], "texture": "#6"},
				"east": {"uv": [0, 0, 16, 16], "texture": "#6"},
				"south": {"uv": [0, 0, 16, 16], "texture": "#6"},
				"west": {"uv": [0, 0, 16, 16], "texture": "#6"},
				"up": {"uv": [0, 0, 16, 16], "texture": "#6"},
				"down": {"uv": [0, 0, 16, 16], "texture": "#6"}
			}
		},
		{
			"name": "hexadecagon",
			"from": [0.15253, 8.71, 11.8096],
			"to": [0.34747, 8.95, 12.28],
			"rotation": {"angle": 22.5, "axis": "y", "origin": [0.25, 9.69, 11.79]},
			"faces": {
				"north": {"uv": [0, 0, 16, 16], "texture": "#6"},
				"east": {"uv": [0, 0, 16, 16], "texture": "#6"},
				"south": {"uv": [0, 0, 16, 16], "texture": "#6"},
				"west": {"uv": [0, 0, 16, 16], "texture": "#6"},
				"up": {"uv": [0, 0, 16, 16], "texture": "#6"},
				"down": {"uv": [0, 0, 16, 16], "texture": "#6"}
			}
		},
		{
			"name": "hexadecagon",
			"from": [0.15253, 8.71, 11.8096],
			"to": [0.34747, 8.95, 12.28],
			"rotation": {"angle": 45, "axis": "y", "origin": [0.25, 9.69, 11.79]},
			"faces": {
				"north": {"uv": [0, 0, 16, 16], "texture": "#6"},
				"east": {"uv": [0, 0, 16, 16], "texture": "#6"},
				"south": {"uv": [0, 0, 16, 16], "texture": "#6"},
				"west": {"uv": [0, 0, 16, 16], "texture": "#6"},
				"up": {"uv": [0, 0, 16, 16], "texture": "#6"},
				"down": {"uv": [0, 0, 16, 16], "texture": "#6"}
			}
		},
		{
			"name": "hexadecagon",
			"from": [-0.24, 8.71, 11.69253],
			"to": [0.2304, 8.95, 11.88747],
			"rotation": {"angle": -22.5, "axis": "y", "origin": [0.25, 9.69, 11.79]},
			"faces": {
				"north": {"uv": [0, 0, 16, 16], "texture": "#6"},
				"east": {"uv": [0, 0, 16, 16], "texture": "#6"},
				"south": {"uv": [0, 0, 16, 16], "texture": "#6"},
				"west": {"uv": [0, 0, 16, 16], "texture": "#6"},
				"up": {"uv": [0, 0, 16, 16], "texture": "#6"},
				"down": {"uv": [0, 0, 16, 16], "texture": "#6"}
			}
		},
		{
			"name": "hexadecagon",
			"from": [-0.24, 8.71, 11.69253],
			"to": [0.2304, 8.95, 11.88747],
			"rotation": {"angle": 0, "axis": "y", "origin": [0.25, 9.69, 11.79]},
			"faces": {
				"north": {"uv": [0, 0, 16, 16], "texture": "#6"},
				"east": {"uv": [0, 0, 16, 16], "texture": "#6"},
				"south": {"uv": [0, 0, 16, 16], "texture": "#6"},
				"west": {"uv": [0, 0, 16, 16], "texture": "#6"},
				"up": {"uv": [0, 0, 16, 16], "texture": "#6"},
				"down": {"uv": [0, 0, 16, 16], "texture": "#6"}
			}
		},
		{
			"name": "hexadecagon",
			"from": [-0.24, 8.71, 11.69253],
			"to": [0.2304, 8.95, 11.88747],
			"rotation": {"angle": 22.5, "axis": "y", "origin": [0.25, 9.69, 11.79]},
			"faces": {
				"north": {"uv": [0, 0, 16, 16], "texture": "#6"},
				"east": {"uv": [0, 0, 16, 16], "texture": "#6"},
				"south": {"uv": [0, 0, 16, 16], "texture": "#6"},
				"west": {"uv": [0, 0, 16, 16], "texture": "#6"},
				"up": {"uv": [0, 0, 16, 16], "texture": "#6"},
				"down": {"uv": [0, 0, 16, 16], "texture": "#6"}
			}
		},
		{
			"name": "hexadecagon",
			"from": [0.2696, 8.71, 11.69253],
			"to": [0.74, 8.95, 11.88747],
			"rotation": {"angle": -22.5, "axis": "y", "origin": [0.25, 9.69, 11.79]},
			"faces": {
				"north": {"uv": [0, 0, 16, 16], "texture": "#6"},
				"east": {"uv": [0, 0, 16, 16], "texture": "#6"},
				"south": {"uv": [0, 0, 16, 16], "texture": "#6"},
				"west": {"uv": [0, 0, 16, 16], "texture": "#6"},
				"up": {"uv": [0, 0, 16, 16], "texture": "#6"},
				"down": {"uv": [0, 0, 16, 16], "texture": "#6"}
			}
		},
		{
			"name": "hexadecagon",
			"from": [0.2696, 8.71, 11.69253],
			"to": [0.74, 8.95, 11.88747],
			"rotation": {"angle": 0, "axis": "y", "origin": [0.25, 9.69, 11.79]},
			"faces": {
				"north": {"uv": [0, 0, 16, 16], "texture": "#6"},
				"east": {"uv": [0, 0, 16, 16], "texture": "#6"},
				"south": {"uv": [0, 0, 16, 16], "texture": "#6"},
				"west": {"uv": [0, 0, 16, 16], "texture": "#6"},
				"up": {"uv": [0, 0, 16, 16], "texture": "#6"},
				"down": {"uv": [0, 0, 16, 16], "texture": "#6"}
			}
		},
		{
			"name": "hexadecagon",
			"from": [0.2696, 8.71, 11.69253],
			"to": [0.74, 8.95, 11.88747],
			"rotation": {"angle": 22.5, "axis": "y", "origin": [0.25, 9.69, 11.79]},
			"faces": {
				"north": {"uv": [0, 0, 16, 16], "texture": "#6"},
				"east": {"uv": [0, 0, 16, 16], "texture": "#6"},
				"south": {"uv": [0, 0, 16, 16], "texture": "#6"},
				"west": {"uv": [0, 0, 16, 16], "texture": "#6"},
				"up": {"uv": [0, 0, 16, 16], "texture": "#6"},
				"down": {"uv": [0, 0, 16, 16], "texture": "#6"}
			}
		},
		{
			"from": [-1, 8.75, 4],
			"to": [3.25, 9, 13],
			"rotation": {"angle": 0, "axis": "y", "origin": [0, 6, 0]},
			"faces": {
				"north": {"uv": [0, 0, 16, 16], "texture": "#9"},
				"east": {"uv": [0, 0, 16, 16], "texture": "#9"},
				"south": {"uv": [0, 0, 16, 16], "texture": "#9"},
				"west": {"uv": [0, 0, 16, 16], "texture": "#9"},
				"up": {"uv": [0, 0, 16, 16], "texture": "#9"},
				"down": {"uv": [0, 0, 16, 16], "texture": "#9"}
			}
		},
		{
			"from": [3.75, 8.7, 17.25],
			"to": [4, 8.95, 18.75],
			"rotation": {"angle": -45, "axis": "y", "origin": [17.875, 9.25, 6.625]},
			"faces": {
				"north": {"uv": [0, 0, 16, 16], "texture": "#0"},
				"east": {"uv": [0, 0, 16, 16], "texture": "#0"},
				"south": {"uv": [0, 0, 16, 16], "texture": "#0"},
				"west": {"uv": [0, 0, 16, 16], "texture": "#0"},
				"up": {"uv": [0, 0, 16, 16], "texture": "#0"},
				"down": {"uv": [0, 0, 2, 16], "texture": "#0"}
			}
		},
		{
			"from": [4.25, 8.7, 17.75],
			"to": [4.5, 8.95, 19.25],
			"rotation": {"angle": -45, "axis": "y", "origin": [17.875, 9.25, 6.625]},
			"faces": {
				"north": {"uv": [0, 0, 16, 16], "texture": "#0"},
				"east": {"uv": [0, 0, 16, 16], "texture": "#0"},
				"south": {"uv": [0, 0, 16, 16], "texture": "#0"},
				"west": {"uv": [0, 0, 16, 16], "texture": "#0"},
				"up": {"uv": [0, 0, 16, 16], "texture": "#0"},
				"down": {"uv": [0, 0, 2, 16], "texture": "#0"}
			}
		},
		{
			"from": [4.75, 8.7, 18.25],
			"to": [5, 8.95, 19.75],
			"rotation": {"angle": -45, "axis": "y", "origin": [17.875, 9.25, 6.625]},
			"faces": {
				"north": {"uv": [0, 0, 16, 16], "texture": "#0"},
				"east": {"uv": [0, 0, 16, 16], "texture": "#0"},
				"south": {"uv": [0, 0, 16, 16], "texture": "#0"},
				"west": {"uv": [0, 0, 16, 16], "texture": "#0"},
				"up": {"uv": [0, 0, 16, 16], "texture": "#0"},
				"down": {"uv": [0, 0, 2, 16], "texture": "#0"}
			}
		},
		{
			"from": [8, 8.7, 21.75],
			"to": [8.25, 8.95, 23.25],
			"rotation": {"angle": -45, "axis": "y", "origin": [17.875, 9.25, 6.625]},
			"faces": {
				"north": {"uv": [0, 0, 16, 16], "texture": "#0"},
				"east": {"uv": [0, 0, 16, 16], "texture": "#0"},
				"south": {"uv": [0, 0, 16, 16], "texture": "#0"},
				"west": {"uv": [0, 0, 16, 16], "texture": "#0"},
				"up": {"uv": [0, 0, 16, 16], "texture": "#0"},
				"down": {"uv": [0, 0, 2, 16], "texture": "#0"}
			}
		},
		{
			"from": [7.5, 8.7, 21.25],
			"to": [7.75, 8.95, 22.75],
			"rotation": {"angle": -45, "axis": "y", "origin": [17.875, 9.25, 6.625]},
			"faces": {
				"north": {"uv": [0, 0, 16, 16], "texture": "#0"},
				"east": {"uv": [0, 0, 16, 16], "texture": "#0"},
				"south": {"uv": [0, 0, 16, 16], "texture": "#0"},
				"west": {"uv": [0, 0, 16, 16], "texture": "#0"},
				"up": {"uv": [0, 0, 16, 16], "texture": "#0"},
				"down": {"uv": [0, 0, 2, 16], "texture": "#0"}
			}
		},
		{
			"from": [3.75, 8.9, 12.25],
			"to": [8.75, 9.1, 13.5],
			"rotation": {"angle": 0, "axis": "y", "origin": [0, 6, 0]},
			"faces": {
				"north": {"uv": [0, 0, 16, 3], "texture": "#11"},
				"east": {"uv": [0, 0, 16, 3], "texture": "#11"},
				"south": {"uv": [0, 0, 16, 3], "texture": "#11"},
				"west": {"uv": [0, 0, 16, 3], "texture": "#11"},
				"up": {"uv": [0, 0, 16, 3], "texture": "#11"},
				"down": {"uv": [0, 0, 16, 3], "texture": "#11"}
			}
		},
		{
			"from": [-0.5, 8.75, 3.5],
			"to": [3.25, 9, 4],
			"rotation": {"angle": 0, "axis": "y", "origin": [0, 6, 0]},
			"faces": {
				"north": {"uv": [0, 0, 16, 16], "texture": "#9"},
				"east": {"uv": [0, 0, 16, 16], "texture": "#9"},
				"south": {"uv": [0, 0, 16, 16], "texture": "#9"},
				"west": {"uv": [0, 0, 16, 16], "texture": "#9"},
				"up": {"uv": [0, 0, 16, 16], "texture": "#9"},
				"down": {"uv": [0, 0, 16, 16], "texture": "#9"}
			}
		},
		{
			"from": [-0.5, 8.85, 3],
			"to": [3.25, 9, 3.5],
			"rotation": {"angle": 0, "axis": "y", "origin": [0, 6, 0]},
			"faces": {
				"north": {"uv": [0, 0, 16, 16], "texture": "#9"},
				"east": {"uv": [0, 0, 16, 16], "texture": "#9"},
				"south": {"uv": [0, 0, 16, 16], "texture": "#9"},
				"west": {"uv": [0, 0, 16, 16], "texture": "#9"},
				"up": {"uv": [0, 0, 16, 16], "texture": "#9"},
				"down": {"uv": [0, 0, 16, 16], "texture": "#9"}
			}
		},
		{
			"from": [-0.5, 8.75, 13],
			"to": [3.25, 9, 13.5],
			"rotation": {"angle": 0, "axis": "y", "origin": [0, 6, 0]},
			"faces": {
				"north": {"uv": [0, 0, 16, 16], "texture": "#9"},
				"east": {"uv": [0, 0, 16, 16], "texture": "#9"},
				"south": {"uv": [0, 0, 16, 16], "texture": "#9"},
				"west": {"uv": [0, 0, 16, 16], "texture": "#9"},
				"up": {"uv": [0, 0, 16, 16], "texture": "#9"},
				"down": {"uv": [0, 0, 16, 16], "texture": "#9"}
			}
		},
		{
			"from": [-0.5, 8.85, 13.5],
			"to": [3.25, 9, 14],
			"rotation": {"angle": 0, "axis": "y", "origin": [0, 6, 0]},
			"faces": {
				"north": {"uv": [0, 0, 16, 16], "texture": "#9"},
				"east": {"uv": [0, 0, 16, 16], "texture": "#9"},
				"south": {"uv": [0, 0, 16, 16], "texture": "#9"},
				"west": {"uv": [0, 0, 16, 16], "texture": "#9"},
				"up": {"uv": [0, 0, 16, 16], "texture": "#9"},
				"down": {"uv": [0, 0, 16, 16], "texture": "#9"}
			}
		},
		{
			"from": [-1.5, 8.75, 4.5],
			"to": [-1, 9, 12.5],
			"rotation": {"angle": 0, "axis": "y", "origin": [0, 6, 0]},
			"faces": {
				"north": {"uv": [0, 0, 16, 16], "texture": "#9"},
				"east": {"uv": [0, 0, 16, 16], "texture": "#9"},
				"south": {"uv": [0, 0, 16, 16], "texture": "#9"},
				"west": {"uv": [0, 0, 16, 16], "texture": "#9"},
				"up": {"uv": [0, 0, 16, 16], "texture": "#9"},
				"down": {"uv": [0, 0, 16, 16], "texture": "#9"}
			}
		},
		{
			"from": [-2, 8.85, 4.5],
			"to": [-1.5, 9, 12.5],
			"rotation": {"angle": 0, "axis": "y", "origin": [0, 6, 0]},
			"faces": {
				"north": {"uv": [0, 0, 16, 16], "texture": "#9"},
				"east": {"uv": [0, 0, 16, 16], "texture": "#9"},
				"south": {"uv": [0, 0, 16, 16], "texture": "#9"},
				"west": {"uv": [0, 0, 16, 16], "texture": "#9"},
				"up": {"uv": [0, 0, 16, 16], "texture": "#9"},
				"down": {"uv": [0, 0, 16, 16], "texture": "#9"}
			}
		},
		{
			"from": [-2, 8.85, 12.5],
			"to": [-1.5, 9, 13],
			"rotation": {"angle": 0, "axis": "y", "origin": [0, 6, 0]},
			"faces": {
				"north": {"uv": [0, 0, 16, 16], "texture": "#9"},
				"east": {"uv": [0, 0, 16, 16], "texture": "#9"},
				"south": {"uv": [0, 0, 16, 16], "texture": "#9"},
				"west": {"uv": [0, 0, 16, 16], "texture": "#9"},
				"up": {"uv": [0, 0, 16, 16], "texture": "#9"},
				"down": {"uv": [0, 0, 16, 16], "texture": "#9"}
			}
		},
		{
			"from": [-2, 8.85, 4],
			"to": [-1.5, 9, 4.5],
			"rotation": {"angle": 0, "axis": "y", "origin": [0, 6, 0]},
			"faces": {
				"north": {"uv": [0, 0, 16, 16], "texture": "#9"},
				"east": {"uv": [0, 0, 16, 16], "texture": "#9"},
				"south": {"uv": [0, 0, 16, 16], "texture": "#9"},
				"west": {"uv": [0, 0, 16, 16], "texture": "#9"},
				"up": {"uv": [0, 0, 16, 16], "texture": "#9"},
				"down": {"uv": [0, 0, 16, 16], "texture": "#9"}
			}
		},
		{
			"from": [-1, 8.85, 3],
			"to": [-0.5, 9, 3.5],
			"rotation": {"angle": 0, "axis": "y", "origin": [0, 6, 0]},
			"faces": {
				"north": {"uv": [0, 0, 16, 16], "texture": "#9"},
				"east": {"uv": [0, 0, 16, 16], "texture": "#9"},
				"south": {"uv": [0, 0, 16, 16], "texture": "#9"},
				"west": {"uv": [0, 0, 16, 16], "texture": "#9"},
				"up": {"uv": [0, 0, 16, 16], "texture": "#9"},
				"down": {"uv": [0, 0, 16, 16], "texture": "#9"}
			}
		},
		{
			"from": [-1.5, 8.85, 12.5],
			"to": [-0.5, 9, 13.5],
			"rotation": {"angle": 0, "axis": "y", "origin": [0, 6, 0]},
			"faces": {
				"north": {"uv": [0, 0, 16, 16], "texture": "#9"},
				"east": {"uv": [0, 0, 16, 16], "texture": "#9"},
				"south": {"uv": [0, 0, 16, 16], "texture": "#9"},
				"west": {"uv": [0, 0, 16, 16], "texture": "#9"},
				"up": {"uv": [0, 0, 16, 16], "texture": "#9"},
				"down": {"uv": [0, 0, 16, 16], "texture": "#9"}
			}
		},
		{
			"from": [-1.5, 8.85, 3.5],
			"to": [-0.5, 9, 4.5],
			"rotation": {"angle": 0, "axis": "y", "origin": [0, 6, 0]},
			"faces": {
				"north": {"uv": [0, 0, 16, 16], "texture": "#9"},
				"east": {"uv": [0, 0, 16, 16], "texture": "#9"},
				"south": {"uv": [0, 0, 16, 16], "texture": "#9"},
				"west": {"uv": [0, 0, 16, 16], "texture": "#9"},
				"up": {"uv": [0, 0, 16, 16], "texture": "#9"},
				"down": {"uv": [0, 0, 16, 16], "texture": "#9"}
			}
		},
		{
			"from": [-1, 8.85, 13.5],
			"to": [-0.5, 9, 14],
			"rotation": {"angle": 0, "axis": "y", "origin": [0, 6, 0]},
			"faces": {
				"north": {"uv": [0, 0, 16, 16], "texture": "#9"},
				"east": {"uv": [0, 0, 16, 16], "texture": "#9"},
				"south": {"uv": [0, 0, 16, 16], "texture": "#9"},
				"west": {"uv": [0, 0, 16, 16], "texture": "#9"},
				"up": {"uv": [0, 0, 16, 16], "texture": "#9"},
				"down": {"uv": [0, 0, 16, 16], "texture": "#9"}
			}
		},
		{
			"from": [18.2, 8.95, 5.25],
			"to": [18.45, 9.2, 12],
			"rotation": {"angle": 0, "axis": "y", "origin": [0, 6, 0]},
			"faces": {
				"north": {"uv": [0, 0, 16, 16], "texture": "#0"},
				"east": {"uv": [0, 0, 16, 16], "texture": "#0"},
				"south": {"uv": [0, 0, 16, 16], "texture": "#0"},
				"west": {"uv": [0, 0, 16, 16], "texture": "#0"},
				"up": {"uv": [0, 0, 16, 16], "texture": "#0"},
				"down": {"uv": [0, 0, 2, 16], "texture": "#0"}
			}
		},
		{
			"from": [17, 8.95, 6.25],
			"to": [17.25, 9.2, 11],
			"rotation": {"angle": 0, "axis": "y", "origin": [0, 6, 0]},
			"faces": {
				"north": {"uv": [0, 0, 16, 16], "texture": "#0"},
				"east": {"uv": [0, 0, 16, 16], "texture": "#0"},
				"south": {"uv": [0, 0, 16, 16], "texture": "#0"},
				"west": {"uv": [0, 0, 16, 16], "texture": "#0"},
				"up": {"uv": [0, 0, 16, 16], "texture": "#0"},
				"down": {"uv": [0, 0, 2, 16], "texture": "#0"}
			}
		},
		{
			"from": [17, 8.95, 5.25],
			"to": [17.25, 9.2, 7],
			"rotation": {"angle": -45, "axis": "y", "origin": [17.875, 9.25, 6.625]},
			"faces": {
				"north": {"uv": [0, 0, 16, 16], "texture": "#0"},
				"east": {"uv": [0, 0, 16, 16], "texture": "#0"},
				"south": {"uv": [0, 0, 16, 16], "texture": "#0"},
				"west": {"uv": [0, 0, 16, 16], "texture": "#0"},
				"up": {"uv": [0, 0, 16, 16], "texture": "#0"},
				"down": {"uv": [0, 0, 2, 16], "texture": "#0"}
			}
		},
		{
			"from": [17, 8.95, 10.25],
			"to": [17.25, 9.2, 12],
			"rotation": {"angle": 45, "axis": "y", "origin": [17.875, 9.25, 10.625]},
			"faces": {
				"north": {"uv": [0, 0, 16, 16], "texture": "#0"},
				"east": {"uv": [0, 0, 16, 16], "texture": "#0"},
				"south": {"uv": [0, 0, 16, 16], "texture": "#0"},
				"west": {"uv": [0, 0, 16, 16], "texture": "#0"},
				"up": {"uv": [0, 0, 16, 16], "texture": "#0"},
				"down": {"uv": [0, 0, 2, 16], "texture": "#0"}
			}
		},
		{
			"from": [16.25, 8.95, 5],
			"to": [16.5, 9.2, 6.5],
			"rotation": {"angle": -45, "axis": "y", "origin": [17.875, 9.25, 6.625]},
			"faces": {
				"north": {"uv": [0, 0, 16, 16], "texture": "#0"},
				"east": {"uv": [0, 0, 16, 16], "texture": "#0"},
				"south": {"uv": [0, 0, 16, 16], "texture": "#0"},
				"west": {"uv": [0, 0, 16, 16], "texture": "#0"},
				"up": {"uv": [0, 0, 16, 16], "texture": "#0"},
				"down": {"uv": [0, 0, 2, 16], "texture": "#0"}
			}
		},
		{
			"from": [16.25, 8.95, 10.5],
			"to": [16.5, 9.2, 12],
			"rotation": {"angle": 45, "axis": "y", "origin": [17.875, 9.25, 10.625]},
			"faces": {
				"north": {"uv": [0, 0, 16, 16], "texture": "#0"},
				"east": {"uv": [0, 0, 16, 16], "texture": "#0"},
				"south": {"uv": [0, 0, 16, 16], "texture": "#0"},
				"west": {"uv": [0, 0, 16, 16], "texture": "#0"},
				"up": {"uv": [0, 0, 16, 16], "texture": "#0"},
				"down": {"uv": [0, 0, 2, 16], "texture": "#0"}
			}
		},
		{
			"from": [11.75, 8.75, 7.5],
			"to": [16, 9, 9.5],
			"rotation": {"angle": 0, "axis": "y", "origin": [0, 6, 0]},
			"faces": {
				"north": {"uv": [0, 0, 9, 6], "texture": "#2"},
				"east": {"uv": [0, 0, 9, 6], "texture": "#2"},
				"south": {"uv": [0, 0, 9, 6], "texture": "#2"},
				"west": {"uv": [0, 0, 9, 6], "texture": "#2"},
				"up": {"uv": [0, 0, 9, 6], "texture": "#2"},
				"down": {"uv": [0, 0, 9, 6], "texture": "#2"}
			}
		},
		{
			"from": [16, 8.75, 7.25],
			"to": [16.5, 9, 9.75],
			"rotation": {"angle": 0, "axis": "y", "origin": [0, 6, 0]},
			"faces": {
				"north": {"uv": [0, 0, 10, 10], "texture": "#2"},
				"east": {"uv": [0, 0, 10, 10], "texture": "#2"},
				"south": {"uv": [0, 0, 10, 10], "texture": "#2"},
				"west": {"uv": [0, 0, 10, 10], "texture": "#2"},
				"up": {"uv": [0, 0, 10, 10], "texture": "#2"},
				"down": {"uv": [0, 0, 5, 7], "texture": "#2"}
			}
		},
		{
			"from": [16, 8.75, 9.75],
			"to": [16.5, 9, 10.25],
			"rotation": {"angle": 0, "axis": "y", "origin": [0, 6, 0]},
			"faces": {
				"north": {"uv": [0, 0, 16, 16], "texture": "#3"},
				"east": {"uv": [0, 0, 16, 16], "texture": "#3"},
				"south": {"uv": [0, 0, 16, 16], "texture": "#3"},
				"west": {"uv": [0, 0, 16, 16], "texture": "#3"},
				"up": {"uv": [0, 0, 16, 16], "texture": "#3"},
				"down": {"uv": [0, 0, 16, 16], "texture": "#3"}
			}
		},
		{
			"from": [16, 8.75, 6.75],
			"to": [16.5, 9, 7.25],
			"rotation": {"angle": 0, "axis": "y", "origin": [0, 6, 0]},
			"faces": {
				"north": {"uv": [0, 0, 16, 16], "texture": "#3"},
				"east": {"uv": [0, 0, 16, 16], "texture": "#3"},
				"south": {"uv": [0, 0, 16, 16], "texture": "#3"},
				"west": {"uv": [0, 0, 16, 16], "texture": "#3"},
				"up": {"uv": [0, 0, 16, 16], "texture": "#3"},
				"down": {"uv": [0, 0, 16, 16], "texture": "#3"}
			}
		},
		{
			"from": [6.25, 8.5, 6.5],
			"to": [11.75, 9, 10.5],
			"rotation": {"angle": 0, "axis": "y", "origin": [0, 6, 0]},
			"faces": {
				"north": {"uv": [0, 0, 9, 9], "texture": "#4"},
				"east": {"uv": [0, 0, 9, 9], "texture": "#4"},
				"south": {"uv": [0, 0, 9, 9], "texture": "#4"},
				"west": {"uv": [0, 0, 9, 9], "texture": "#4"},
				"up": {"uv": [0, 0, 9, 9], "texture": "#4"},
				"down": {"uv": [0, 0, 9, 9], "texture": "#4"}
			}
		},
		{
			"from": [3.75, 8.75, 7.5],
			"to": [6.25, 9, 9.5],
			"rotation": {"angle": 0, "axis": "y", "origin": [0, 6, 0]},
			"faces": {
				"north": {"uv": [0, 0, 8, 8], "texture": "#2"},
				"east": {"uv": [0, 0, 8, 8], "texture": "#2"},
				"south": {"uv": [0, 0, 8, 8], "texture": "#2"},
				"west": {"uv": [0, 0, 8, 8], "texture": "#2"},
				"up": {"uv": [0, 0, 8, 8], "texture": "#2"},
				"down": {"uv": [0, 0, 8, 8], "texture": "#2"}
			}
		},
		{
			"from": [3.25, 8.75, 7.5],
			"to": [3.75, 9, 9.5],
			"rotation": {"angle": 0, "axis": "y", "origin": [0, 6, 0]},
			"faces": {
				"north": {"uv": [0, 0, 10, 10], "texture": "#2"},
				"east": {"uv": [0, 0, 10, 10], "texture": "#2"},
				"south": {"uv": [0, 0, 10, 10], "texture": "#2"},
				"west": {"uv": [0, 0, 10, 10], "texture": "#2"},
				"up": {"uv": [0, 0, 10, 10], "texture": "#2"},
				"down": {"uv": [0, 0, 5, 7], "texture": "#2"}
			}
		},
		{
			"from": [3.25, 8.75, 9.5],
			"to": [3.75, 9, 10],
			"rotation": {"angle": 0, "axis": "y", "origin": [0, 6, 0]},
			"faces": {
				"north": {"uv": [0, 0, 16, 16], "texture": "#3"},
				"east": {"uv": [0, 0, 16, 16], "texture": "#3"},
				"south": {"uv": [0, 0, 16, 16], "texture": "#3"},
				"west": {"uv": [0, 0, 16, 16], "texture": "#3"},
				"up": {"uv": [0, 0, 16, 16], "texture": "#3"},
				"down": {"uv": [0, 0, 16, 16], "texture": "#3"}
			}
		},
		{
			"from": [3.25, 8.75, 7],
			"to": [3.75, 9, 7.5],
			"rotation": {"angle": 0, "axis": "y", "origin": [0, 6, 0]},
			"faces": {
				"north": {"uv": [0, 0, 16, 16], "texture": "#3"},
				"east": {"uv": [0, 0, 16, 16], "texture": "#3"},
				"south": {"uv": [0, 0, 16, 16], "texture": "#3"},
				"west": {"uv": [0, 0, 16, 16], "texture": "#3"},
				"up": {"uv": [0, 0, 16, 16], "texture": "#3"},
				"down": {"uv": [0, 0, 16, 16], "texture": "#3"}
			}
		}
	],
	"display": {
		"thirdperson_righthand": {
			"rotation": [-79.96, 6.18, 172.54],
			"translation": [-2, 1.5, 0.25],
			"scale": [0.36133, 0.36133, 0.36133]
		},
		"thirdperson_lefthand": {
			"rotation": [-79.96, 6.18, 172.54],
			"translation": [-1.75, 2, 1],
			"scale": [-0.36133, 0.36133, 0.36133]
		},
		"firstperson_righthand": {
			"rotation": [69.61, -13.14, 21.59],
			"translation": [-4, 5, 6.25],
			"scale": [-0.31, 0, 0.41]
		},
		"firstperson_lefthand": {
			"rotation": [69.61, -13.14, 21.59],
			"translation": [-4, 5, 6.25],
			"scale": [0.31, 0, 0.41]
		},
		"ground": {
			"translation": [0, -2, 0],
			"scale": [0.4, 0.4, 0.4]
		},
		"gui": {
			"rotation": [90, 90, 0],
			"scale": [-0.59961, 0.59961, 0.59961]
		},
		"head": {
			"rotation": [-90, 90, 0],
			"translation": [-0.75, 0.25, 1.5],
			"scale": [0.67969, 4, 1.42188]
		},
		"fixed": {
			"rotation": [90, 90, 180],
			"scale": [0.58203, 0.58203, 0.58203]
		}
	},
	"groups": [
		0,
		1,
		2,
		3,
		4,
		5,
		6,
		7,
		8,
		9,
		10,
		11,
		12,
		13,
		14,
		15,
		16,
		17,
		18,
		19,
		20,
		21,
		22,
		23,
		24,
		25,
		26,
		27,
		28,
		{
			"name": "hexadecagon",
			"origin": [8, 8, 8],
			"color": 0,
			"children": [29, 30, 31, 32, 33, 34, 35, 36, 37, 38, 39, 40, 41, 42, 43, 44]
		},
		{
			"name": "hexadecagon",
			"origin": [8, 8, 8],
			"color": 0,
			"children": [45, 46, 47, 48, 49, 50, 51, 52, 53, 54, 55, 56, 57, 58, 59, 60]
		},
		61,
		62,
		63,
		64,
		65,
		66,
		67,
		68,
		69,
		70,
		71,
		72,
		73,
		74,
		75,
		76,
		77,
		78,
		79,
		80,
		81,
		82,
		83,
		84,
		85,
		86,
		87,
		88,
		89,
		90,
		91,
		92,
		93,
		94
	]
}