{
	"credit": "Made with Blockbench",
	"textures": {
		"0": "items/paper",
		"1": "other/cigarette/filter",
		"2": "blocks/concrete_white",
		"3": "other/cigarette/pack_sticker",
		"4": "blocks/concrete_red",
		"5": "blocks/concrete_black",
		"7": "blocks/concrete_powder_silver",
		"particle": "blocks/paper"
	},
	"elements": [
		{
			"from": [5, 0, 7],
			"to": [11, 6, 9],
			"faces": {
				"north": {"uv": [0, 0, 16, 16], "texture": "#4"},
				"east": {"uv": [4, 3, 11, 16], "texture": "#4"},
				"south": {"uv": [0, 0, 16, 16], "texture": "#4"},
				"west": {"uv": [0, 0, 16, 16], "texture": "#4"},
				"up": {"uv": [8, 8, 9, 9], "texture": "#5"},
				"down": {"uv": [0, 7, 16, 15], "texture": "#4"}
			}
		},
		{
			"from": [5, 0, 6.95],
			"to": [11, 6, 6.95],
			"faces": {
				"north": {"uv": [0, 0, 16, 16], "texture": "#3"},
				"east": {"uv": [5.5, 0.25, 9.625, 2.625], "texture": "#3"},
				"south": {"uv": [0, 0, 2.75, 2.75], "texture": "#3"},
				"west": {"uv": [0, 0, 3.125, 2.5], "texture": "#3"},
				"up": {"uv": [7.875, 0.125, 9.875, 3.125], "texture": "#3"},
				"down": {"uv": [0, 0, 11.75, 2.5], "texture": "#3"}
			}
		},
		{
			"from": [5.2, 6, 8.5],
			"to": [10.8, 8, 8.7],
			"faces": {
				"north": {"uv": [7, 8, 9, 11], "texture": "#7"},
				"east": {"uv": [7, 8, 9, 11], "texture": "#0"},
				"south": {"uv": [7, 8, 9, 11], "texture": "#0"},
				"west": {"uv": [7, 8, 9, 11], "texture": "#0"},
				"up": {"uv": [7, 8, 9, 11], "texture": "#0"},
				"down": {"uv": [7, 8, 9, 11], "texture": "#0"}
			}
		},
		{
			"from": [5.2, 6, 8.7],
			"to": [10.8, 8, 9],
			"rotation": {"angle": 0, "axis": "x", "origin": [8, 6, 9]},
			"faces": {
				"north": {"uv": [7, 8, 9, 11], "texture": "#2"},
				"east": {"uv": [7, 8, 9, 11], "texture": "#4"},
				"south": {"uv": [0, 7, 16, 16], "texture": "#4"},
				"west": {"uv": [0, 0, 16, 16], "texture": "#4"},
				"up": {"uv": [7, 8, 9, 11], "texture": "#4"},
				"down": {"uv": [7, 8, 9, 11], "texture": "#4"}
			}
		},
		{
			"from": [10.6, 6, 7.3],
			"to": [10.8, 8, 8.5],
			"rotation": {"angle": 0, "axis": "y", "origin": [8, 6.8, 8.6]},
			"faces": {
				"north": {"uv": [7, 8, 9, 11], "texture": "#0"},
				"east": {"uv": [7, 8, 9, 11], "texture": "#0"},
				"south": {"uv": [7, 8, 9, 11], "texture": "#0"},
				"west": {"uv": [7, 8, 9, 11], "texture": "#7"},
				"up": {"uv": [7, 8, 9, 11], "rotation": 270, "texture": "#0"},
				"down": {"uv": [7, 8, 9, 11], "rotation": 90, "texture": "#0"}
			}
		},
		{
			"from": [9.4, 6, 7.3],
			"to": [10.6, 7, 7.5],
			"rotation": {"angle": 0, "axis": "y", "origin": [6.3, 6.9, 5.9]},
			"faces": {
				"north": {"uv": [7, 8, 9, 11], "texture": "#0"},
				"east": {"uv": [7, 8, 9, 11], "texture": "#0"},
				"south": {"uv": [7, 8, 9, 11], "texture": "#0"},
				"west": {"uv": [7, 8, 9, 11], "texture": "#0"},
				"up": {"uv": [7, 8, 9, 11], "rotation": 180, "texture": "#0"},
				"down": {"uv": [7, 8, 9, 11], "rotation": 180, "texture": "#0"}
			}
		},
		{
			"from": [10, 7, 7.3],
			"to": [10.6, 8, 7.5],
			"rotation": {"angle": 0, "axis": "y", "origin": [6.3, 6.9, 5.9]},
			"faces": {
				"north": {"uv": [7, 8, 9, 11], "texture": "#0"},
				"east": {"uv": [7, 8, 9, 11], "texture": "#0"},
				"south": {"uv": [7, 8, 9, 11], "texture": "#7"},
				"west": {"uv": [7, 8, 9, 11], "texture": "#0"},
				"up": {"uv": [7, 8, 9, 11], "rotation": 180, "texture": "#0"},
				"down": {"uv": [7, 8, 9, 11], "rotation": 180, "texture": "#0"}
			}
		},
		{
			"from": [5.4, 6, 7.3],
			"to": [6.6, 7, 7.5],
			"rotation": {"angle": 0, "axis": "y", "origin": [6.3, 6.9, 5.9]},
			"faces": {
				"north": {"uv": [7, 8, 9, 11], "texture": "#0"},
				"east": {"uv": [7, 8, 9, 11], "texture": "#0"},
				"south": {"uv": [7, 8, 9, 11], "texture": "#0"},
				"west": {"uv": [7, 8, 9, 11], "texture": "#0"},
				"up": {"uv": [7, 8, 9, 11], "texture": "#0"},
				"down": {"uv": [7, 8, 9, 11], "texture": "#0"}
			}
		},
		{
			"from": [5.2, 6, 7],
			"to": [10.8, 6.1, 7.3],
			"rotation": {"angle": 0, "axis": "y", "origin": [6.3, 6.9, 5.9]},
			"faces": {
				"north": {"uv": [7, 8, 9, 11], "texture": "#0"},
				"east": {"uv": [7, 8, 9, 11], "texture": "#0"},
				"south": {"uv": [7, 8, 9, 11], "texture": "#0"},
				"west": {"uv": [7, 8, 9, 11], "texture": "#0"},
				"up": {"uv": [7, 8, 9, 11], "texture": "#0"},
				"down": {"uv": [7, 8, 9, 11], "texture": "#0"}
			}
		},
		{
			"from": [5.4, 7, 7.3],
			"to": [6, 8, 7.5],
			"rotation": {"angle": 0, "axis": "y", "origin": [6.3, 6.9, 5.9]},
			"faces": {
				"north": {"uv": [7, 8, 9, 11], "texture": "#0"},
				"east": {"uv": [7, 8, 9, 11], "texture": "#0"},
				"south": {"uv": [7, 8, 9, 11], "texture": "#7"},
				"west": {"uv": [7, 8, 9, 11], "texture": "#0"},
				"up": {"uv": [7, 8, 9, 11], "texture": "#0"},
				"down": {"uv": [7, 8, 9, 11], "texture": "#0"}
			}
		},
		{
			"from": [5.2, 6, 7.3],
			"to": [5.4, 8, 8.5],
			"rotation": {"angle": 0, "axis": "y", "origin": [8, 6.8, 8.6]},
			"faces": {
				"north": {"uv": [7, 8, 9, 11], "texture": "#0"},
				"east": {"uv": [7, 8, 9, 11], "texture": "#7"},
				"south": {"uv": [7, 8, 9, 11], "texture": "#0"},
				"west": {"uv": [7, 8, 9, 11], "texture": "#0"},
				"up": {"uv": [7, 8, 9, 11], "rotation": 270, "texture": "#0"},
				"down": {"uv": [7, 8, 9, 11], "rotation": 90, "texture": "#0"}
			}
		},
		{
			"from": [5, 6, 7],
			"to": [5.2, 8, 9],
			"rotation": {"angle": 0, "axis": "x", "origin": [8, 6, 9]},
			"faces": {
				"north": {"uv": [7, 8, 9, 11], "texture": "#4"},
				"east": {"uv": [7, 8, 9, 11], "texture": "#2"},
				"south": {"uv": [7, 8, 9, 11], "texture": "#4"},
				"west": {"uv": [0, 0, 16, 16], "texture": "#4"},
				"up": {"uv": [7, 8, 9, 11], "rotation": 270, "texture": "#4"},
				"down": {"uv": [7, 8, 9, 11], "rotation": 90, "texture": "#4"}
			}
		},
		{
			"from": [10.8, 6, 7],
			"to": [11, 8, 9],
			"rotation": {"angle": 0, "axis": "x", "origin": [8, 6, 9]},
			"faces": {
				"north": {"uv": [7, 8, 9, 11], "texture": "#4"},
				"east": {"uv": [5, 2, 10, 8], "texture": "#4"},
				"south": {"uv": [7, 8, 9, 11], "texture": "#4"},
				"west": {"uv": [0, 0, 16, 16], "texture": "#2"},
				"up": {"uv": [7, 8, 9, 11], "rotation": 270, "texture": "#4"},
				"down": {"uv": [7, 8, 9, 11], "rotation": 90, "texture": "#4"}
			}
		},
		{
			"from": [10.8, 8, 7],
			"to": [11, 8.2, 9],
			"rotation": {"angle": 0, "axis": "x", "origin": [8, 6, 9]},
			"faces": {
				"north": {"uv": [7, 8, 9, 11], "texture": "#4"},
				"east": {"uv": [7, 8, 9, 11], "texture": "#4"},
				"south": {"uv": [7, 8, 9, 11], "texture": "#4"},
				"west": {"uv": [7, 8, 9, 11], "texture": "#2"},
				"up": {"uv": [7, 8, 9, 11], "rotation": 270, "texture": "#4"},
				"down": {"uv": [7, 8, 9, 11], "rotation": 90, "texture": "#4"}
			}
		},
		{
			"from": [5.2, 8, 8.7],
			"to": [10.8, 8.2, 9],
			"rotation": {"angle": 0, "axis": "x", "origin": [8, 6, 9]},
			"faces": {
				"north": {"uv": [7, 8, 9, 11], "texture": "#2"},
				"east": {"uv": [7, 8, 9, 11], "texture": "#4"},
				"south": {"uv": [7, 8, 9, 11], "texture": "#4"},
				"west": {"uv": [7, 8, 9, 11], "texture": "#4"},
				"up": {"uv": [7, 8, 9, 11], "texture": "#4"},
				"down": {"uv": [7, 8, 9, 11], "texture": "#4"}
			}
		},
		{
			"from": [5.2, 8.2, 8.8],
			"to": [10.8, 9.9, 9],
			"rotation": {"angle": 45, "axis": "x", "origin": [8, 8.3, 8.7]},
			"faces": {
				"north": {"uv": [7, 8, 9, 11], "rotation": 180, "texture": "#2"},
				"east": {"uv": [7, 8, 9, 11], "rotation": 270, "texture": "#2"},
				"south": {"uv": [7, 8, 9, 11], "texture": "#4"},
				"west": {"uv": [0, 0, 16, 16], "rotation": 90, "texture": "#2"},
				"up": {"uv": [7, 8, 9, 11], "rotation": 180, "texture": "#4"},
				"down": {"uv": [7, 8, 9, 11], "texture": "#4"}
			}
		},
		{
			"from": [5.2, 9.7, 6.8],
			"to": [10.8, 9.9, 8.8],
			"rotation": {"angle": 45, "axis": "x", "origin": [8, 8.3, 8.7]},
			"faces": {
				"north": {"uv": [7, 8, 9, 11], "rotation": 180, "texture": "#2"},
				"east": {"uv": [7, 8, 9, 11], "rotation": 270, "texture": "#2"},
				"south": {"uv": [7, 8, 9, 11], "texture": "#2"},
				"west": {"uv": [0, 0, 16, 16], "rotation": 90, "texture": "#2"},
				"up": {"uv": [1, 1, 15, 4], "rotation": 180, "texture": "#4"},
				"down": {"uv": [7, 8, 9, 11], "texture": "#2"}
			}
		},
		{
			"from": [5, 8, 7],
			"to": [5.2, 8.2, 9],
			"rotation": {"angle": 0, "axis": "x", "origin": [8, 6, 9]},
			"faces": {
				"north": {"uv": [7, 8, 9, 11], "texture": "#4"},
				"east": {"uv": [7, 8, 9, 11], "texture": "#2"},
				"south": {"uv": [7, 8, 9, 11], "texture": "#4"},
				"west": {"uv": [0, 0, 16, 16], "texture": "#4"},
				"up": {"uv": [7, 8, 9, 11], "rotation": 270, "texture": "#4"},
				"down": {"uv": [7, 8, 9, 11], "rotation": 90, "texture": "#4"}
			}
		},
		{
			"from": [5.5, 6, 8.1],
			"to": [5.9, 7.8, 8.5],
			"faces": {
				"north": {"uv": [0, 0, 4.25, 16], "texture": "#1"},
				"east": {"uv": [0, 0, 4.25, 16], "texture": "#1"},
				"south": {"uv": [0, 0, 4.25, 16], "texture": "#1"},
				"west": {"uv": [0, 0, 4.25, 16], "texture": "#1"},
				"up": {"uv": [5.75, 3, 6, 3.25], "texture": "#1"},
				"down": {"uv": [0, 0, 0.4, 0.4], "texture": "#1"}
			}
		},
		{
			"from": [5.7, 6, 7.6],
			"to": [6.1, 7.8, 8],
			"faces": {
				"north": {"uv": [0, 0, 4.25, 16], "texture": "#1"},
				"east": {"uv": [0, 0, 4.25, 16], "texture": "#1"},
				"south": {"uv": [0, 0, 4.25, 16], "texture": "#1"},
				"west": {"uv": [0, 0, 4.25, 16], "texture": "#1"},
				"up": {"uv": [5.75, 3, 6, 3.25], "texture": "#1"},
				"down": {"uv": [0, 0, 0.4, 0.4], "texture": "#1"}
			}
		},
		{
			"from": [6.2, 6, 7.5],
			"to": [6.6, 7.7, 7.9],
			"faces": {
				"north": {"uv": [0, 0, 4.25, 16], "texture": "#1"},
				"east": {"uv": [0, 0, 4.25, 16], "texture": "#1"},
				"south": {"uv": [0, 0, 4.25, 16], "texture": "#1"},
				"west": {"uv": [0, 0, 4.25, 16], "texture": "#1"},
				"up": {"uv": [5.75, 3, 6, 3.25], "texture": "#1"},
				"down": {"uv": [0, 0, 0.4, 0.4], "texture": "#1"}
			}
		},
		{
			"from": [6, 6, 8.1],
			"to": [6.4, 7.9, 8.5],
			"faces": {
				"north": {"uv": [0, 0, 4.25, 16], "texture": "#1"},
				"east": {"uv": [0, 0, 4.25, 16], "texture": "#1"},
				"south": {"uv": [0, 0, 4.25, 16], "texture": "#1"},
				"west": {"uv": [0, 0, 4.25, 16], "texture": "#1"},
				"up": {"uv": [5.75, 3, 6, 3.25], "texture": "#1"},
				"down": {"uv": [0, 0, 0.4, 0.4], "texture": "#1"}
			}
		},
		{
			"from": [7.2, 6, 7.5],
			"to": [7.6, 7.9, 7.9],
			"faces": {
				"north": {"uv": [0, 0, 4.25, 16], "texture": "#1"},
				"east": {"uv": [0, 0, 4.25, 16], "texture": "#1"},
				"south": {"uv": [0, 0, 4.25, 16], "texture": "#1"},
				"west": {"uv": [0, 0, 4.25, 16], "texture": "#1"},
				"up": {"uv": [5.75, 3, 6, 3.25], "texture": "#1"},
				"down": {"uv": [0, 0, 0.4, 0.4], "texture": "#1"}
			}
		},
		{
			"from": [6.5, 6, 8.1],
			"to": [6.9, 7.8, 8.5],
			"faces": {
				"north": {"uv": [0, 0, 4.25, 16], "texture": "#1"},
				"east": {"uv": [0, 0, 4.25, 16], "texture": "#1"},
				"south": {"uv": [0, 0, 4.25, 16], "texture": "#1"},
				"west": {"uv": [0, 0, 4.25, 16], "texture": "#1"},
				"up": {"uv": [5.75, 3, 6, 3.25], "texture": "#1"},
				"down": {"uv": [0, 0, 0.4, 0.4], "texture": "#1"}
			}
		},
		{
			"from": [7, 6, 8],
			"to": [7.4, 7.9, 8.4],
			"faces": {
				"north": {"uv": [0, 0, 4.25, 16], "texture": "#1"},
				"east": {"uv": [0, 0, 4.25, 16], "texture": "#1"},
				"south": {"uv": [0, 0, 4.25, 16], "texture": "#1"},
				"west": {"uv": [0, 0, 4.25, 16], "texture": "#1"},
				"up": {"uv": [5.75, 3, 6, 3.25], "texture": "#1"},
				"down": {"uv": [0, 0, 0.4, 0.4], "texture": "#1"}
			}
		},
		{
			"from": [6.7, 6, 7.6],
			"to": [7.1, 7.8, 8],
			"faces": {
				"north": {"uv": [0, 0, 4.25, 16], "texture": "#1"},
				"east": {"uv": [0, 0, 4.25, 16], "texture": "#1"},
				"south": {"uv": [0, 0, 4.25, 16], "texture": "#1"},
				"west": {"uv": [0, 0, 4.25, 16], "texture": "#1"},
				"up": {"uv": [5.75, 3, 6, 3.25], "texture": "#1"},
				"down": {"uv": [0, 0, 0.4, 0.4], "texture": "#1"}
			}
		},
		{
			"from": [9.2, 6, 7.5],
			"to": [9.6, 7.9, 7.9],
			"faces": {
				"north": {"uv": [0, 0, 4.25, 16], "texture": "#1"},
				"east": {"uv": [0, 0, 4.25, 16], "texture": "#1"},
				"south": {"uv": [0, 0, 4.25, 16], "texture": "#1"},
				"west": {"uv": [0, 0, 4.25, 16], "texture": "#1"},
				"up": {"uv": [5.75, 3, 6, 3.25], "texture": "#1"},
				"down": {"uv": [0, 0, 0.4, 0.4], "texture": "#1"}
			}
		},
		{
			"from": [9, 6, 8.1],
			"to": [9.4, 7.8, 8.5],
			"faces": {
				"north": {"uv": [0, 0, 4.25, 16], "texture": "#1"},
				"east": {"uv": [0, 0, 4.25, 16], "texture": "#1"},
				"south": {"uv": [0, 0, 4.25, 16], "texture": "#1"},
				"west": {"uv": [0, 0, 4.25, 16], "texture": "#1"},
				"up": {"uv": [5.75, 3, 6, 3.25], "texture": "#1"},
				"down": {"uv": [0, 0, 0.4, 0.4], "texture": "#1"}
			}
		},
		{
			"from": [8.7, 6, 7.6],
			"to": [9.1, 7.8, 8],
			"faces": {
				"north": {"uv": [0, 0, 4.25, 16], "texture": "#1"},
				"east": {"uv": [0, 0, 4.25, 16], "texture": "#1"},
				"south": {"uv": [0, 0, 4.25, 16], "texture": "#1"},
				"west": {"uv": [0, 0, 4.25, 16], "texture": "#1"},
				"up": {"uv": [5.75, 3, 6, 3.25], "texture": "#1"},
				"down": {"uv": [0, 0, 0.4, 0.4], "texture": "#1"}
			}
		},
		{
			"from": [8.2, 6, 7.4],
			"to": [8.6, 7.9, 7.8],
			"faces": {
				"north": {"uv": [0, 0, 4.25, 16], "texture": "#1"},
				"east": {"uv": [0, 0, 4.25, 16], "texture": "#1"},
				"south": {"uv": [0, 0, 4.25, 16], "texture": "#1"},
				"west": {"uv": [0, 0, 4.25, 16], "texture": "#1"},
				"up": {"uv": [5.75, 3, 6, 3.25], "texture": "#1"},
				"down": {"uv": [0, 0, 0.4, 0.4], "texture": "#1"}
			}
		},
		{
			"from": [8, 5.9, 8],
			"to": [8.4, 7.9, 8.4],
			"faces": {
				"north": {"uv": [0, 0, 4.25, 16], "texture": "#1"},
				"east": {"uv": [0, 0, 4.25, 16], "texture": "#1"},
				"south": {"uv": [0, 0, 4.25, 16], "texture": "#1"},
				"west": {"uv": [0, 0, 4.25, 16], "texture": "#1"},
				"up": {"uv": [5.75, 3, 6, 3.25], "texture": "#1"},
				"down": {"uv": [0, 0, 0.4, 0.4], "texture": "#1"}
			}
		},
		{
			"from": [7.5, 6, 8.1],
			"to": [7.9, 7.9, 8.5],
			"faces": {
				"north": {"uv": [0, 0, 4.25, 16], "texture": "#1"},
				"east": {"uv": [0, 0, 4.25, 16], "texture": "#1"},
				"south": {"uv": [0, 0, 4.25, 16], "texture": "#1"},
				"west": {"uv": [0, 0, 4.25, 16], "texture": "#1"},
				"up": {"uv": [5.75, 3, 6, 3.25], "texture": "#1"},
				"down": {"uv": [0, 0, 0.4, 0.4], "texture": "#1"}
			}
		},
		{
			"from": [7.7, 6, 7.6],
			"to": [8.1, 7.8, 8],
			"faces": {
				"north": {"uv": [0, 0, 4.25, 16], "texture": "#1"},
				"east": {"uv": [0, 0, 4.25, 16], "texture": "#1"},
				"south": {"uv": [0, 0, 4.25, 16], "texture": "#1"},
				"west": {"uv": [0, 0, 4.25, 16], "texture": "#1"},
				"up": {"uv": [5.75, 3, 6, 3.25], "texture": "#1"},
				"down": {"uv": [0, 0, 0.4, 0.4], "texture": "#1"}
			}
		},
		{
			"from": [8.5, 6, 8.1],
			"to": [8.9, 7.9, 8.5],
			"faces": {
				"north": {"uv": [0, 0, 4.25, 16], "texture": "#1"},
				"east": {"uv": [0, 0, 4.25, 16], "texture": "#1"},
				"south": {"uv": [0, 0, 4.25, 16], "texture": "#1"},
				"west": {"uv": [0, 0, 4.25, 16], "texture": "#1"},
				"up": {"uv": [5.75, 3, 6, 3.25], "texture": "#1"},
				"down": {"uv": [0, 0, 0.4, 0.4], "texture": "#1"}
			}
		},
		{
			"from": [9.7, 6, 7.6],
			"to": [10.1, 7.8, 8],
			"faces": {
				"north": {"uv": [0, 0, 4.25, 16], "texture": "#1"},
				"east": {"uv": [0, 0, 4.25, 16], "texture": "#1"},
				"south": {"uv": [0, 0, 4.25, 16], "texture": "#1"},
				"west": {"uv": [0, 0, 4.25, 16], "texture": "#1"},
				"up": {"uv": [5.75, 3, 6, 3.25], "texture": "#1"},
				"down": {"uv": [0, 0, 0.4, 0.4], "texture": "#1"}
			}
		},
		{
			"from": [10, 6, 8.1],
			"to": [10.4, 7.8, 8.5],
			"faces": {
				"north": {"uv": [0, 0, 4.25, 16], "texture": "#1"},
				"east": {"uv": [0, 0, 4.25, 16], "texture": "#1"},
				"south": {"uv": [0, 0, 4.25, 16], "texture": "#1"},
				"west": {"uv": [0, 0, 4.25, 16], "texture": "#1"},
				"up": {"uv": [5.75, 3, 6, 3.25], "texture": "#1"},
				"down": {"uv": [0, 0, 0.4, 0.4], "texture": "#1"}
			}
		},
		{
			"from": [10.2, 5.9, 7.6],
			"to": [10.6, 8, 8],
			"faces": {
				"north": {"uv": [0, 0, 4.25, 16], "texture": "#1"},
				"east": {"uv": [0, 0, 4.25, 16], "texture": "#1"},
				"south": {"uv": [0, 0, 4.25, 16], "texture": "#1"},
				"west": {"uv": [0, 0, 4.25, 16], "texture": "#1"},
				"up": {"uv": [5.75, 3, 6, 3.25], "texture": "#1"},
				"down": {"uv": [0, 0, 0.4, 0.4], "texture": "#1"}
			}
		},
		{
			"from": [9.5, 6, 8.1],
			"to": [9.9, 7.8, 8.5],
			"faces": {
				"north": {"uv": [0, 0, 4.25, 16], "texture": "#1"},
				"east": {"uv": [0, 0, 4.25, 16], "texture": "#1"},
				"south": {"uv": [0, 0, 4.25, 16], "texture": "#1"},
				"west": {"uv": [0, 0, 4.25, 16], "texture": "#1"},
				"up": {"uv": [5.75, 3, 6, 3.25], "texture": "#1"},
				"down": {"uv": [0, 0, 0.4, 0.4], "texture": "#1"}
			}
		}
	],
	"display": {
		"thirdperson_righthand": {
			"rotation": [0, -180, 0],
			"translation": [0, 4, 1],
			"scale": [0.5, 0.5, 0.5]
		},
		"thirdperson_lefthand": {
			"rotation": [0, -180, 0],
			"translation": [0, 4, 1],
			"scale": [0.5, 0.5, 0.5]
		},
		"firstperson_righthand": {
			"rotation": [0, 125, 0],
			"translation": [0, 7.25, 1.25]
		},
		"firstperson_lefthand": {
			"rotation": [0, 125, 0],
			"translation": [0, 7.25, 1.25]
		},
		"ground": {
			"translation": [0, 2.25, 0],
			"scale": [0.59, 0.59, 0.59]
		},
		"gui": {
			"rotation": [-18.25, -144, -22.75],
			"translation": [-1.25, 3.25, 0],
			"scale": [1.2, 1.2, 1.2]
		},
		"fixed": {
			"translation": [0, 3.5, 0]
		}
	}
}