{
	"credit": "Made with Blockbench",
	"textures": {
		"0": "other/specialbox/texture",
		"1": "other/specialbox/print",
		"particle": "other/specialbox/texture"
	},
	"elements": [
		{
			"from": [2, 0, 5],
			"to": [13.9, 3, 11],
			"faces": {
				"north": {"uv": [0, 0, 16, 16], "texture": "#0"},
				"east": {"uv": [0, 0, 16, 10], "texture": "#0"},
				"south": {"uv": [0, 0, 16, 16], "texture": "#0"},
				"west": {"uv": [0, 0, 16, 11], "texture": "#0"},
				"up": {"uv": [0, 0, 16, 8], "texture": "#0"},
				"down": {"uv": [0, 0, 16, 16], "texture": "#0"}
			}
		},
		{
			"from": [2, 1.1, 4.8],
			"to": [13.9, 3, 5],
			"rotation": {"angle": 0, "axis": "y", "origin": [8, 2.6, 10.9]},
			"faces": {
				"north": {"uv": [0, 0, 16, 5.5], "texture": "#0"},
				"east": {"uv": [0, 0, 15.5, 16], "texture": "#0"},
				"south": {"uv": [0, 0, 16, 16], "texture": "#0"},
				"west": {"uv": [0, 0, 15.5, 16], "texture": "#0"},
				"up": {"uv": [0, 0, 16, 15.5], "texture": "#0"},
				"down": {"uv": [0, 0, 16, 15.5], "texture": "#0"}
			}
		},
		{
			"from": [2, 1.1, 11],
			"to": [13.9, 3, 11.2],
			"rotation": {"angle": 0, "axis": "y", "origin": [8, 2.6, 10.9]},
			"faces": {
				"north": {"uv": [0, 0, 16, 5.5], "texture": "#0"},
				"east": {"uv": [0, 0, 15.5, 16], "texture": "#0"},
				"south": {"uv": [0, 0, 16, 16], "texture": "#0"},
				"west": {"uv": [0, 0, 15.5, 16], "texture": "#0"},
				"up": {"uv": [0, 0, 16, 15.5], "texture": "#0"},
				"down": {"uv": [0, 0, 16, 15.5], "texture": "#0"}
			}
		},
		{
			"from": [13.9, 1.1, 4.8],
			"to": [14.1, 3, 11.2],
			"rotation": {"angle": 0, "axis": "y", "origin": [8, 2.6, 10.9]},
			"faces": {
				"north": {"uv": [0, 0, 15.5, 16], "texture": "#0"},
				"east": {"uv": [0, 0, 16, 16], "texture": "#0"},
				"south": {"uv": [0, 0, 15.5, 16], "texture": "#0"},
				"west": {"uv": [0, 0, 16, 5.5], "texture": "#0"},
				"up": {"uv": [0, 0, 16, 15.5], "rotation": 270, "texture": "#0"},
				"down": {"uv": [0, 0, 16, 15.5], "rotation": 90, "texture": "#0"}
			}
		},
		{
			"from": [1.8, 1.1, 4.8],
			"to": [2, 3, 11.2],
			"rotation": {"angle": 0, "axis": "y", "origin": [8, 2.6, 10.9]},
			"faces": {
				"north": {"uv": [0, 0, 15.5, 16], "texture": "#0"},
				"east": {"uv": [0, 0, 16, 16], "texture": "#0"},
				"south": {"uv": [0, 0, 15.5, 16], "texture": "#0"},
				"west": {"uv": [0, 0, 16, 5.5], "texture": "#0"},
				"up": {"uv": [0, 0, 16, 15.5], "rotation": 270, "texture": "#0"},
				"down": {"uv": [0, 0, 16, 15.5], "rotation": 90, "texture": "#0"}
			}
		},
		{
			"from": [4.4, 3.02, 5.1],
			"to": [11.8, 3.02, 10.9],
			"faces": {
				"up": {"uv": [0, 0, 15.875, 15.875], "texture": "#1"}
			}
		}
	],
	"display": {
		"thirdperson_righthand": {
			"rotation": [90, 0, 0],
			"translation": [0, 1.5, 5.25],
			"scale": [0.6, 0.6, 0.6]
		},
		"thirdperson_lefthand": {
			"rotation": [90, 0, 0],
			"translation": [0, 1.5, 5.25],
			"scale": [0.6, 0.6, 0.6]
		},
		"firstperson_righthand": {
			"rotation": [90, 0, 80],
			"translation": [-3.25, 2.25, 0.5]
		},
		"firstperson_lefthand": {
			"rotation": [90, 0, 80],
			"translation": [-3.25, 2.25, 0.5]
		},
		"ground": {
			"translation": [0, 4.75, 0],
			"scale": [0.8, 0.8, 0.8]
		},
		"gui": {
			"rotation": [90, 0, 0],
			"scale": [1.14, 1.14, 1.14]
		},
		"fixed": {
			"rotation": [90, 0, -180],
			"translation": [0, 0, -6.75]
		}
	}
}