{
	"credit": "Made with Blockbench",
	"parent": "block/block",
	"textures": {
		"2": "blocks/quartz_block_bottom",
		"3": "blocks/wool_colored_brown",
		"particle": "blocks/wool_colored_brown"
	},
	"elements": [
		{
			"name": "Cube",
			"from": [3, 0, 3],
			"to": [4, 8, 4],
			"faces": {
				"north": {"uv": [0, 0, 3, 16], "texture": "#2"},
				"east": {"uv": [0, 0, 3, 16], "texture": "#2"},
				"south": {"uv": [0, 0, 3, 16], "texture": "#2"},
				"west": {"uv": [0, 0, 3, 16], "texture": "#2"},
				"up": {"uv": [0, 0, 3, 16], "texture": "#2"},
				"down": {"uv": [0, 0, 3, 16], "texture": "#2"}
			}
		},
		{
			"name": "Cube",
			"from": [12, 0, 3],
			"to": [13, 8, 4],
			"faces": {
				"north": {"uv": [0, 0, 3, 16], "texture": "#2"},
				"east": {"uv": [0, 0, 3, 16], "texture": "#2"},
				"south": {"uv": [0, 0, 3, 16], "texture": "#2"},
				"west": {"uv": [0, 0, 3, 16], "texture": "#2"},
				"up": {"uv": [0, 0, 3, 16], "texture": "#2"},
				"down": {"uv": [0, 0, 3, 16], "texture": "#2"}
			}
		},
		{
			"name": "Cube",
			"from": [12, 0, 12],
			"to": [13, 8, 13],
			"faces": {
				"north": {"uv": [0, 0, 3, 16], "texture": "#2"},
				"east": {"uv": [0, 0, 3, 16], "texture": "#2"},
				"south": {"uv": [0, 0, 3, 16], "texture": "#2"},
				"west": {"uv": [0, 0, 3, 16], "texture": "#2"},
				"up": {"uv": [0, 0, 3, 16], "texture": "#2"},
				"down": {"uv": [0, 0, 3, 16], "texture": "#2"}
			}
		},
		{
			"name": "Cube",
			"from": [3, 0, 12],
			"to": [4, 8, 13],
			"faces": {
				"north": {"uv": [0, 0, 3, 16], "texture": "#2"},
				"east": {"uv": [0, 0, 3, 16], "texture": "#2"},
				"south": {"uv": [0, 0, 3, 16], "texture": "#2"},
				"west": {"uv": [0, 0, 3, 16], "texture": "#2"},
				"up": {"uv": [0, 0, 3, 16], "texture": "#2"},
				"down": {"uv": [0, 0, 3, 16], "texture": "#2"}
			}
		},
		{
			"name": "seat",
			"from": [3, 8, 3],
			"to": [13, 9, 13],
			"faces": {
				"north": {"uv": [0, 0, 11, 1], "texture": "#2"},
				"east": {"uv": [0, 0, 11, 1], "texture": "#2"},
				"south": {"uv": [0, 0, 11, 1], "texture": "#2"},
				"west": {"uv": [0, 0, 11, 1], "texture": "#2"},
				"up": {"uv": [0, 0, 11, 1], "texture": "#2"},
				"down": {"uv": [0, 0, 11, 1], "texture": "#2"}
			}
		},
		{
			"name": "Cube",
			"from": [12, 9, 12],
			"to": [13, 17, 13],
			"faces": {
				"north": {"uv": [0, 0, 3, 16], "texture": "#2"},
				"east": {"uv": [0, 0, 3, 16], "texture": "#2"},
				"south": {"uv": [0, 0, 3, 16], "texture": "#2"},
				"west": {"uv": [0, 0, 3, 16], "texture": "#2"},
				"up": {"uv": [0, 0, 3, 16], "texture": "#2"},
				"down": {"uv": [0, 0, 3, 16], "texture": "#2"}
			}
		},
		{
			"name": "Cube",
			"from": [12, 9, 3],
			"to": [13, 17, 4],
			"faces": {
				"north": {"uv": [0, 0, 3, 16], "texture": "#2"},
				"east": {"uv": [0, 0, 3, 16], "texture": "#2"},
				"south": {"uv": [0, 0, 3, 16], "texture": "#2"},
				"west": {"uv": [0, 0, 3, 16], "texture": "#2"},
				"up": {"uv": [0, 0, 3, 16], "texture": "#2"},
				"down": {"uv": [0, 0, 3, 16], "texture": "#2"}
			}
		},
		{
			"name": "Cube",
			"from": [12, 9, 5],
			"to": [13, 17, 6],
			"faces": {
				"north": {"uv": [0, 0, 3, 16], "texture": "#2"},
				"east": {"uv": [0, 0, 3, 16], "texture": "#2"},
				"south": {"uv": [0, 0, 3, 16], "texture": "#2"},
				"west": {"uv": [0, 0, 3, 16], "texture": "#2"},
				"up": {"uv": [0, 0, 3, 16], "texture": "#2"},
				"down": {"uv": [0, 0, 3, 16], "texture": "#2"}
			}
		},
		{
			"name": "Cube",
			"from": [12, 9, 7],
			"to": [13, 17, 8],
			"faces": {
				"north": {"uv": [4, 0, 7, 16], "texture": "#2"},
				"east": {"uv": [4, 0, 7, 16], "texture": "#2"},
				"south": {"uv": [4, 0, 7, 16], "texture": "#2"},
				"west": {"uv": [4, 0, 7, 16], "texture": "#2"},
				"up": {"uv": [4, 0, 7, 16], "texture": "#2"},
				"down": {"uv": [4, 0, 7, 16], "texture": "#2"}
			}
		},
		{
			"name": "Cube",
			"from": [12, 9, 8],
			"to": [13, 17, 9],
			"faces": {
				"north": {"uv": [0, 0, 3, 16], "texture": "#2"},
				"east": {"uv": [0, 0, 3, 16], "texture": "#2"},
				"south": {"uv": [0, 0, 3, 16], "texture": "#2"},
				"west": {"uv": [0, 0, 3, 16], "texture": "#2"},
				"up": {"uv": [0, 0, 3, 16], "texture": "#2"},
				"down": {"uv": [0, 0, 3, 16], "texture": "#2"}
			}
		},
		{
			"name": "Cube",
			"from": [12, 9, 10],
			"to": [13, 17, 11],
			"faces": {
				"north": {"uv": [0, 0, 3, 16], "texture": "#2"},
				"east": {"uv": [0, 0, 3, 16], "texture": "#2"},
				"south": {"uv": [0, 0, 3, 16], "texture": "#2"},
				"west": {"uv": [0, 0, 3, 16], "texture": "#2"},
				"up": {"uv": [0, 0, 3, 16], "texture": "#2"},
				"down": {"uv": [0, 0, 3, 16], "texture": "#2"}
			}
		},
		{
			"name": "Cube",
			"from": [12, 17, 3],
			"to": [13, 18, 13],
			"faces": {
				"north": {"uv": [0, 0, 16, 2], "texture": "#2"},
				"east": {"uv": [0, 0, 16, 2], "texture": "#2"},
				"south": {"uv": [0, 0, 16, 2], "texture": "#2"},
				"west": {"uv": [0, 0, 16, 2], "texture": "#2"},
				"up": {"uv": [0, 0, 16, 2], "texture": "#2"},
				"down": {"uv": [0, 0, 16, 2], "texture": "#2"}
			}
		},
		{
			"name": "Cube",
			"from": [12.2, 3, 4],
			"to": [12.9, 4, 12],
			"faces": {
				"north": {"uv": [0, 0, 16, 2], "texture": "#2"},
				"east": {"uv": [0, 0, 16, 2], "texture": "#2"},
				"south": {"uv": [0, 0, 16, 2], "texture": "#2"},
				"west": {"uv": [0, 0, 16, 2], "texture": "#2"},
				"up": {"uv": [0, 0, 16, 2], "texture": "#2"},
				"down": {"uv": [0, 0, 16, 2], "texture": "#2"}
			}
		},
		{
			"name": "Cube",
			"from": [3.1, 3, 4],
			"to": [3.8, 4, 12],
			"faces": {
				"north": {"uv": [0, 0, 16, 2], "texture": "#2"},
				"east": {"uv": [0, 0, 16, 2], "texture": "#2"},
				"south": {"uv": [0, 0, 16, 2], "texture": "#2"},
				"west": {"uv": [0, 0, 16, 2], "texture": "#2"},
				"up": {"uv": [0, 0, 16, 2], "texture": "#2"},
				"down": {"uv": [0, 0, 16, 2], "texture": "#2"}
			}
		},
		{
			"from": [11.3, 10, 4.5],
			"to": [12.3, 17.5, 11.5],
			"faces": {
				"north": {"uv": [0, 0, 7, 7], "texture": "#3"},
				"east": {"uv": [0, 0, 7, 7], "texture": "#3"},
				"south": {"uv": [0, 0, 7, 7], "texture": "#3"},
				"west": {"uv": [0, 0, 12, 13.5], "texture": "#3"},
				"up": {"uv": [0, 0, 7, 7], "texture": "#3"},
				"down": {"uv": [0, 0, 16, 16], "texture": "#3"}
			}
		},
		{
			"from": [3.75, 8.7, 4.5],
			"to": [11.25, 9.7, 11.5],
			"rotation": {"angle": 0, "axis": "z", "origin": [11.5, 13.75, 8]},
			"faces": {
				"north": {"uv": [0, 0, 7, 7.5], "rotation": 90, "texture": "#3"},
				"east": {"uv": [0, 0, 7, 7.5], "rotation": 90, "texture": "#3"},
				"south": {"uv": [0, 0, 7, 7.5], "rotation": 90, "texture": "#3"},
				"west": {"uv": [0, 0, 7, 7.5], "rotation": 90, "texture": "#3"},
				"up": {"uv": [0, 0, 7, 7.5], "rotation": 90, "texture": "#3"},
				"down": {"uv": [0, 0, 7, 7.5], "rotation": 90, "texture": "#3"}
			}
		},
		{
			"from": [12, 18, 4],
			"to": [13, 19, 12],
			"faces": {
				"north": {"uv": [0, 0, 8, 1], "texture": "#2"},
				"east": {"uv": [0, 0, 8, 1], "texture": "#2"},
				"south": {"uv": [0, 0, 8, 1], "texture": "#2"},
				"west": {"uv": [0, 0, 8, 1], "texture": "#2"},
				"up": {"uv": [0, 0, 8, 1], "texture": "#2"},
				"down": {"uv": [0, 0, 8, 1], "texture": "#2"}
			}
		}
	],
	"groups": [0, 1, 2, 3, 4, 5, 6, 7, 8, 9, 10, 11, 12, 13, 14, 15, 16,
		{
			"name": "sao",
			"origin": [0, 0, 0],
			"color": 0,
			"children": []
		}
	]
}