{
	"credit": "Made with Blockbench",
	"textures": {
		"0": "blocks/anvil_base",
		"2": "blocks/cauldron_side",
		"3": "blocks/command_block_back",
		"4": "blocks/piston_bottom",
		"5": "blocks/iron_block",
		"6": "blocks/quartz_block_side",
		"particle": "blocks/anvil_base"
	},
	"elements": [
		{
			"from": [0.75, 0, 0.5],
			"to": [15.5, 16, 15],
			"faces": {
				"north": {"uv": [0, 0, 12, 13], "texture": "#0"},
				"east": {"uv": [0, 0, 12, 13], "rotation": 270, "texture": "#0"},
				"south": {"uv": [0, 0, 12, 13], "rotation": 180, "texture": "#0"},
				"west": {"uv": [0, 0, 12, 13], "rotation": 90, "texture": "#0"},
				"up": {"uv": [0, 0, 16, 13], "rotation": 180, "texture": "#2"},
				"down": {"uv": [0, 0, 12, 13], "texture": "#0"}
			}
		},
		{
			"from": [2, 2, 14.25],
			"to": [14, 14, 15.5],
			"faces": {
				"north": {"uv": [0, 0, 16, 14], "texture": "#2"},
				"east": {"uv": [0, 0, 16, 14], "texture": "#2"},
				"south": {"uv": [0, 0, 16, 14], "texture": "#2"},
				"west": {"uv": [0, 0, 16, 14], "texture": "#2"},
				"up": {"uv": [0, 0, 16, 14], "rotation": 180, "texture": "#2"},
				"down": {"uv": [0, 0, 16, 14], "rotation": 180, "texture": "#2"}
			}
		},
		{
			"from": [4, 5.75, 14.5],
			"to": [11.25, 10, 16],
			"faces": {
				"north": {"uv": [0, 0, 16, 16], "texture": "#6"},
				"east": {"uv": [0, 0, 16, 16], "texture": "#6"},
				"south": {"uv": [0, 0, 16, 16], "texture": "#6"},
				"west": {"uv": [0, 0, 16, 16], "texture": "#6"},
				"up": {"uv": [0, 0, 16, 16], "rotation": 180, "texture": "#6"},
				"down": {"uv": [0, 0, 16, 16], "rotation": 180, "texture": "#6"}
			}
		},
		{
			"from": [3.75, 6, 14.5],
			"to": [4, 9.75, 16],
			"faces": {
				"north": {"uv": [0, 0, 4, 16], "texture": "#6"},
				"east": {"uv": [0, 0, 4, 16], "texture": "#6"},
				"south": {"uv": [0, 0, 4, 16], "texture": "#6"},
				"west": {"uv": [0, 0, 4, 16], "texture": "#6"},
				"up": {"uv": [0, 0, 4, 16], "rotation": 180, "texture": "#6"},
				"down": {"uv": [0, 0, 4, 16], "rotation": 180, "texture": "#6"}
			}
		},
		{
			"from": [11.25, 6, 14.5],
			"to": [11.5, 9.75, 16],
			"faces": {
				"north": {"uv": [0, 0, 4, 16], "texture": "#6"},
				"east": {"uv": [0, 0, 4, 16], "texture": "#6"},
				"south": {"uv": [0, 0, 4, 16], "texture": "#6"},
				"west": {"uv": [0, 0, 4, 16], "texture": "#6"},
				"up": {"uv": [0, 0, 4, 16], "rotation": 180, "texture": "#6"},
				"down": {"uv": [0, 0, 4, 16], "rotation": 180, "texture": "#6"}
			}
		},
		{
			"from": [9.25, 8.5, 15],
			"to": [9.75, 9, 16.15],
			"faces": {
				"north": {"uv": [0, 0, 16, 16], "texture": "#4"},
				"east": {"uv": [0, 0, 16, 16], "texture": "#4"},
				"south": {"uv": [0, 0, 16, 16], "texture": "#4"},
				"west": {"uv": [0, 0, 16, 16], "texture": "#4"},
				"up": {"uv": [0, 0, 16, 16], "rotation": 180, "texture": "#4"},
				"down": {"uv": [0, 0, 16, 16], "rotation": 180, "texture": "#4"}
			}
		},
		{
			"from": [8.5, 8.5, 15],
			"to": [9, 9, 16.15],
			"faces": {
				"north": {"uv": [0, 0, 16, 16], "texture": "#4"},
				"east": {"uv": [0, 0, 16, 16], "texture": "#4"},
				"south": {"uv": [0, 0, 16, 16], "texture": "#4"},
				"west": {"uv": [0, 0, 16, 16], "texture": "#4"},
				"up": {"uv": [0, 0, 16, 16], "rotation": 180, "texture": "#4"},
				"down": {"uv": [0, 0, 16, 16], "rotation": 180, "texture": "#4"}
			}
		},
		{
			"from": [8.75, 9.25, 15],
			"to": [9, 9.5, 16.15],
			"faces": {
				"north": {"uv": [6, 6, 7, 7], "texture": "#3"},
				"east": {"uv": [6, 6, 7, 7], "texture": "#3"},
				"south": {"uv": [6, 6, 7, 7], "texture": "#3"},
				"west": {"uv": [6, 6, 7, 7], "texture": "#3"},
				"up": {"uv": [6, 6, 7, 7], "rotation": 180, "texture": "#3"},
				"down": {"uv": [6, 6, 7, 7], "rotation": 180, "texture": "#3"}
			}
		},
		{
			"from": [9.5, 9.25, 15],
			"to": [9.75, 9.5, 16.15],
			"faces": {
				"north": {"uv": [10, 6, 11, 7], "texture": "#3"},
				"east": {"uv": [10, 6, 11, 7], "texture": "#3"},
				"south": {"uv": [10, 6, 11, 7], "texture": "#3"},
				"west": {"uv": [10, 6, 11, 7], "texture": "#3"},
				"up": {"uv": [10, 6, 11, 7], "rotation": 180, "texture": "#3"},
				"down": {"uv": [10, 6, 11, 7], "rotation": 180, "texture": "#3"}
			}
		},
		{
			"from": [10.25, 9.25, 15],
			"to": [10.5, 9.5, 16.15],
			"faces": {
				"north": {"uv": [6, 8, 7, 9], "texture": "#3"},
				"east": {"uv": [6, 8, 7, 9], "texture": "#3"},
				"south": {"uv": [6, 8, 7, 9], "texture": "#3"},
				"west": {"uv": [6, 8, 7, 9], "texture": "#3"},
				"up": {"uv": [6, 8, 7, 9], "rotation": 180, "texture": "#3"},
				"down": {"uv": [6, 8, 7, 9], "rotation": 180, "texture": "#3"}
			}
		},
		{
			"from": [8.5, 7.75, 15],
			"to": [9, 8.25, 16.15],
			"faces": {
				"north": {"uv": [0, 0, 16, 16], "texture": "#4"},
				"east": {"uv": [0, 0, 16, 16], "texture": "#4"},
				"south": {"uv": [0, 0, 16, 16], "texture": "#4"},
				"west": {"uv": [0, 0, 16, 16], "texture": "#4"},
				"up": {"uv": [0, 0, 16, 16], "rotation": 180, "texture": "#4"},
				"down": {"uv": [0, 0, 16, 16], "rotation": 180, "texture": "#4"}
			}
		},
		{
			"from": [9.25, 7.75, 15],
			"to": [9.75, 8.25, 16.15],
			"faces": {
				"north": {"uv": [0, 0, 16, 16], "texture": "#4"},
				"east": {"uv": [0, 0, 16, 16], "texture": "#4"},
				"south": {"uv": [0, 0, 16, 16], "texture": "#4"},
				"west": {"uv": [0, 0, 16, 16], "texture": "#4"},
				"up": {"uv": [0, 0, 16, 16], "rotation": 180, "texture": "#4"},
				"down": {"uv": [0, 0, 16, 16], "rotation": 180, "texture": "#4"}
			}
		},
		{
			"from": [10, 7.75, 15],
			"to": [10.5, 8.25, 16.15],
			"faces": {
				"north": {"uv": [0, 0, 16, 16], "texture": "#4"},
				"east": {"uv": [0, 0, 16, 16], "texture": "#4"},
				"south": {"uv": [0, 0, 16, 16], "texture": "#4"},
				"west": {"uv": [0, 0, 16, 16], "texture": "#4"},
				"up": {"uv": [0, 0, 16, 16], "rotation": 180, "texture": "#4"},
				"down": {"uv": [0, 0, 16, 16], "rotation": 180, "texture": "#4"}
			}
		},
		{
			"from": [10, 7, 15],
			"to": [10.5, 7.5, 16.15],
			"faces": {
				"north": {"uv": [0, 0, 16, 16], "texture": "#4"},
				"east": {"uv": [0, 0, 16, 16], "texture": "#4"},
				"south": {"uv": [0, 0, 16, 16], "texture": "#4"},
				"west": {"uv": [0, 0, 16, 16], "texture": "#4"},
				"up": {"uv": [0, 0, 16, 16], "rotation": 180, "texture": "#4"},
				"down": {"uv": [0, 0, 16, 16], "rotation": 180, "texture": "#4"}
			}
		},
		{
			"from": [9.25, 7, 15],
			"to": [9.75, 7.5, 16.15],
			"faces": {
				"north": {"uv": [0, 0, 16, 16], "texture": "#4"},
				"east": {"uv": [0, 0, 16, 16], "texture": "#4"},
				"south": {"uv": [0, 0, 16, 16], "texture": "#4"},
				"west": {"uv": [0, 0, 16, 16], "texture": "#4"},
				"up": {"uv": [0, 0, 16, 16], "rotation": 180, "texture": "#4"},
				"down": {"uv": [0, 0, 16, 16], "rotation": 180, "texture": "#4"}
			}
		},
		{
			"from": [9.25, 6.25, 15],
			"to": [9.75, 6.75, 16.15],
			"faces": {
				"north": {"uv": [0, 0, 16, 16], "texture": "#4"},
				"east": {"uv": [0, 0, 16, 16], "texture": "#4"},
				"south": {"uv": [0, 0, 16, 16], "texture": "#4"},
				"west": {"uv": [0, 0, 16, 16], "texture": "#4"},
				"up": {"uv": [0, 0, 16, 16], "rotation": 180, "texture": "#4"},
				"down": {"uv": [0, 0, 16, 16], "rotation": 180, "texture": "#4"}
			}
		},
		{
			"from": [8.5, 7, 15],
			"to": [9, 7.5, 16.15],
			"faces": {
				"north": {"uv": [0, 0, 16, 16], "texture": "#4"},
				"east": {"uv": [0, 0, 16, 16], "texture": "#4"},
				"south": {"uv": [0, 0, 16, 16], "texture": "#4"},
				"west": {"uv": [0, 0, 16, 16], "texture": "#4"},
				"up": {"uv": [0, 0, 16, 16], "rotation": 180, "texture": "#4"},
				"down": {"uv": [0, 0, 16, 16], "rotation": 180, "texture": "#4"}
			}
		},
		{
			"from": [10, 8.5, 15],
			"to": [10.5, 9, 16.15],
			"faces": {
				"north": {"uv": [0, 0, 16, 16], "texture": "#4"},
				"east": {"uv": [0, 0, 16, 16], "texture": "#4"},
				"south": {"uv": [0, 0, 16, 16], "texture": "#4"},
				"west": {"uv": [0, 0, 16, 16], "texture": "#4"},
				"up": {"uv": [0, 0, 16, 16], "rotation": 180, "texture": "#4"},
				"down": {"uv": [0, 0, 16, 16], "rotation": 180, "texture": "#4"}
			}
		},
		{
			"from": [5, 7.25, 15],
			"to": [6.5, 8.75, 16.25],
			"faces": {
				"north": {"uv": [1, 1, 15, 15], "texture": "#5"},
				"east": {"uv": [1, 1, 15, 15], "texture": "#5"},
				"south": {"uv": [1, 1, 15, 15], "texture": "#5"},
				"west": {"uv": [1, 1, 15, 15], "texture": "#5"},
				"up": {"uv": [1, 1, 15, 15], "rotation": 180, "texture": "#5"},
				"down": {"uv": [1, 1, 15, 15], "rotation": 180, "texture": "#5"}
			}
		},
		{
			"from": [6.5, 7.5, 15],
			"to": [6.75, 8.5, 16.25],
			"faces": {
				"north": {"uv": [13, 0, 16, 16], "texture": "#5"},
				"east": {"uv": [13, 0, 16, 16], "texture": "#5"},
				"south": {"uv": [13, 0, 16, 16], "texture": "#5"},
				"west": {"uv": [13, 0, 16, 16], "texture": "#5"},
				"up": {"uv": [13, 0, 16, 16], "rotation": 180, "texture": "#5"},
				"down": {"uv": [13, 0, 16, 16], "rotation": 180, "texture": "#5"}
			}
		},
		{
			"from": [4.75, 7.5, 15],
			"to": [5, 8.5, 16.25],
			"faces": {
				"north": {"uv": [16, 0, 13, 16], "texture": "#5"},
				"east": {"uv": [16, 0, 13, 16], "texture": "#5"},
				"south": {"uv": [16, 0, 13, 16], "texture": "#5"},
				"west": {"uv": [16, 0, 13, 16], "texture": "#5"},
				"up": {"uv": [16, 0, 13, 16], "rotation": 180, "texture": "#5"},
				"down": {"uv": [16, 0, 13, 16], "rotation": 180, "texture": "#5"}
			}
		},
		{
			"from": [5.25, 8.75, 15],
			"to": [6.25, 9, 16.25],
			"faces": {
				"north": {"uv": [0, 0, 16, 3], "texture": "#5"},
				"east": {"uv": [0, 0, 16, 3], "texture": "#5"},
				"south": {"uv": [0, 0, 16, 3], "texture": "#5"},
				"west": {"uv": [0, 0, 16, 3], "texture": "#5"},
				"up": {"uv": [0, 0, 16, 3], "rotation": 180, "texture": "#5"},
				"down": {"uv": [0, 0, 16, 3], "rotation": 180, "texture": "#5"}
			}
		},
		{
			"from": [5.25, 7, 15],
			"to": [6.25, 7.25, 16.25],
			"faces": {
				"north": {"uv": [0, 13, 16, 16], "texture": "#5"},
				"east": {"uv": [0, 13, 16, 16], "texture": "#5"},
				"south": {"uv": [0, 13, 16, 16], "texture": "#5"},
				"west": {"uv": [0, 13, 16, 16], "texture": "#5"},
				"up": {"uv": [0, 13, 16, 16], "rotation": 180, "texture": "#5"},
				"down": {"uv": [0, 13, 16, 16], "rotation": 180, "texture": "#5"}
			}
		},
		{
			"from": [1, 1, 14.5],
			"to": [2, 15, 15.75],
			"faces": {
				"north": {"uv": [0, 0, 1, 13], "texture": "#0"},
				"east": {"uv": [0, 0, 1, 13], "texture": "#0"},
				"south": {"uv": [0, 0, 1, 13], "texture": "#0"},
				"west": {"uv": [0, 0, 1, 13], "texture": "#0"},
				"up": {"uv": [0, 0, 1, 13], "rotation": 180, "texture": "#0"},
				"down": {"uv": [0, 0, 1, 13], "rotation": 180, "texture": "#0"}
			}
		},
		{
			"from": [14, 1, 14.5],
			"to": [15, 15, 15.75],
			"faces": {
				"north": {"uv": [0, 0, 1, 13], "texture": "#0"},
				"east": {"uv": [0, 0, 1, 13], "texture": "#0"},
				"south": {"uv": [0, 0, 1, 13], "texture": "#0"},
				"west": {"uv": [0, 0, 1, 13], "texture": "#0"},
				"up": {"uv": [0, 0, 1, 13], "rotation": 180, "texture": "#0"},
				"down": {"uv": [0, 0, 1, 13], "rotation": 180, "texture": "#0"}
			}
		},
		{
			"from": [2, 14, 14.5],
			"to": [14, 15, 15.75],
			"faces": {
				"north": {"uv": [0, 0, 11, 1], "texture": "#0"},
				"east": {"uv": [0, 0, 11, 1], "texture": "#0"},
				"south": {"uv": [0, 0, 11, 1], "texture": "#0"},
				"west": {"uv": [0, 0, 11, 1], "texture": "#0"},
				"up": {"uv": [0, 0, 11, 1], "rotation": 180, "texture": "#0"},
				"down": {"uv": [0, 0, 11, 1], "rotation": 180, "texture": "#0"}
			}
		},
		{
			"from": [2, 1, 14.5],
			"to": [14, 2, 15.75],
			"faces": {
				"north": {"uv": [0, 0, 11, 1], "texture": "#0"},
				"east": {"uv": [0, 0, 11, 1], "texture": "#0"},
				"south": {"uv": [0, 0, 11, 1], "texture": "#0"},
				"west": {"uv": [0, 0, 11, 1], "texture": "#0"},
				"up": {"uv": [0, 0, 11, 1], "rotation": 180, "texture": "#0"},
				"down": {"uv": [0, 0, 11, 1], "rotation": 180, "texture": "#0"}
			}
		},
		{
			"from": [1, 0, 15],
			"to": [15, 1, 16],
			"faces": {
				"north": {"uv": [0, 0, 10, 3], "texture": "#0"},
				"east": {"uv": [0, 0, 16, 16], "rotation": 270, "texture": "#0"},
				"south": {"uv": [0, 0, 10, 3], "rotation": 180, "texture": "#0"},
				"west": {"uv": [0, 0, 10, 3], "rotation": 90, "texture": "#0"},
				"up": {"uv": [0, 0, 10, 3], "rotation": 180, "texture": "#0"},
				"down": {"uv": [0, 0, 10, 3], "texture": "#0"}
			}
		},
		{
			"from": [0, 0, 15],
			"to": [1, 1, 16],
			"faces": {
				"north": {"uv": [0, 0, 10, 3], "texture": "#0"},
				"east": {"uv": [0, 0, 16, 16], "texture": "#0"},
				"south": {"uv": [0, 0, 10, 3], "texture": "#0"},
				"west": {"uv": [0, 0, 10, 3], "texture": "#0"},
				"up": {"uv": [0, 0, 10, 3], "rotation": 180, "texture": "#0"},
				"down": {"uv": [0, 0, 10, 3], "rotation": 180, "texture": "#0"}
			}
		},
		{
			"from": [0, 0, 0],
			"to": [1, 1, 1],
			"faces": {
				"north": {"uv": [0, 0, 10, 3], "texture": "#0"},
				"east": {"uv": [0, 0, 16, 16], "texture": "#0"},
				"south": {"uv": [0, 0, 10, 3], "texture": "#0"},
				"west": {"uv": [0, 0, 10, 3], "texture": "#0"},
				"up": {"uv": [0, 0, 10, 3], "rotation": 180, "texture": "#0"},
				"down": {"uv": [0, 0, 10, 3], "rotation": 180, "texture": "#0"}
			}
		},
		{
			"from": [15, 0, 0],
			"to": [16, 1, 1],
			"faces": {
				"north": {"uv": [0, 0, 10, 3], "texture": "#0"},
				"east": {"uv": [0, 0, 16, 16], "texture": "#0"},
				"south": {"uv": [0, 0, 10, 3], "texture": "#0"},
				"west": {"uv": [0, 0, 10, 3], "texture": "#0"},
				"up": {"uv": [0, 0, 10, 3], "rotation": 180, "texture": "#0"},
				"down": {"uv": [0, 0, 10, 3], "rotation": 180, "texture": "#0"}
			}
		},
		{
			"from": [15, 0, 15],
			"to": [16, 1, 16],
			"faces": {
				"north": {"uv": [0, 0, 10, 3], "texture": "#0"},
				"east": {"uv": [0, 0, 16, 16], "texture": "#0"},
				"south": {"uv": [0, 0, 10, 3], "texture": "#0"},
				"west": {"uv": [0, 0, 10, 3], "texture": "#0"},
				"up": {"uv": [0, 0, 10, 3], "rotation": 180, "texture": "#0"},
				"down": {"uv": [0, 0, 10, 3], "rotation": 180, "texture": "#0"}
			}
		},
		{
			"from": [1, 0, 0],
			"to": [15, 1, 0.5],
			"faces": {
				"north": {"uv": [0, 0, 10, 3], "texture": "#0"},
				"east": {"uv": [0, 0, 16, 16], "rotation": 270, "texture": "#0"},
				"south": {"uv": [0, 0, 10, 3], "rotation": 180, "texture": "#0"},
				"west": {"uv": [0, 0, 10, 3], "rotation": 90, "texture": "#0"},
				"up": {"uv": [0, 0, 10, 3], "rotation": 180, "texture": "#0"},
				"down": {"uv": [0, 0, 10, 3], "texture": "#0"}
			}
		},
		{
			"from": [0, 0, 1],
			"to": [0.75, 1, 15],
			"faces": {
				"north": {"uv": [0, 0, 4, 11], "texture": "#0"},
				"east": {"uv": [0, 0, 4, 11], "rotation": 270, "texture": "#0"},
				"south": {"uv": [0, 0, 4, 11], "rotation": 180, "texture": "#0"},
				"west": {"uv": [0, 0, 4, 11], "rotation": 90, "texture": "#0"},
				"up": {"uv": [0, 0, 4, 11], "rotation": 180, "texture": "#0"},
				"down": {"uv": [0, 0, 4, 11], "texture": "#0"}
			}
		},
		{
			"from": [15.5, 0, 1],
			"to": [16, 1, 15],
			"faces": {
				"north": {"uv": [0, 0, 3, 13], "texture": "#0"},
				"east": {"uv": [0, 0, 3, 13], "rotation": 270, "texture": "#0"},
				"south": {"uv": [0, 0, 3, 13], "rotation": 180, "texture": "#0"},
				"west": {"uv": [0, 0, 3, 13], "rotation": 90, "texture": "#0"},
				"up": {"uv": [0, 0, 3, 13], "rotation": 180, "texture": "#0"},
				"down": {"uv": [0, 0, 3, 13], "texture": "#0"}
			}
		},
		{
			"from": [1, 15, 15],
			"to": [15, 16, 16],
			"faces": {
				"north": {"uv": [0, 0, 10, 3], "texture": "#0"},
				"east": {"uv": [0, 0, 16, 16], "rotation": 270, "texture": "#0"},
				"south": {"uv": [0, 0, 10, 3], "rotation": 180, "texture": "#0"},
				"west": {"uv": [0, 0, 10, 3], "rotation": 90, "texture": "#0"},
				"up": {"uv": [0, 0, 10, 3], "rotation": 180, "texture": "#0"},
				"down": {"uv": [0, 0, 10, 3], "texture": "#0"}
			}
		},
		{
			"from": [0, 1, 15],
			"to": [1, 15, 16],
			"faces": {
				"north": {"uv": [0, 0, 10, 3], "rotation": 270, "texture": "#0"},
				"east": {"uv": [0, 0, 10, 3], "rotation": 270, "texture": "#0"},
				"south": {"uv": [0, 0, 10, 3], "rotation": 270, "texture": "#0"},
				"west": {"uv": [0, 0, 10, 3], "rotation": 90, "texture": "#0"},
				"up": {"uv": [0, 0, 10, 3], "rotation": 180, "texture": "#0"},
				"down": {"uv": [0, 0, 16, 16], "texture": "#0"}
			}
		},
		{
			"from": [0, 1, 0],
			"to": [1, 15, 1],
			"faces": {
				"north": {"uv": [0, 0, 10, 3], "rotation": 270, "texture": "#0"},
				"east": {"uv": [0, 0, 10, 3], "rotation": 270, "texture": "#0"},
				"south": {"uv": [0, 0, 10, 3], "rotation": 270, "texture": "#0"},
				"west": {"uv": [0, 0, 10, 3], "rotation": 90, "texture": "#0"},
				"up": {"uv": [0, 0, 10, 3], "rotation": 180, "texture": "#0"},
				"down": {"uv": [0, 0, 16, 16], "texture": "#0"}
			}
		},
		{
			"from": [15, 1, 15],
			"to": [16, 15, 16],
			"faces": {
				"north": {"uv": [0, 0, 10, 3], "rotation": 270, "texture": "#0"},
				"east": {"uv": [0, 0, 10, 3], "rotation": 270, "texture": "#0"},
				"south": {"uv": [0, 0, 10, 3], "rotation": 270, "texture": "#0"},
				"west": {"uv": [0, 0, 10, 3], "rotation": 90, "texture": "#0"},
				"up": {"uv": [0, 0, 10, 3], "rotation": 180, "texture": "#0"},
				"down": {"uv": [0, 0, 16, 16], "texture": "#0"}
			}
		},
		{
			"from": [15, 1, 0],
			"to": [16, 15, 1],
			"faces": {
				"north": {"uv": [0, 0, 10, 3], "rotation": 270, "texture": "#0"},
				"east": {"uv": [0, 0, 10, 3], "rotation": 270, "texture": "#0"},
				"south": {"uv": [0, 0, 10, 3], "rotation": 270, "texture": "#0"},
				"west": {"uv": [0, 0, 10, 3], "rotation": 90, "texture": "#0"},
				"up": {"uv": [0, 0, 10, 3], "rotation": 180, "texture": "#0"},
				"down": {"uv": [0, 0, 16, 16], "texture": "#0"}
			}
		},
		{
			"from": [0, 15, 1],
			"to": [0.75, 16, 15],
			"faces": {
				"north": {"uv": [0, 0, 4, 11], "texture": "#0"},
				"east": {"uv": [0, 0, 4, 11], "rotation": 270, "texture": "#0"},
				"south": {"uv": [0, 0, 4, 11], "rotation": 180, "texture": "#0"},
				"west": {"uv": [0, 0, 4, 11], "rotation": 90, "texture": "#0"},
				"up": {"uv": [0, 0, 4, 11], "rotation": 180, "texture": "#0"},
				"down": {"uv": [0, 0, 4, 11], "texture": "#0"}
			}
		},
		{
			"from": [15.5, 15, 1],
			"to": [16, 16, 15],
			"faces": {
				"north": {"uv": [0, 0, 3, 13], "texture": "#0"},
				"east": {"uv": [0, 0, 3, 13], "rotation": 270, "texture": "#0"},
				"south": {"uv": [0, 0, 3, 13], "rotation": 180, "texture": "#0"},
				"west": {"uv": [0, 0, 3, 13], "rotation": 90, "texture": "#0"},
				"up": {"uv": [0, 0, 3, 13], "rotation": 180, "texture": "#0"},
				"down": {"uv": [0, 0, 3, 13], "texture": "#0"}
			}
		},
		{
			"from": [15, 15, 15],
			"to": [16, 16, 16],
			"faces": {
				"north": {"uv": [0, 0, 10, 3], "texture": "#0"},
				"east": {"uv": [0, 0, 16, 16], "texture": "#0"},
				"south": {"uv": [0, 0, 10, 3], "texture": "#0"},
				"west": {"uv": [0, 0, 10, 3], "texture": "#0"},
				"up": {"uv": [0, 0, 10, 3], "rotation": 180, "texture": "#0"},
				"down": {"uv": [0, 0, 10, 3], "rotation": 180, "texture": "#0"}
			}
		},
		{
			"from": [1, 15, 0],
			"to": [15, 16, 0.5],
			"faces": {
				"north": {"uv": [0, 0, 10, 3], "texture": "#0"},
				"east": {"uv": [0, 0, 16, 16], "rotation": 270, "texture": "#0"},
				"south": {"uv": [0, 0, 10, 3], "rotation": 180, "texture": "#0"},
				"west": {"uv": [0, 0, 10, 3], "rotation": 90, "texture": "#0"},
				"up": {"uv": [0, 0, 10, 3], "rotation": 180, "texture": "#0"},
				"down": {"uv": [0, 0, 10, 3], "texture": "#0"}
			}
		},
		{
			"from": [0, 15, 0],
			"to": [1, 16, 1],
			"faces": {
				"north": {"uv": [0, 0, 10, 3], "texture": "#0"},
				"east": {"uv": [0, 0, 16, 16], "rotation": 270, "texture": "#0"},
				"south": {"uv": [0, 0, 10, 3], "rotation": 180, "texture": "#0"},
				"west": {"uv": [0, 0, 10, 3], "rotation": 90, "texture": "#0"},
				"up": {"uv": [0, 0, 10, 3], "rotation": 180, "texture": "#0"},
				"down": {"uv": [0, 0, 10, 3], "texture": "#0"}
			}
		},
		{
			"from": [15, 15, 0],
			"to": [16, 16, 1],
			"faces": {
				"north": {"uv": [0, 0, 10, 3], "texture": "#0"},
				"east": {"uv": [0, 0, 16, 16], "rotation": 270, "texture": "#0"},
				"south": {"uv": [0, 0, 10, 3], "rotation": 180, "texture": "#0"},
				"west": {"uv": [0, 0, 10, 3], "rotation": 90, "texture": "#0"},
				"up": {"uv": [0, 0, 10, 3], "rotation": 180, "texture": "#0"},
				"down": {"uv": [0, 0, 10, 3], "texture": "#0"}
			}
		},
		{
			"from": [0, 15, 15],
			"to": [1, 16, 16],
			"faces": {
				"north": {"uv": [0, 0, 10, 3], "texture": "#0"},
				"east": {"uv": [0, 0, 16, 16], "rotation": 270, "texture": "#0"},
				"south": {"uv": [0, 0, 10, 3], "rotation": 180, "texture": "#0"},
				"west": {"uv": [0, 0, 10, 3], "rotation": 90, "texture": "#0"},
				"up": {"uv": [0, 0, 10, 3], "rotation": 180, "texture": "#0"},
				"down": {"uv": [0, 0, 10, 3], "texture": "#0"}
			}
		}
	],
	"display": {
		"thirdperson_righthand": {
			"rotation": [83, 0, 0],
			"translation": [1.25, 2.5, 0.75],
			"scale": [0.4, 0.4, 0.4]
		},
		"thirdperson_lefthand": {
			"rotation": [83, 0, 0],
			"translation": [1.25, 2.5, 0.75],
			"scale": [0.4, 0.4, 0.4]
		},
		"firstperson_righthand": {
			"translation": [0, 1.75, 3.25],
			"scale": [0.4, 0.4, 0.4]
		},
		"firstperson_lefthand": {
			"scale": [0.4, 0.4, 0.4]
		},
		"ground": {
			"translation": [0, 3.25, 0],
			"scale": [0.6, 0.6, 0.6]
		},
		"gui": {
			"scale": [0.7, 0.7, -0.7]
		},
		"head": {
			"translation": [0, -15.25, 0],
			"scale": [1.9668, 3.71289, 1.45703]
		},
		"fixed": {
			"translation": [0.25, 0, 0],
			"scale": [0.6, 0.6, 0.6]
		}
	}
}