{
    "__comment": "Model generated using MrCrayfish's Model Creator (http://mrcrayfish.com/modelcreator/)",
    "parent": "block/block",
    "textures": {
        "0": "blocks/quartz_block_bottom",
        "1": "blocks/glass",
        "2": "blocks/concrete_silver",
		"particle": "blocks/quartz_block_bottom"
    },
    "elements": [
        {
            "name": "Cube",
            "from": [ 0.0, 0.0, 0.0 ], 
            "to": [ 16.0, 16.0, 15.0 ], 
            "faces": {
                "north": { "texture": "#0", "uv": [ 0.0, 0.0, 16.0, 16.0 ] },
                "east": { "texture": "#0", "uv": [ 0.0, 0.0, 15.0, 16.0 ] },
                "south": { "texture": "#1", "uv": [ 0.0, 0.0, 16.0, 16.0 ] },
                "west": { "texture": "#0", "uv": [ 0.0, 0.0, 15.0, 16.0 ] },
                "up": { "texture": "#0", "uv": [ 0.0, 0.0, 16.0, 15.0 ] },
                "down": { "texture": "#0", "uv": [ 0.0, 0.0, 16.0, 15.0 ] }
            }
        },
        {
            "name": "Cube",
            "from": [ 0.0, 0.0, 15.0 ], 
            "to": [ 16.0, 1.0, 16.0 ], 
            "faces": {
                "north": { "texture": "#0", "uv": [ 0.0, 0.0, 16.0, 1.0 ] },
                "east": { "texture": "#0", "uv": [ 0.0, 0.0, 1.0, 1.0 ] },
                "south": { "texture": "#0", "uv": [ 0.0, 0.0, 16.0, 1.0 ] },
                "west": { "texture": "#0", "uv": [ 0.0, 0.0, 1.0, 1.0 ] },
                "up": { "texture": "#0", "uv": [ 0.0, 0.0, 16.0, 1.0 ] },
                "down": { "texture": "#0", "uv": [ 0.0, 0.0, 16.0, 1.0 ] }
            }
        },
        {
            "name": "Cube",
            "from": [ 0.0, 12.0, 15.0 ], 
            "to": [ 16.0, 16.0, 16.0 ], 
            "faces": {
                "north": { "texture": "#0", "uv": [ 0.0, 0.0, 16.0, 4.0 ] },
                "east": { "texture": "#0", "uv": [ 0.0, 0.0, 1.0, 4.0 ] },
                "south": { "texture": "#0", "uv": [ 0.0, 0.0, 16.0, 4.0 ] },
                "west": { "texture": "#0", "uv": [ 0.0, 0.0, 1.0, 4.0 ] },
                "up": { "texture": "#0", "uv": [ 0.0, 0.0, 16.0, 1.0 ] },
                "down": { "texture": "#0", "uv": [ 0.0, 0.0, 16.0, 1.0 ] }
            }
        },
        {
            "name": "Cube",
            "from": [ 0.0, 1.0, 15.0 ], 
            "to": [ 1.0, 12.0, 16.0 ], 
            "faces": {
                "north": { "texture": "#0", "uv": [ 0.0, 0.0, 1.0, 11.0 ] },
                "east": { "texture": "#0", "uv": [ 0.0, 0.0, 1.0, 11.0 ] },
                "south": { "texture": "#0", "uv": [ 0.0, 0.0, 1.0, 11.0 ] },
                "west": { "texture": "#0", "uv": [ 0.0, 0.0, 1.0, 11.0 ] },
                "up": { "texture": "#0", "uv": [ 0.0, 0.0, 1.0, 1.0 ] },
                "down": { "texture": "#0", "uv": [ 0.0, 0.0, 1.0, 1.0 ] }
            }
        },
        {
            "name": "Cube",
            "from": [ 15.0, 1.0, 15.0 ], 
            "to": [ 16.0, 12.0, 16.0 ], 
            "faces": {
                "north": { "texture": "#0", "uv": [ 0.0, 0.0, 1.0, 11.0 ] },
                "east": { "texture": "#0", "uv": [ 0.0, 0.0, 1.0, 11.0 ] },
                "south": { "texture": "#0", "uv": [ 0.0, 0.0, 1.0, 11.0 ] },
                "west": { "texture": "#0", "uv": [ 0.0, 0.0, 1.0, 11.0 ] },
                "up": { "texture": "#0", "uv": [ 0.0, 0.0, 1.0, 1.0 ] },
                "down": { "texture": "#0", "uv": [ 0.0, 0.0, 1.0, 1.0 ] }
            }
        },
        {
            "name": "Cube",
            "from": [ 0.0, 16.0, 0.0 ], 
            "to": [ 16.0, 19.0, 1.0 ], 
            "faces": {
                "north": { "texture": "#0", "uv": [ 0.0, 0.0, 16.0, 3.0 ] },
                "east": { "texture": "#0", "uv": [ 0.0, 0.0, 1.0, 3.0 ] },
                "south": { "texture": "#0", "uv": [ 0.0, 0.0, 16.0, 3.0 ] },
                "west": { "texture": "#0", "uv": [ 0.0, 0.0, 1.0, 3.0 ] },
                "up": { "texture": "#0", "uv": [ 0.0, 0.0, 16.0, 1.0 ] },
                "down": { "texture": "#0", "uv": [ 0.0, 0.0, 16.0, 1.0 ] }
            }
        },
        {
            "name": "btn",
            "from": [ 1.0, 17.0, 1.0 ], 
            "to": [ 2.0, 18.0, 2.0 ], 
            "faces": {
                "north": { "texture": "#2", "uv": [ 0.0, 0.0, 1.0, 1.0 ] },
                "east": { "texture": "#2", "uv": [ 0.0, 0.0, 1.0, 1.0 ] },
                "south": { "texture": "#2", "uv": [ 0.0, 0.0, 1.0, 1.0 ] },
                "west": { "texture": "#2", "uv": [ 0.0, 0.0, 1.0, 1.0 ] },
                "up": { "texture": "#2", "uv": [ 0.0, 0.0, 1.0, 1.0 ] },
                "down": { "texture": "#2", "uv": [ 0.0, 0.0, 1.0, 1.0 ] }
            }
        },
        {
            "name": "Cube",
            "from": [ 3.0, 17.0, 1.0 ], 
            "to": [ 4.0, 18.0, 2.0 ], 
            "faces": {
                "north": { "texture": "#2", "uv": [ 0.0, 0.0, 1.0, 1.0 ] },
                "east": { "texture": "#2", "uv": [ 0.0, 0.0, 1.0, 1.0 ] },
                "south": { "texture": "#2", "uv": [ 0.0, 0.0, 1.0, 1.0 ] },
                "west": { "texture": "#2", "uv": [ 0.0, 0.0, 1.0, 1.0 ] },
                "up": { "texture": "#2", "uv": [ 0.0, 0.0, 1.0, 1.0 ] },
                "down": { "texture": "#2", "uv": [ 0.0, 0.0, 1.0, 1.0 ] }
            }
        },
        {
            "name": "Cube",
            "from": [ 5.0, 17.0, 1.0 ], 
            "to": [ 6.0, 18.0, 2.0 ], 
            "faces": {
                "north": { "texture": "#2", "uv": [ 0.0, 0.0, 1.0, 1.0 ] },
                "east": { "texture": "#2", "uv": [ 0.0, 0.0, 1.0, 1.0 ] },
                "south": { "texture": "#2", "uv": [ 0.0, 0.0, 1.0, 1.0 ] },
                "west": { "texture": "#2", "uv": [ 0.0, 0.0, 1.0, 1.0 ] },
                "up": { "texture": "#2", "uv": [ 0.0, 0.0, 1.0, 1.0 ] },
                "down": { "texture": "#2", "uv": [ 0.0, 0.0, 1.0, 1.0 ] }
            }
        },
        {
            "name": "Cube",
            "from": [ 2.0, 16.0, 3.0 ], 
            "to": [ 7.0, 17.0, 8.0 ], 
            "faces": {
                "north": { "texture": "#2", "uv": [ 0.0, 0.0, 5.0, 1.0 ] },
                "east": { "texture": "#2", "uv": [ 0.0, 0.0, 5.0, 1.0 ] },
                "south": { "texture": "#2", "uv": [ 0.0, 0.0, 5.0, 1.0 ] },
                "west": { "texture": "#2", "uv": [ 0.0, 0.0, 5.0, 1.0 ] },
                "up": { "texture": "#2", "uv": [ 0.0, 0.0, 5.0, 5.0 ] },
                "down": { "texture": "#2", "uv": [ 0.0, 0.0, 5.0, 5.0 ] }
            }
        },
        {
            "name": "Cube",
            "from": [ 2.0, 16.0, 9.0 ], 
            "to": [ 7.0, 17.0, 14.0 ], 
            "faces": {
                "north": { "texture": "#2", "uv": [ 0.0, 0.0, 5.0, 1.0 ] },
                "east": { "texture": "#2", "uv": [ 0.0, 0.0, 5.0, 1.0 ] },
                "south": { "texture": "#2", "uv": [ 0.0, 0.0, 5.0, 1.0 ] },
                "west": { "texture": "#2", "uv": [ 0.0, 0.0, 5.0, 1.0 ] },
                "up": { "texture": "#2", "uv": [ 0.0, 0.0, 5.0, 5.0 ] },
                "down": { "texture": "#2", "uv": [ 0.0, 0.0, 5.0, 5.0 ] }
            }
        },
        {
            "name": "Cube",
            "from": [ 9.0, 16.0, 9.0 ], 
            "to": [ 14.0, 17.0, 14.0 ], 
            "faces": {
                "north": { "texture": "#2", "uv": [ 0.0, 0.0, 5.0, 1.0 ] },
                "east": { "texture": "#2", "uv": [ 0.0, 0.0, 5.0, 1.0 ] },
                "south": { "texture": "#2", "uv": [ 0.0, 0.0, 5.0, 1.0 ] },
                "west": { "texture": "#2", "uv": [ 0.0, 0.0, 5.0, 1.0 ] },
                "up": { "texture": "#2", "uv": [ 0.0, 0.0, 5.0, 5.0 ] },
                "down": { "texture": "#2", "uv": [ 0.0, 0.0, 5.0, 5.0 ] }
            }
        },
        {
            "name": "Cube",
            "from": [ 9.0, 16.0, 3.0 ], 
            "to": [ 14.0, 17.0, 8.0 ], 
            "faces": {
                "north": { "texture": "#2", "uv": [ 0.0, 0.0, 5.0, 1.0 ] },
                "east": { "texture": "#2", "uv": [ 0.0, 0.0, 5.0, 1.0 ] },
                "south": { "texture": "#2", "uv": [ 0.0, 0.0, 5.0, 1.0 ] },
                "west": { "texture": "#2", "uv": [ 0.0, 0.0, 5.0, 1.0 ] },
                "up": { "texture": "#2", "uv": [ 0.0, 0.0, 5.0, 5.0 ] },
                "down": { "texture": "#2", "uv": [ 0.0, 0.0, 5.0, 5.0 ] }
            }
        },
        {
            "name": "Cube",
            "from": [ 5.0, 13.0, 16.0 ], 
            "to": [ 11.0, 14.0, 17.0 ], 
            "faces": {
                "north": { "texture": "#2", "uv": [ 0.0, 0.0, 6.0, 1.0 ] },
                "east": { "texture": "#2", "uv": [ 0.0, 0.0, 1.0, 1.0 ] },
                "south": { "texture": "#2", "uv": [ 0.0, 0.0, 6.0, 1.0 ] },
                "west": { "texture": "#2", "uv": [ 0.0, 0.0, 1.0, 1.0 ] },
                "up": { "texture": "#2", "uv": [ 0.0, 0.0, 6.0, 1.0 ] },
                "down": { "texture": "#2", "uv": [ 0.0, 0.0, 6.0, 1.0 ] }
            }
        }
    ]
}