{
	"credit": "Made with Blockbench",
	"parent": "block/block",
	"textures": {
		"2": "blocks/glass",
		"3": "blocks/iron_block",
		"particle": "blocks/iron_block"
	},
	"elements": [
		{
			"name": "Cube",
			"from": [0, 15, 0],
			"to": [16, 16, 1],
			"faces": {
				"north": {"uv": [0, 0, 16, 16], "texture": "#3"},
				"east": {"uv": [0, 0, 16, 16], "texture": "#3"},
				"south": {"uv": [0, 0, 16, 16], "texture": "#3"},
				"west": {"uv": [0, 0, 16, 16], "texture": "#3"},
				"up": {"uv": [0, 0, 16, 16], "texture": "#3"},
				"down": {"uv": [0, 0, 16, 16], "texture": "#3"}
			}
		},
		{
			"name": "Cube",
			"from": [0, 15, 15],
			"to": [16, 16, 16],
			"faces": {
				"north": {"uv": [0, 0, 16, 16], "texture": "#3"},
				"east": {"uv": [0, 0, 16, 16], "texture": "#3"},
				"south": {"uv": [0, 0, 16, 16], "texture": "#3"},
				"west": {"uv": [0, 0, 16, 16], "texture": "#3"},
				"up": {"uv": [0, 0, 16, 16], "texture": "#3"},
				"down": {"uv": [0, 0, 16, 16], "texture": "#3"}
			}
		},
		{
			"name": "Cube",
			"from": [0, 15, 1],
			"to": [1, 16, 15],
			"faces": {
				"north": {"uv": [0, 0, 16, 16], "texture": "#3"},
				"east": {"uv": [0, 0, 16, 16], "texture": "#3"},
				"south": {"uv": [0, 0, 16, 16], "texture": "#3"},
				"west": {"uv": [0, 0, 16, 16], "texture": "#3"},
				"up": {"uv": [0, 0, 16, 16], "texture": "#3"},
				"down": {"uv": [0, 0, 16, 16], "texture": "#3"}
			}
		},
		{
			"name": "Cube",
			"from": [15, 15, 1],
			"to": [16, 16, 15],
			"faces": {
				"north": {"uv": [0, 0, 16, 16], "texture": "#3"},
				"east": {"uv": [0, 0, 16, 16], "texture": "#3"},
				"south": {"uv": [0, 0, 16, 16], "texture": "#3"},
				"west": {"uv": [0, 0, 16, 16], "texture": "#3"},
				"up": {"uv": [0, 0, 16, 16], "texture": "#3"},
				"down": {"uv": [0, 0, 16, 16], "texture": "#3"}
			}
		},
		{
			"name": "Cube",
			"from": [1, 15, 1],
			"to": [15, 16, 15],
			"faces": {
				"north": {"uv": [1, 1, 15, 15], "texture": "#2"},
				"east": {"uv": [1, 1, 15, 15], "texture": "#2"},
				"south": {"uv": [1, 1, 15, 15], "texture": "#2"},
				"west": {"uv": [1, 1, 15, 15], "texture": "#2"},
				"up": {"uv": [1, 1, 15, 15], "texture": "#2"},
				"down": {"uv": [1, 1, 15, 15], "texture": "#2"}
			}
		},
		{
			"name": "Cube",
			"from": [12, -2, 3],
			"to": [13.5, 15, 4.5],
			"rotation": {"angle": 0, "axis": "x", "origin": [8, 8, 8]},
			"faces": {
				"north": {"uv": [0, 3, 16, 5], "texture": "#3"},
				"east": {"uv": [0, 0, 1, 17], "texture": "#3"},
				"south": {"uv": [0, 0, 1, 17], "texture": "#3"},
				"west": {"uv": [0, 3, 16, 6], "texture": "#3"},
				"up": {"uv": [0, 0, 1, 17], "texture": "#3"},
				"down": {"uv": [0, 0, 1, 17], "texture": "#3"}
			}
		},
		{
			"name": "Cube",
			"from": [2.5, -2, 11.5],
			"to": [4, 15, 13],
			"rotation": {"angle": 0, "axis": "x", "origin": [8, 8, 8]},
			"faces": {
				"north": {"uv": [0, 3, 16, 5], "texture": "#3"},
				"east": {"uv": [0, 0, 1, 17], "texture": "#3"},
				"south": {"uv": [0, 0, 1, 17], "texture": "#3"},
				"west": {"uv": [0, 3, 16, 6], "texture": "#3"},
				"up": {"uv": [0, 0, 1, 17], "texture": "#3"},
				"down": {"uv": [0, 0, 1, 17], "texture": "#3"}
			}
		},
		{
			"name": "Cube",
			"from": [2.5, -2, 3],
			"to": [4, 15, 4.5],
			"rotation": {"angle": 0, "axis": "x", "origin": [8, 8, 8]},
			"faces": {
				"north": {"uv": [0, 3, 16, 5], "texture": "#3"},
				"east": {"uv": [0, 0, 1, 17], "texture": "#3"},
				"south": {"uv": [0, 0, 1, 17], "texture": "#3"},
				"west": {"uv": [0, 3, 16, 6], "texture": "#3"},
				"up": {"uv": [0, 0, 1, 17], "texture": "#3"},
				"down": {"uv": [0, 0, 1, 17], "texture": "#3"}
			}
		},
		{
			"name": "Cube",
			"from": [12, -2, 11.5],
			"to": [13.5, 15, 13],
			"rotation": {"angle": 0, "axis": "x", "origin": [8, 8, 8]},
			"faces": {
				"north": {"uv": [0, 3, 16, 5], "texture": "#3"},
				"east": {"uv": [0, 0, 1, 17], "texture": "#3"},
				"south": {"uv": [0, 0, 1, 17], "texture": "#3"},
				"west": {"uv": [0, 3, 16, 6], "texture": "#3"},
				"up": {"uv": [0, 0, 1, 17], "texture": "#3"},
				"down": {"uv": [0, 0, 1, 17], "texture": "#3"}
			}
		},
		{
			"from": [15, 14.7, 0],
			"to": [16, 15, 16],
			"faces": {
				"north": {"uv": [0, 0, 1, 16], "texture": "#3"},
				"east": {"uv": [0, 0, 1, 16], "texture": "#3"},
				"south": {"uv": [0, 0, 1, 16], "texture": "#3"},
				"west": {"uv": [0, 0, 1, 16], "texture": "#3"},
				"up": {"uv": [0, 0, 1, 16], "texture": "#3"},
				"down": {"uv": [0, 0, 1, 16], "texture": "#3"}
			}
		},
		{
			"from": [0, 14.7, 0],
			"to": [1, 15, 16],
			"faces": {
				"north": {"uv": [0, 0, 1, 16], "texture": "#3"},
				"east": {"uv": [0, 0, 1, 16], "texture": "#3"},
				"south": {"uv": [0, 0, 1, 16], "texture": "#3"},
				"west": {"uv": [0, 0, 1, 16], "texture": "#3"},
				"up": {"uv": [0, 0, 1, 16], "texture": "#3"},
				"down": {"uv": [0, 0, 1, 16], "texture": "#3"}
			}
		},
		{
			"from": [0, 14.7, 15],
			"to": [16, 15, 16],
			"rotation": {"angle": 0, "axis": "y", "origin": [8.5, 14.85, 16]},
			"faces": {
				"north": {"uv": [0, 0, 1, 16], "rotation": 270, "texture": "#3"},
				"east": {"uv": [0, 0, 1, 16], "rotation": 270, "texture": "#3"},
				"south": {"uv": [0, 0, 1, 16], "rotation": 270, "texture": "#3"},
				"west": {"uv": [0, 0, 1, 16], "rotation": 270, "texture": "#3"},
				"up": {"uv": [0, 0, 1, 16], "rotation": 270, "texture": "#3"},
				"down": {"uv": [0, 0, 1, 16], "rotation": 270, "texture": "#3"}
			}
		},
		{
			"from": [0, 14.7, 0],
			"to": [16, 15, 1],
			"rotation": {"angle": 0, "axis": "y", "origin": [8.5, 14.85, 16]},
			"faces": {
				"north": {"uv": [0, 0, 1, 16], "rotation": 270, "texture": "#3"},
				"east": {"uv": [0, 0, 1, 16], "rotation": 270, "texture": "#3"},
				"south": {"uv": [0, 0, 1, 16], "rotation": 270, "texture": "#3"},
				"west": {"uv": [0, 0, 1, 16], "rotation": 270, "texture": "#3"},
				"up": {"uv": [0, 0, 1, 16], "rotation": 270, "texture": "#3"},
				"down": {"uv": [0, 0, 1, 16], "rotation": 270, "texture": "#3"}
			}
		}
	]
}