{
	"credit": "Made with Blockbench",
	"parent": "block/block",
	"textures": {
		"2": "blocks/concrete_gray",
		"4": "blocks/shulker_top_silver",
		"particle": "blocks/shulker_top_silver"
	},
	"elements": [
		{
			"name": "Cube",
			"from": [0, 0, 0],
			"to": [16, 1, 16],
			"faces": {
				"north": {"uv": [0, 0, 16, 16], "texture": "#2"},
				"east": {"uv": [0, 0, 16, 16], "texture": "#2"},
				"south": {"uv": [0, 0, 16, 16], "texture": "#2"},
				"west": {"uv": [0, 0, 16, 16], "texture": "#2"},
				"up": {"uv": [0, 0, 16, 16], "texture": "#2"},
				"down": {"uv": [0, 0, 16, 16], "texture": "#2"}
			}
		},
		{
			"name": "Cube",
			"from": [6, 1, 6],
			"to": [10, 14, 10],
			"faces": {
				"north": {"uv": [0, 0, 4, 13], "texture": "#2"},
				"east": {"uv": [0, 0, 4, 13], "texture": "#2"},
				"south": {"uv": [0, 0, 4, 13], "texture": "#2"},
				"west": {"uv": [0, 0, 4, 13], "texture": "#2"},
				"up": {"uv": [0, 0, 4, 13], "texture": "#2"},
				"down": {"uv": [0, 0, 4, 13], "texture": "#2"}
			}
		},
		{
			"name": "Cube",
			"from": [0, 14, 0],
			"to": [16, 15.8, 16],
			"faces": {
				"north": {"uv": [0, 0, 16, 3], "texture": "#4"},
				"east": {"uv": [0, 0, 16, 3], "texture": "#4"},
				"south": {"uv": [0, 0, 16, 3], "texture": "#4"},
				"west": {"uv": [0, 0, 16, 3], "texture": "#4"},
				"up": {"uv": [0, 0, 16, 16], "texture": "#4"},
				"down": {"uv": [1, 1, 15, 15], "texture": "#4"}
			}
		}
	]
}