{
	"credit": "Made with Blockbench",
	"textures": {
		"0": "blocks/sandstone_top",
		"1": "blocks/chain_command_block_side",
		"2": "blocks/stone_andesite_smooth",
		"3": "blocks/anvil_base",
		"4": "blocks/anvil_top_damaged_0",
		"5": "blocks/shulker_top_yellow",
		"6": "blocks/comparator_on",
		"7": "blocks/bone_block_top",
		"8": "blocks/cauldron_side",
		"9": "blocks/concrete_red",
		"particle": "blocks/sandstone_top"
	},
	"elements": [
		{
			"from": [2.5, 0, 2],
			"to": [5.85, 2.75, 14],
			"faces": {
				"north": {"uv": [0, 0, 7, 15], "texture": "#0"},
				"east": {"uv": [0, 0, 7, 15], "texture": "#0"},
				"south": {"uv": [0, 0, 7, 15], "texture": "#0"},
				"west": {"uv": [0, 0, 7, 15], "texture": "#0"},
				"up": {"uv": [0, 0, 7, 15], "texture": "#0"},
				"down": {"uv": [0, 0, 7, 15], "texture": "#0"}
			}
		},
		{
			"from": [2.5, 0, 1.75],
			"to": [2.75, 2.75, 2],
			"faces": {
				"north": {"uv": [0, 0, 7, 15], "texture": "#0"},
				"east": {"uv": [0, 0, 7, 15], "texture": "#0"},
				"south": {"uv": [0, 0, 7, 15], "texture": "#0"},
				"west": {"uv": [0, 0, 7, 15], "texture": "#0"},
				"up": {"uv": [0, 0, 7, 15], "texture": "#0"},
				"down": {"uv": [0, 0, 7, 15], "texture": "#0"}
			}
		},
		{
			"from": [2.5, 0, 14],
			"to": [3, 2.75, 14.25],
			"faces": {
				"north": {"uv": [0, 0, 7, 15], "texture": "#0"},
				"east": {"uv": [0, 0, 7, 15], "texture": "#0"},
				"south": {"uv": [0, 0, 7, 15], "texture": "#0"},
				"west": {"uv": [0, 0, 7, 15], "texture": "#0"},
				"up": {"uv": [0, 0, 7, 15], "texture": "#0"},
				"down": {"uv": [0, 0, 7, 15], "texture": "#0"}
			}
		},
		{
			"from": [9.75, 0, 1.75],
			"to": [10, 2.75, 2],
			"faces": {
				"north": {"uv": [0, 0, 7, 15], "texture": "#0"},
				"east": {"uv": [0, 0, 7, 15], "texture": "#0"},
				"south": {"uv": [0, 0, 7, 15], "texture": "#0"},
				"west": {"uv": [0, 0, 7, 15], "texture": "#0"},
				"up": {"uv": [0, 0, 7, 15], "texture": "#0"},
				"down": {"uv": [0, 0, 7, 15], "texture": "#0"}
			}
		},
		{
			"from": [13.25, 0, 14],
			"to": [13.5, 2.75, 14.25],
			"faces": {
				"north": {"uv": [0, 0, 7, 15], "texture": "#0"},
				"east": {"uv": [0, 0, 7, 15], "texture": "#0"},
				"south": {"uv": [0, 0, 7, 15], "texture": "#0"},
				"west": {"uv": [0, 0, 7, 15], "texture": "#0"},
				"up": {"uv": [0, 0, 7, 15], "texture": "#0"},
				"down": {"uv": [0, 0, 7, 15], "texture": "#0"}
			}
		},
		{
			"from": [6.25, 0, 14],
			"to": [9.5, 2.75, 14.5],
			"faces": {
				"north": {"uv": [0, 0, 7, 15], "texture": "#0"},
				"east": {"uv": [0, 0, 7, 15], "texture": "#0"},
				"south": {"uv": [0, 0, 7, 15], "texture": "#0"},
				"west": {"uv": [0, 0, 7, 15], "texture": "#0"},
				"up": {"uv": [0, 0, 7, 15], "texture": "#0"},
				"down": {"uv": [0, 0, 7, 15], "texture": "#0"}
			}
		},
		{
			"from": [9.5, 0, 14],
			"to": [10, 2.75, 14.25],
			"faces": {
				"north": {"uv": [0, 0, 7, 15], "texture": "#0"},
				"east": {"uv": [0, 0, 7, 15], "texture": "#0"},
				"south": {"uv": [0, 0, 7, 15], "texture": "#0"},
				"west": {"uv": [0, 0, 7, 15], "texture": "#0"},
				"up": {"uv": [0, 0, 7, 15], "texture": "#0"},
				"down": {"uv": [0, 0, 7, 15], "texture": "#0"}
			}
		},
		{
			"from": [10.25, 0, 1.5],
			"to": [13, 2.75, 2],
			"faces": {
				"north": {"uv": [0, 0, 7, 15], "texture": "#0"},
				"east": {"uv": [0, 0, 7, 15], "texture": "#0"},
				"south": {"uv": [0, 0, 7, 15], "texture": "#0"},
				"west": {"uv": [0, 0, 7, 15], "texture": "#0"},
				"up": {"uv": [0, 0, 7, 15], "texture": "#0"},
				"down": {"uv": [0, 0, 7, 15], "texture": "#0"}
			}
		},
		{
			"from": [6, 0, 2],
			"to": [10, 2.75, 14],
			"faces": {
				"north": {"uv": [0, 0, 7, 15], "texture": "#0"},
				"east": {"uv": [0, 0, 7, 15], "texture": "#0"},
				"south": {"uv": [0, 0, 7, 15], "texture": "#0"},
				"west": {"uv": [0, 0, 7, 15], "texture": "#0"},
				"up": {"uv": [0, 0, 7, 15], "texture": "#0"},
				"down": {"uv": [0, 0, 7, 15], "texture": "#0"}
			}
		},
		{
			"from": [10.15, 0, 1.75],
			"to": [12.75, 2.75, 14.5],
			"faces": {
				"north": {"uv": [0, 0, 7, 15], "texture": "#0"},
				"east": {"uv": [0, 0, 7, 15], "texture": "#0"},
				"south": {"uv": [0, 0, 7, 15], "texture": "#0"},
				"west": {"uv": [0, 0, 7, 15], "texture": "#0"},
				"up": {"uv": [0, 0, 7, 15], "texture": "#0"},
				"down": {"uv": [0, 0, 7, 15], "texture": "#0"}
			}
		},
		{
			"from": [2.75, 0, 1.5],
			"to": [5.75, 2.75, 2],
			"faces": {
				"north": {"uv": [0, 0, 7, 15], "texture": "#0"},
				"east": {"uv": [0, 0, 7, 15], "texture": "#0"},
				"south": {"uv": [0, 0, 7, 15], "texture": "#0"},
				"west": {"uv": [0, 0, 7, 15], "texture": "#0"},
				"up": {"uv": [0, 0, 7, 15], "texture": "#0"},
				"down": {"uv": [0, 0, 7, 15], "texture": "#0"}
			}
		},
		{
			"from": [6.25, 0, 1.5],
			"to": [9.75, 2.75, 2],
			"faces": {
				"north": {"uv": [0, 0, 7, 15], "texture": "#0"},
				"east": {"uv": [0, 0, 7, 15], "texture": "#0"},
				"south": {"uv": [0, 0, 7, 15], "texture": "#0"},
				"west": {"uv": [0, 0, 7, 15], "texture": "#0"},
				"up": {"uv": [0, 0, 7, 15], "texture": "#0"},
				"down": {"uv": [0, 0, 7, 15], "texture": "#0"}
			}
		},
		{
			"from": [10.25, 1.75, 14],
			"to": [13.25, 2.75, 14.5],
			"faces": {
				"north": {"uv": [0, 0, 7, 15], "texture": "#0"},
				"east": {"uv": [0, 0, 7, 15], "texture": "#0"},
				"south": {"uv": [0, 0, 7, 15], "texture": "#0"},
				"west": {"uv": [0, 0, 7, 15], "texture": "#0"},
				"up": {"uv": [0, 0, 7, 15], "texture": "#0"},
				"down": {"uv": [0, 0, 7, 15], "texture": "#0"}
			}
		},
		{
			"from": [12.75, 0, 14],
			"to": [13.25, 2.5, 14.5],
			"faces": {
				"north": {"uv": [0, 0, 7, 15], "texture": "#0"},
				"east": {"uv": [0, 0, 7, 15], "texture": "#0"},
				"south": {"uv": [0, 0, 7, 15], "texture": "#0"},
				"west": {"uv": [0, 0, 7, 15], "texture": "#0"},
				"up": {"uv": [0, 0, 7, 15], "texture": "#0"},
				"down": {"uv": [0, 0, 7, 15], "texture": "#0"}
			}
		},
		{
			"from": [12.75, 0, 4],
			"to": [13.5, 2.75, 14],
			"faces": {
				"north": {"uv": [0, 0, 7, 15], "texture": "#0"},
				"east": {"uv": [0, 0, 7, 15], "texture": "#0"},
				"south": {"uv": [0, 0, 7, 15], "texture": "#0"},
				"west": {"uv": [0, 0, 7, 15], "texture": "#0"},
				"up": {"uv": [0, 0, 7, 15], "texture": "#0"},
				"down": {"uv": [0, 0, 7, 15], "texture": "#0"}
			}
		},
		{
			"from": [12.75, 0, 3],
			"to": [13.35, 2.75, 4],
			"faces": {
				"north": {"uv": [0, 0, 7, 15], "texture": "#0"},
				"east": {"uv": [0, 0, 7, 15], "texture": "#0"},
				"south": {"uv": [0, 0, 7, 15], "texture": "#0"},
				"west": {"uv": [0, 0, 7, 15], "texture": "#0"},
				"up": {"uv": [0, 0, 7, 15], "texture": "#0"},
				"down": {"uv": [0, 0, 7, 15], "texture": "#0"}
			}
		},
		{
			"from": [3, 0, 14],
			"to": [5.75, 2.75, 14.5],
			"faces": {
				"north": {"uv": [0, 0, 7, 15], "texture": "#0"},
				"east": {"uv": [0, 0, 7, 15], "texture": "#0"},
				"south": {"uv": [0, 0, 7, 15], "texture": "#0"},
				"west": {"uv": [0, 0, 7, 15], "texture": "#0"},
				"up": {"uv": [0, 0, 7, 15], "texture": "#0"},
				"down": {"uv": [0, 0, 7, 15], "texture": "#0"}
			}
		},
		{
			"from": [12.75, 0, 2],
			"to": [13.2, 2.75, 3],
			"faces": {
				"north": {"uv": [0, 0, 7, 15], "texture": "#0"},
				"east": {"uv": [0, 0, 7, 15], "texture": "#0"},
				"south": {"uv": [0, 0, 7, 15], "texture": "#0"},
				"west": {"uv": [0, 0, 7, 15], "texture": "#0"},
				"up": {"uv": [0, 0, 7, 15], "texture": "#0"},
				"down": {"uv": [0, 0, 7, 15], "texture": "#0"}
			}
		},
		{
			"name": "plata1",
			"from": [5, 2.5, 3],
			"to": [9.75, 3, 6],
			"faces": {
				"north": {"uv": [0, 0, 3, 12], "texture": "#1"},
				"east": {"uv": [0, 0, 3, 12], "texture": "#1"},
				"south": {"uv": [0, 0, 3, 12], "texture": "#1"},
				"west": {"uv": [0, 0, 3, 12], "texture": "#1"},
				"up": {"uv": [0, 0, 3, 12], "texture": "#1"},
				"down": {"uv": [0, 0, 3, 12], "texture": "#1"}
			}
		},
		{
			"name": "plata2",
			"from": [5, 2.5, 6],
			"to": [5.75, 3, 6.75],
			"faces": {
				"north": {"uv": [0, 0, 7, 1], "texture": "#1"},
				"east": {"uv": [0, 0, 7, 1], "texture": "#1"},
				"south": {"uv": [0, 0, 7, 1], "texture": "#1"},
				"west": {"uv": [0, 0, 7, 1], "texture": "#1"},
				"up": {"uv": [0, 0, 7, 1], "texture": "#1"},
				"down": {"uv": [0, 0, 7, 1], "texture": "#1"}
			}
		},
		{
			"name": "plata3",
			"from": [8.5, 2.5, 6],
			"to": [9.75, 3, 6.75],
			"faces": {
				"north": {"uv": [0, 0, 7, 1], "texture": "#1"},
				"east": {"uv": [0, 0, 7, 1], "texture": "#1"},
				"south": {"uv": [0, 0, 7, 1], "texture": "#1"},
				"west": {"uv": [0, 0, 7, 1], "texture": "#1"},
				"up": {"uv": [0, 0, 7, 1], "texture": "#1"},
				"down": {"uv": [0, 0, 7, 1], "texture": "#1"}
			}
		},
		{
			"name": "plata2",
			"from": [5.75, 2.5, 6],
			"to": [8.5, 3, 6.75],
			"faces": {
				"north": {"uv": [0, 0, 4.75, 1], "texture": "#missing"},
				"east": {"uv": [0, 0, 10, 1], "texture": "#missing"},
				"south": {"uv": [0, 0, 4.75, 1], "texture": "#missing"},
				"west": {"uv": [0, 0, 10, 1], "texture": "#missing"},
				"up": {"uv": [5, 8, 12, 11], "texture": "#1"},
				"down": {"uv": [0, 0, 4.75, 10], "texture": "#missing"}
			}
		},
		{
			"name": "plata2",
			"from": [5, 2.5, 6.75],
			"to": [9.75, 3, 13],
			"faces": {
				"north": {"uv": [0, 0, 3, 8], "texture": "#1"},
				"east": {"uv": [0, 0, 3, 8], "texture": "#1"},
				"south": {"uv": [0, 0, 3, 8], "texture": "#1"},
				"west": {"uv": [0, 0, 3, 8], "texture": "#1"},
				"up": {"uv": [0, 0, 3, 8], "texture": "#1"},
				"down": {"uv": [0, 0, 3, 8], "texture": "#1"}
			}
		},
		{
			"name": "plata2",
			"from": [9.75, 2.5, 3.75],
			"to": [10.75, 3, 13],
			"faces": {
				"north": {"uv": [14, 7, 16, 16], "texture": "#1"},
				"east": {"uv": [14, 7, 16, 16], "texture": "#1"},
				"south": {"uv": [14, 7, 16, 16], "texture": "#1"},
				"west": {"uv": [14, 7, 16, 16], "texture": "#1"},
				"up": {"uv": [14, 7, 16, 16], "texture": "#1"},
				"down": {"uv": [14, 7, 16, 16], "texture": "#1"}
			}
		},
		{
			"name": "backscreen",
			"from": [5.5, 2.5, 3.25],
			"to": [11.25, 3.4, 3.5],
			"faces": {
				"north": {"uv": [5, 2, 12, 4], "texture": "#3"},
				"east": {"uv": [5, 2, 12, 4], "texture": "#3"},
				"south": {"uv": [5, 2, 12, 4], "texture": "#3"},
				"west": {"uv": [5, 2, 12, 4], "texture": "#3"},
				"up": {"uv": [5, 2, 12, 4], "texture": "#3"},
				"down": {"uv": [5, 2, 12, 4], "texture": "#3"}
			}
		},
		{
			"name": "backscreen2",
			"from": [5.5, 2.5, 4.5],
			"to": [11.25, 3.4, 4.75],
			"faces": {
				"north": {"uv": [5, 2, 12, 4], "texture": "#3"},
				"east": {"uv": [5, 2, 12, 4], "texture": "#3"},
				"south": {"uv": [5, 2, 12, 4], "texture": "#3"},
				"west": {"uv": [5, 2, 12, 4], "texture": "#3"},
				"up": {"uv": [5, 2, 12, 4], "texture": "#3"},
				"down": {"uv": [5, 2, 12, 4], "texture": "#3"}
			}
		},
		{
			"name": "backscreen3",
			"from": [5.5, 2.25, 3.5],
			"to": [5.75, 3.4, 4.5],
			"faces": {
				"north": {"uv": [5, 2, 12, 4], "texture": "#3"},
				"east": {"uv": [5, 2, 12, 4], "texture": "#3"},
				"south": {"uv": [5, 2, 12, 4], "texture": "#3"},
				"west": {"uv": [5, 2, 12, 4], "texture": "#3"},
				"up": {"uv": [5, 2, 10, 4], "texture": "#3"},
				"down": {"uv": [5, 2, 12, 4], "texture": "#3"}
			}
		},
		{
			"name": "backscreen4",
			"from": [11, 2.25, 3.5],
			"to": [11.25, 3.4, 4.5],
			"faces": {
				"north": {"uv": [5, 2, 12, 4], "texture": "#3"},
				"east": {"uv": [5, 2, 12, 4], "texture": "#3"},
				"south": {"uv": [5, 2, 12, 4], "texture": "#3"},
				"west": {"uv": [5, 2, 12, 4], "texture": "#3"},
				"up": {"uv": [5, 2, 10, 4], "texture": "#3"},
				"down": {"uv": [5, 2, 12, 4], "texture": "#3"}
			}
		},
		{
			"name": "screen",
			"from": [5.75, 2.5, 3.5],
			"to": [11, 3.25, 4.5],
			"faces": {
				"north": {"uv": [1, 1, 15, 15], "texture": "#5"},
				"east": {"uv": [1, 1, 15, 15], "texture": "#5"},
				"south": {"uv": [1, 1, 15, 15], "texture": "#5"},
				"west": {"uv": [1, 1, 15, 15], "texture": "#5"},
				"up": {"uv": [1, 1, 15, 15], "texture": "#5"},
				"down": {"uv": [1, 1, 15, 15], "texture": "#5"}
			}
		},
		{
			"name": "underbuttons",
			"from": [5.25, 2.5, 7],
			"to": [10.25, 3.1, 12.25],
			"faces": {
				"north": {"uv": [0, 0, 9, 15], "texture": "#3"},
				"east": {"uv": [0, 0, 9, 15], "texture": "#3"},
				"south": {"uv": [0, 0, 9, 15], "texture": "#3"},
				"west": {"uv": [0, 0, 9, 15], "texture": "#3"},
				"up": {"uv": [0, 0, 9, 15], "texture": "#3"},
				"down": {"uv": [0, 0, 9, 15], "texture": "#3"}
			}
		},
		{
			"name": "underbuttons2",
			"from": [5.25, 2.85, 12.25],
			"to": [9.75, 3.1, 12.5],
			"faces": {
				"north": {"uv": [0, 0, 5, 1], "texture": "#3"},
				"east": {"uv": [0, 0, 5, 1], "texture": "#3"},
				"south": {"uv": [0, 0, 5, 1], "texture": "#3"},
				"west": {"uv": [0, 0, 5, 1], "texture": "#3"},
				"up": {"uv": [0, 0, 5, 1], "texture": "#3"},
				"down": {"uv": [0, 0, 5, 1], "texture": "#3"}
			}
		},
		{
			"name": "underbuttons3",
			"from": [6.5, 2.85, 12.5],
			"to": [8.75, 3.1, 12.75],
			"faces": {
				"north": {"uv": [0, 0, 5, 1], "texture": "#3"},
				"east": {"uv": [0, 0, 5, 1], "texture": "#3"},
				"south": {"uv": [0, 0, 5, 1], "texture": "#3"},
				"west": {"uv": [0, 0, 5, 1], "texture": "#3"},
				"up": {"uv": [0, 0, 5, 1], "texture": "#3"},
				"down": {"uv": [0, 0, 5, 1], "texture": "#3"}
			}
		},
		{
			"name": "button",
			"from": [5.75, 2.5, 7.25],
			"to": [6.5, 3.25, 7.75],
			"faces": {
				"north": {"uv": [3, 4, 10, 11], "texture": "#7"},
				"east": {"uv": [3, 4, 10, 11], "texture": "#7"},
				"south": {"uv": [3, 4, 10, 11], "texture": "#7"},
				"west": {"uv": [3, 4, 10, 11], "texture": "#7"},
				"up": {"uv": [3, 4, 10, 11], "texture": "#7"},
				"down": {"uv": [3, 4, 10, 11], "texture": "#7"}
			}
		},
		{
			"name": "button",
			"from": [9.5, 2.5, 8.25],
			"to": [10, 3.25, 9],
			"faces": {
				"north": {"uv": [3, 4, 10, 11], "texture": "#7"},
				"east": {"uv": [3, 4, 10, 11], "texture": "#7"},
				"south": {"uv": [3, 4, 10, 11], "texture": "#7"},
				"west": {"uv": [3, 4, 10, 11], "texture": "#7"},
				"up": {"uv": [3, 4, 10, 11], "texture": "#7"},
				"down": {"uv": [3, 4, 10, 11], "texture": "#7"}
			}
		},
		{
			"name": "button",
			"from": [9.5, 2.5, 10.75],
			"to": [10, 3.25, 11.5],
			"faces": {
				"north": {"uv": [3, 4, 10, 11], "texture": "#7"},
				"east": {"uv": [3, 4, 10, 11], "texture": "#7"},
				"south": {"uv": [3, 4, 10, 11], "texture": "#7"},
				"west": {"uv": [3, 4, 10, 11], "texture": "#7"},
				"up": {"uv": [3, 4, 10, 11], "texture": "#7"},
				"down": {"uv": [3, 4, 10, 11], "texture": "#7"}
			}
		},
		{
			"name": "button",
			"from": [7, 2.5, 7.25],
			"to": [7.75, 3.25, 7.75],
			"faces": {
				"north": {"uv": [3, 4, 10, 11], "texture": "#7"},
				"east": {"uv": [3, 4, 10, 11], "texture": "#7"},
				"south": {"uv": [3, 4, 10, 11], "texture": "#7"},
				"west": {"uv": [3, 4, 10, 11], "texture": "#7"},
				"up": {"uv": [3, 4, 10, 11], "texture": "#7"},
				"down": {"uv": [3, 4, 10, 11], "texture": "#7"}
			}
		},
		{
			"name": "button",
			"from": [7, 2.5, 9.5],
			"to": [7.75, 3.25, 10.25],
			"faces": {
				"north": {"uv": [3, 4, 10, 11], "texture": "#7"},
				"east": {"uv": [3, 4, 10, 11], "texture": "#7"},
				"south": {"uv": [3, 4, 10, 11], "texture": "#7"},
				"west": {"uv": [3, 4, 10, 11], "texture": "#7"},
				"up": {"uv": [3, 4, 10, 11], "texture": "#7"},
				"down": {"uv": [3, 4, 10, 11], "texture": "#7"}
			}
		},
		{
			"name": "button",
			"from": [7, 2.5, 10.75],
			"to": [7.75, 3.25, 11.5],
			"faces": {
				"north": {"uv": [3, 4, 10, 11], "texture": "#7"},
				"east": {"uv": [3, 4, 10, 11], "texture": "#7"},
				"south": {"uv": [3, 4, 10, 11], "texture": "#7"},
				"west": {"uv": [3, 4, 10, 11], "texture": "#7"},
				"up": {"uv": [3, 4, 10, 11], "texture": "#7"},
				"down": {"uv": [3, 4, 10, 11], "texture": "#7"}
			}
		},
		{
			"name": "button",
			"from": [5.75, 2.5, 9.5],
			"to": [6.5, 3.25, 10.25],
			"faces": {
				"north": {"uv": [3, 4, 10, 11], "texture": "#7"},
				"east": {"uv": [3, 4, 10, 11], "texture": "#7"},
				"south": {"uv": [3, 4, 10, 11], "texture": "#7"},
				"west": {"uv": [3, 4, 10, 11], "texture": "#7"},
				"up": {"uv": [3, 4, 10, 11], "texture": "#7"},
				"down": {"uv": [3, 4, 10, 11], "texture": "#7"}
			}
		},
		{
			"name": "button",
			"from": [5.75, 2.5, 8.25],
			"to": [6.5, 3.25, 9],
			"faces": {
				"north": {"uv": [3, 4, 10, 11], "texture": "#7"},
				"east": {"uv": [3, 4, 10, 11], "texture": "#7"},
				"south": {"uv": [3, 4, 10, 11], "texture": "#7"},
				"west": {"uv": [3, 4, 10, 11], "texture": "#7"},
				"up": {"uv": [3, 4, 10, 11], "texture": "#7"},
				"down": {"uv": [3, 4, 10, 11], "texture": "#7"}
			}
		},
		{
			"name": "button",
			"from": [8.25, 2.5, 10.75],
			"to": [9, 3.25, 11.5],
			"faces": {
				"north": {"uv": [1, 2, 15, 15], "texture": "#6"},
				"east": {"uv": [1, 2, 15, 15], "texture": "#6"},
				"south": {"uv": [1, 2, 15, 15], "texture": "#6"},
				"west": {"uv": [1, 2, 15, 15], "texture": "#6"},
				"up": {"uv": [1, 2, 15, 15], "texture": "#6"},
				"down": {"uv": [1, 2, 15, 15], "texture": "#6"}
			}
		},
		{
			"name": "button",
			"from": [8.25, 2.5, 9.5],
			"to": [9, 3.25, 10.25],
			"faces": {
				"north": {"uv": [3, 4, 10, 11], "texture": "#7"},
				"east": {"uv": [3, 4, 10, 11], "texture": "#7"},
				"south": {"uv": [3, 4, 10, 11], "texture": "#7"},
				"west": {"uv": [3, 4, 10, 11], "texture": "#7"},
				"up": {"uv": [3, 4, 10, 11], "texture": "#7"},
				"down": {"uv": [3, 4, 10, 11], "texture": "#7"}
			}
		},
		{
			"name": "button",
			"from": [5.75, 2.5, 10.75],
			"to": [6.5, 3.25, 11.5],
			"faces": {
				"north": {"uv": [3, 4, 10, 11], "texture": "#7"},
				"east": {"uv": [3, 4, 10, 11], "texture": "#7"},
				"south": {"uv": [3, 4, 10, 11], "texture": "#7"},
				"west": {"uv": [3, 4, 10, 11], "texture": "#7"},
				"up": {"uv": [3, 4, 10, 11], "texture": "#7"},
				"down": {"uv": [3, 4, 10, 11], "texture": "#7"}
			}
		},
		{
			"name": "button",
			"from": [7, 2.5, 8.25],
			"to": [7.75, 3.25, 9],
			"faces": {
				"north": {"uv": [3, 4, 10, 11], "texture": "#7"},
				"east": {"uv": [3, 4, 10, 11], "texture": "#7"},
				"south": {"uv": [3, 4, 10, 11], "texture": "#7"},
				"west": {"uv": [3, 4, 10, 11], "texture": "#7"},
				"up": {"uv": [3, 4, 10, 11], "texture": "#7"},
				"down": {"uv": [3, 4, 10, 11], "texture": "#7"}
			}
		},
		{
			"name": "button",
			"from": [9.5, 2.5, 9.5],
			"to": [10, 3.25, 10.25],
			"faces": {
				"north": {"uv": [3, 4, 10, 11], "texture": "#7"},
				"east": {"uv": [3, 4, 10, 11], "texture": "#7"},
				"south": {"uv": [3, 4, 10, 11], "texture": "#7"},
				"west": {"uv": [3, 4, 10, 11], "texture": "#7"},
				"up": {"uv": [3, 4, 10, 11], "texture": "#7"},
				"down": {"uv": [3, 4, 10, 11], "texture": "#7"}
			}
		},
		{
			"name": "button",
			"from": [8.25, 2.5, 8.25],
			"to": [9, 3.25, 9],
			"faces": {
				"north": {"uv": [3, 4, 10, 11], "texture": "#7"},
				"east": {"uv": [3, 4, 10, 11], "texture": "#7"},
				"south": {"uv": [3, 4, 10, 11], "texture": "#7"},
				"west": {"uv": [3, 4, 10, 11], "texture": "#7"},
				"up": {"uv": [3, 4, 10, 11], "texture": "#7"},
				"down": {"uv": [3, 4, 10, 11], "texture": "#7"}
			}
		},
		{
			"name": "button",
			"from": [8.25, 2.5, 7.25],
			"to": [9, 3.25, 7.75],
			"faces": {
				"north": {"uv": [3, 4, 10, 11], "texture": "#7"},
				"east": {"uv": [3, 4, 10, 11], "texture": "#7"},
				"south": {"uv": [3, 4, 10, 11], "texture": "#7"},
				"west": {"uv": [3, 4, 10, 11], "texture": "#7"},
				"up": {"uv": [3, 4, 10, 11], "texture": "#7"},
				"down": {"uv": [3, 4, 10, 11], "texture": "#7"}
			}
		},
		{
			"from": [2.37, -0.1, 11.75],
			"to": [5.77, 2.85, 13.25],
			"faces": {
				"north": {"uv": [5, 1, 7, 4], "texture": "#2"},
				"east": {"uv": [5, 1, 7, 4], "texture": "#2"},
				"south": {"uv": [5, 1, 7, 4], "texture": "#2"},
				"west": {"uv": [5, 1, 7, 4], "texture": "#2"},
				"up": {"uv": [5, 1, 7, 4], "texture": "#2"},
				"down": {"uv": [5, 1, 7, 4], "texture": "#2"}
			}
		},
		{
			"from": [5.2, 2.73, 11.75],
			"to": [10.56, 2.83, 13.25],
			"faces": {
				"north": {"uv": [5, 1, 7, 4], "texture": "#2"},
				"east": {"uv": [5, 1, 7, 4], "texture": "#2"},
				"south": {"uv": [5, 1, 7, 4], "texture": "#2"},
				"west": {"uv": [5, 1, 7, 4], "texture": "#2"},
				"up": {"uv": [5, 1, 7, 4], "texture": "#2"},
				"down": {"uv": [5, 1, 7, 4], "texture": "#2"}
			}
		},
		{
			"from": [5.55, 3.23, 4.6],
			"to": [10.41, 3.33, 5.85],
			"faces": {
				"north": {"uv": [5, 1, 7, 4], "texture": "#2"},
				"east": {"uv": [5, 1, 7, 4], "texture": "#2"},
				"south": {"uv": [5, 1, 7, 4], "texture": "#2"},
				"west": {"uv": [5, 1, 7, 4], "texture": "#2"},
				"up": {"uv": [5, 1, 7, 4], "texture": "#2"},
				"down": {"uv": [5, 1, 7, 4], "texture": "#2"}
			}
		},
		{
			"from": [5.2, -0.1, 11.75],
			"to": [10.56, 0, 13.25],
			"faces": {
				"north": {"uv": [5, 1, 7, 4], "texture": "#2"},
				"east": {"uv": [5, 1, 7, 4], "texture": "#2"},
				"south": {"uv": [5, 1, 7, 4], "texture": "#2"},
				"west": {"uv": [5, 1, 7, 4], "texture": "#2"},
				"up": {"uv": [5, 1, 7, 4], "texture": "#2"},
				"down": {"uv": [5, 1, 7, 4], "texture": "#2"}
			}
		},
		{
			"from": [10.2, -0.1, 11.75],
			"to": [13.6, 2.85, 13.25],
			"faces": {
				"north": {"uv": [5, 1, 7, 4], "texture": "#2"},
				"east": {"uv": [5, 1, 7, 4], "texture": "#2"},
				"south": {"uv": [5, 1, 7, 4], "texture": "#2"},
				"west": {"uv": [5, 1, 7, 4], "texture": "#2"},
				"up": {"uv": [5, 1, 7, 4], "texture": "#2"},
				"down": {"uv": [5, 1, 7, 4], "texture": "#2"}
			}
		},
		{
			"from": [2.48, -0.1, 4.35],
			"to": [5.68, 0.1, 5.85],
			"rotation": {"angle": 0, "axis": "z", "origin": [3.82, 2, 5.35]},
			"faces": {
				"north": {"uv": [5, 1, 7, 4], "texture": "#2"},
				"east": {"uv": [5, 1, 7, 4], "texture": "#2"},
				"south": {"uv": [5, 1, 7, 4], "texture": "#2"},
				"west": {"uv": [5, 1, 7, 4], "texture": "#2"},
				"up": {"uv": [5, 1, 7, 4], "texture": "#2"},
				"down": {"uv": [5, 1, 7, 4], "texture": "#2"}
			}
		},
		{
			"from": [2.48, 2.65, 4.35],
			"to": [5.68, 2.85, 5.85],
			"rotation": {"angle": 0, "axis": "z", "origin": [3.82, 2, 5.35]},
			"faces": {
				"north": {"uv": [5, 1, 7, 4], "texture": "#2"},
				"east": {"uv": [5, 1, 7, 4], "texture": "#2"},
				"south": {"uv": [5, 1, 7, 4], "texture": "#2"},
				"west": {"uv": [5, 1, 7, 4], "texture": "#2"},
				"up": {"uv": [5, 1, 7, 4], "texture": "#2"},
				"down": {"uv": [5, 1, 7, 4], "texture": "#2"}
			}
		},
		{
			"from": [2.91784, 2.37, 4.35],
			"to": [6.06784, 2.57, 5.85],
			"rotation": {"angle": 22.5, "axis": "z", "origin": [3.86784, 1.88452, 5.35]},
			"faces": {
				"north": {"uv": [5, 1, 7, 4], "texture": "#2"},
				"east": {"uv": [5, 1, 7, 4], "texture": "#2"},
				"south": {"uv": [5, 1, 7, 4], "texture": "#2"},
				"west": {"uv": [5, 1, 7, 4], "texture": "#2"},
				"up": {"uv": [5, 1, 7, 4], "texture": "#2"},
				"down": {"uv": [5, 1, 7, 4], "texture": "#2"}
			}
		},
		{
			"from": [1.88, 3.1, 4.35],
			"to": [2.98, 3.3, 5.85],
			"rotation": {"angle": 22.5, "axis": "z", "origin": [3.86784, 1.88452, 5.35]},
			"faces": {
				"north": {"uv": [5, 1, 7, 4], "texture": "#2"},
				"east": {"uv": [5, 1, 7, 4], "texture": "#2"},
				"south": {"uv": [5, 1, 7, 4], "texture": "#2"},
				"west": {"uv": [5, 1, 7, 4], "texture": "#2"},
				"up": {"uv": [5, 1, 7, 4], "texture": "#2"},
				"down": {"uv": [5, 1, 7, 4], "texture": "#2"}
			}
		},
		{
			"from": [5.2, 2.73, 4.85],
			"to": [10.56, 2.83, 5.85],
			"faces": {
				"north": {"uv": [5, 1, 7, 4], "texture": "#2"},
				"east": {"uv": [5, 1, 7, 4], "texture": "#2"},
				"south": {"uv": [5, 1, 7, 4], "texture": "#2"},
				"west": {"uv": [5, 1, 7, 4], "texture": "#2"},
				"up": {"uv": [5, 1, 7, 4], "texture": "#2"},
				"down": {"uv": [5, 1, 7, 4], "texture": "#2"}
			}
		},
		{
			"from": [5.2, -0.1, 4.35],
			"to": [10.56, 0, 5.85],
			"faces": {
				"north": {"uv": [5, 1, 7, 4], "texture": "#2"},
				"east": {"uv": [5, 1, 7, 4], "texture": "#2"},
				"south": {"uv": [5, 1, 7, 4], "texture": "#2"},
				"west": {"uv": [5, 1, 7, 4], "texture": "#2"},
				"up": {"uv": [5, 1, 7, 4], "texture": "#2"},
				"down": {"uv": [5, 1, 7, 4], "texture": "#2"}
			}
		},
		{
			"from": [10.2, -0.1, 4.35],
			"to": [13.6, 2.85, 5.85],
			"faces": {
				"north": {"uv": [5, 1, 7, 4], "texture": "#2"},
				"east": {"uv": [5, 1, 7, 4], "texture": "#2"},
				"south": {"uv": [5, 1, 7, 4], "texture": "#2"},
				"west": {"uv": [5, 1, 7, 4], "texture": "#2"},
				"up": {"uv": [5, 1, 7, 4], "texture": "#2"},
				"down": {"uv": [5, 1, 7, 4], "texture": "#2"}
			}
		},
		{
			"from": [1.5, 0.73, 4.35],
			"to": [1.75, 2.43, 5.85],
			"faces": {
				"north": {"uv": [5, 1, 7, 4], "texture": "#2"},
				"east": {"uv": [5, 1, 7, 4], "texture": "#2"},
				"south": {"uv": [5, 1, 7, 4], "texture": "#2"},
				"west": {"uv": [5, 1, 7, 4], "texture": "#2"},
				"up": {"uv": [5, 1, 7, 4], "texture": "#2"},
				"down": {"uv": [5, 1, 7, 4], "texture": "#2"}
			}
		},
		{
			"from": [1.4, 0.63, 4.35],
			"to": [2.55, 0.8, 5.85],
			"rotation": {"angle": -45, "axis": "z", "origin": [1.575, 0.5, 5.1]},
			"faces": {
				"north": {"uv": [5, 1, 7, 4], "texture": "#2"},
				"east": {"uv": [5, 1, 7, 4], "texture": "#2"},
				"south": {"uv": [5, 1, 7, 4], "texture": "#2"},
				"west": {"uv": [5, 1, 7, 4], "texture": "#2"},
				"up": {"uv": [5, 1, 7, 4], "texture": "#2"},
				"down": {"uv": [5, 1, 7, 4], "texture": "#2"}
			}
		},
		{
			"from": [10.2, 1.65, 4.6],
			"to": [13.35, 2.6, 5.85],
			"rotation": {"angle": -22.5, "axis": "z", "origin": [12.15, 2.5, 5.35]},
			"faces": {
				"north": {"uv": [5, 1, 7, 4], "texture": "#2"},
				"east": {"uv": [5, 1, 7, 4], "texture": "#2"},
				"south": {"uv": [5, 1, 7, 4], "texture": "#2"},
				"west": {"uv": [5, 1, 7, 4], "texture": "#2"},
				"up": {"uv": [5, 1, 7, 4], "texture": "#2"},
				"down": {"uv": [5, 1, 7, 4], "texture": "#2"}
			}
		},
		{
			"from": [10.7, 1.65, 4.35],
			"to": [13.35, 2.6, 5.85],
			"rotation": {"angle": -22.5, "axis": "z", "origin": [12.15, 2.5, 5.35]},
			"faces": {
				"north": {"uv": [5, 1, 7, 4], "texture": "#2"},
				"east": {"uv": [5, 1, 7, 4], "texture": "#2"},
				"south": {"uv": [5, 1, 7, 4], "texture": "#2"},
				"west": {"uv": [5, 1, 7, 4], "texture": "#2"},
				"up": {"uv": [5, 1, 7, 4], "texture": "#2"},
				"down": {"uv": [5, 1, 7, 4], "texture": "#2"}
			}
		},
		{
			"name": "derjatel2",
			"from": [4.75, 2.5, 12.35],
			"to": [11, 3.35, 12.6],
			"faces": {
				"north": {"uv": [7, 0, 11, 2], "texture": "#4"},
				"east": {"uv": [7, 0, 11, 2], "texture": "#4"},
				"south": {"uv": [7, 0, 11, 2], "texture": "#4"},
				"west": {"uv": [7, 0, 11, 2], "texture": "#4"},
				"up": {"uv": [7, 0, 11, 2], "texture": "#4"},
				"down": {"uv": [7, 0, 11, 2], "texture": "#4"}
			}
		},
		{
			"name": "derjatel1",
			"from": [4.75, 2.5, 6.65],
			"to": [11, 3.25, 6.9],
			"faces": {
				"north": {"uv": [7, 0, 11, 2], "texture": "#4"},
				"east": {"uv": [7, 0, 11, 2], "texture": "#4"},
				"south": {"uv": [7, 0, 11, 2], "texture": "#4"},
				"west": {"uv": [7, 0, 11, 2], "texture": "#4"},
				"up": {"uv": [7, 0, 11, 2], "texture": "#4"},
				"down": {"uv": [7, 0, 11, 2], "texture": "#4"}
			}
		},
		{
			"name": "hexadecagon",
			"from": [9.70027, 2.75, 6],
			"to": [9.79973, 3.25, 6.24],
			"rotation": {"angle": -45, "axis": "y", "origin": [9.75, 2.75, 6.25]},
			"faces": {
				"north": {"uv": [6, 8, 7, 9], "texture": "#1"},
				"east": {"uv": [6, 8, 7, 9], "texture": "#1"},
				"south": {"uv": [6, 8, 7, 9], "texture": "#1"},
				"west": {"uv": [6, 8, 7, 9], "texture": "#1"},
				"up": {"uv": [6, 8, 7, 9], "texture": "#1"},
				"down": {"uv": [6, 8, 7, 9], "texture": "#1"}
			}
		},
		{
			"name": "hexadecagon",
			"from": [9.70027, 2.75, 6],
			"to": [9.79973, 3.25, 6.24],
			"rotation": {"angle": -22.5, "axis": "y", "origin": [9.75, 2.75, 6.25]},
			"faces": {
				"north": {"uv": [6, 8, 7, 9], "texture": "#1"},
				"east": {"uv": [6, 8, 7, 9], "texture": "#1"},
				"south": {"uv": [6, 8, 7, 9], "texture": "#1"},
				"west": {"uv": [6, 8, 7, 9], "texture": "#1"},
				"up": {"uv": [6, 8, 7, 9], "texture": "#1"},
				"down": {"uv": [6, 8, 7, 9], "texture": "#1"}
			}
		},
		{
			"name": "hexadecagon",
			"from": [9.70027, 2.75, 6],
			"to": [9.79973, 3.25, 6.24],
			"rotation": {"angle": 0, "axis": "y", "origin": [9.75, 2.75, 6.25]},
			"faces": {
				"north": {"uv": [6, 8, 7, 9], "texture": "#1"},
				"east": {"uv": [6, 8, 7, 9], "texture": "#1"},
				"south": {"uv": [6, 8, 7, 9], "texture": "#1"},
				"west": {"uv": [6, 8, 7, 9], "texture": "#1"},
				"up": {"uv": [6, 8, 7, 9], "texture": "#1"},
				"down": {"uv": [6, 8, 7, 9], "texture": "#1"}
			}
		},
		{
			"name": "hexadecagon",
			"from": [9.70027, 2.75, 6],
			"to": [9.79973, 3.25, 6.24],
			"rotation": {"angle": 22.5, "axis": "y", "origin": [9.75, 2.75, 6.25]},
			"faces": {
				"north": {"uv": [6, 8, 7, 9], "texture": "#1"},
				"east": {"uv": [6, 8, 7, 9], "texture": "#1"},
				"south": {"uv": [6, 8, 7, 9], "texture": "#1"},
				"west": {"uv": [6, 8, 7, 9], "texture": "#1"},
				"up": {"uv": [6, 8, 7, 9], "texture": "#1"},
				"down": {"uv": [6, 8, 7, 9], "texture": "#1"}
			}
		},
		{
			"name": "hexadecagon",
			"from": [9.70027, 2.75, 6],
			"to": [9.79973, 3.25, 6.24],
			"rotation": {"angle": 45, "axis": "y", "origin": [9.75, 2.75, 6.25]},
			"faces": {
				"north": {"uv": [6, 8, 7, 9], "texture": "#1"},
				"east": {"uv": [6, 8, 7, 9], "texture": "#1"},
				"south": {"uv": [6, 8, 7, 9], "texture": "#1"},
				"west": {"uv": [6, 8, 7, 9], "texture": "#1"},
				"up": {"uv": [6, 8, 7, 9], "texture": "#1"},
				"down": {"uv": [6, 8, 7, 9], "texture": "#1"}
			}
		},
		{
			"name": "hexadecagon",
			"from": [9.70027, 2.75, 6.26],
			"to": [9.79973, 3.25, 6.5],
			"rotation": {"angle": -45, "axis": "y", "origin": [9.75, 2.75, 6.25]},
			"faces": {
				"north": {"uv": [6, 8, 7, 9], "texture": "#1"},
				"east": {"uv": [6, 8, 7, 9], "texture": "#1"},
				"south": {"uv": [6, 8, 7, 9], "texture": "#1"},
				"west": {"uv": [6, 8, 7, 9], "texture": "#1"},
				"up": {"uv": [6, 8, 7, 9], "texture": "#1"},
				"down": {"uv": [6, 8, 7, 9], "texture": "#1"}
			}
		},
		{
			"name": "hexadecagon",
			"from": [9.70027, 2.75, 6.26],
			"to": [9.79973, 3.25, 6.5],
			"rotation": {"angle": -22.5, "axis": "y", "origin": [9.75, 2.75, 6.25]},
			"faces": {
				"north": {"uv": [6, 8, 7, 9], "texture": "#1"},
				"east": {"uv": [6, 8, 7, 9], "texture": "#1"},
				"south": {"uv": [6, 8, 7, 9], "texture": "#1"},
				"west": {"uv": [6, 8, 7, 9], "texture": "#1"},
				"up": {"uv": [6, 8, 7, 9], "texture": "#1"},
				"down": {"uv": [6, 8, 7, 9], "texture": "#1"}
			}
		},
		{
			"name": "hexadecagon",
			"from": [9.70027, 2.75, 6.26],
			"to": [9.79973, 3.25, 6.5],
			"rotation": {"angle": 0, "axis": "y", "origin": [9.75, 2.75, 6.25]},
			"faces": {
				"north": {"uv": [6, 8, 7, 9], "texture": "#1"},
				"east": {"uv": [6, 8, 7, 9], "texture": "#1"},
				"south": {"uv": [6, 8, 7, 9], "texture": "#1"},
				"west": {"uv": [6, 8, 7, 9], "texture": "#1"},
				"up": {"uv": [6, 8, 7, 9], "texture": "#1"},
				"down": {"uv": [6, 8, 7, 9], "texture": "#1"}
			}
		},
		{
			"name": "hexadecagon",
			"from": [9.70027, 2.75, 6.26],
			"to": [9.79973, 3.25, 6.5],
			"rotation": {"angle": 22.5, "axis": "y", "origin": [9.75, 2.75, 6.25]},
			"faces": {
				"north": {"uv": [6, 8, 7, 9], "texture": "#1"},
				"east": {"uv": [6, 8, 7, 9], "texture": "#1"},
				"south": {"uv": [6, 8, 7, 9], "texture": "#1"},
				"west": {"uv": [6, 8, 7, 9], "texture": "#1"},
				"up": {"uv": [6, 8, 7, 9], "texture": "#1"},
				"down": {"uv": [6, 8, 7, 9], "texture": "#1"}
			}
		},
		{
			"name": "hexadecagon",
			"from": [9.70027, 2.75, 6.26],
			"to": [9.79973, 3.25, 6.5],
			"rotation": {"angle": 45, "axis": "y", "origin": [9.75, 2.75, 6.25]},
			"faces": {
				"north": {"uv": [6, 8, 7, 9], "texture": "#1"},
				"east": {"uv": [6, 8, 7, 9], "texture": "#1"},
				"south": {"uv": [6, 8, 7, 9], "texture": "#1"},
				"west": {"uv": [6, 8, 7, 9], "texture": "#1"},
				"up": {"uv": [6, 8, 7, 9], "texture": "#1"},
				"down": {"uv": [6, 8, 7, 9], "texture": "#1"}
			}
		},
		{
			"name": "hexadecagon",
			"from": [9.5, 2.75, 6.20027],
			"to": [9.74, 3.25, 6.29973],
			"rotation": {"angle": -22.5, "axis": "y", "origin": [9.75, 2.75, 6.25]},
			"faces": {
				"north": {"uv": [6, 8, 7, 9], "texture": "#1"},
				"east": {"uv": [6, 8, 7, 9], "texture": "#1"},
				"south": {"uv": [6, 8, 7, 9], "texture": "#1"},
				"west": {"uv": [6, 8, 7, 9], "texture": "#1"},
				"up": {"uv": [6, 8, 7, 9], "texture": "#1"},
				"down": {"uv": [6, 8, 7, 9], "texture": "#1"}
			}
		},
		{
			"name": "hexadecagon",
			"from": [9.5, 2.75, 6.20027],
			"to": [9.74, 3.25, 6.29973],
			"rotation": {"angle": 0, "axis": "y", "origin": [9.75, 2.75, 6.25]},
			"faces": {
				"north": {"uv": [6, 8, 7, 9], "texture": "#1"},
				"east": {"uv": [6, 8, 7, 9], "texture": "#1"},
				"south": {"uv": [6, 8, 7, 9], "texture": "#1"},
				"west": {"uv": [6, 8, 7, 9], "texture": "#1"},
				"up": {"uv": [6, 8, 7, 9], "texture": "#1"},
				"down": {"uv": [6, 8, 7, 9], "texture": "#1"}
			}
		},
		{
			"name": "hexadecagon",
			"from": [9.5, 2.75, 6.20027],
			"to": [9.74, 3.25, 6.29973],
			"rotation": {"angle": 22.5, "axis": "y", "origin": [9.75, 2.75, 6.25]},
			"faces": {
				"north": {"uv": [6, 8, 7, 9], "texture": "#1"},
				"east": {"uv": [6, 8, 7, 9], "texture": "#1"},
				"south": {"uv": [6, 8, 7, 9], "texture": "#1"},
				"west": {"uv": [6, 8, 7, 9], "texture": "#1"},
				"up": {"uv": [6, 8, 7, 9], "texture": "#1"},
				"down": {"uv": [6, 8, 7, 9], "texture": "#1"}
			}
		},
		{
			"name": "hexadecagon",
			"from": [9.76, 2.75, 6.20027],
			"to": [10, 3.25, 6.29973],
			"rotation": {"angle": -22.5, "axis": "y", "origin": [9.75, 2.75, 6.25]},
			"faces": {
				"north": {"uv": [6, 8, 7, 9], "texture": "#1"},
				"east": {"uv": [6, 8, 7, 9], "texture": "#1"},
				"south": {"uv": [6, 8, 7, 9], "texture": "#1"},
				"west": {"uv": [6, 8, 7, 9], "texture": "#1"},
				"up": {"uv": [6, 8, 7, 9], "texture": "#1"},
				"down": {"uv": [6, 8, 7, 9], "texture": "#1"}
			}
		},
		{
			"name": "hexadecagon",
			"from": [9.76, 2.75, 6.20027],
			"to": [10, 3.25, 6.29973],
			"rotation": {"angle": 0, "axis": "y", "origin": [9.75, 2.75, 6.25]},
			"faces": {
				"north": {"uv": [6, 8, 7, 9], "texture": "#1"},
				"east": {"uv": [6, 8, 7, 9], "texture": "#1"},
				"south": {"uv": [6, 8, 7, 9], "texture": "#1"},
				"west": {"uv": [6, 8, 7, 9], "texture": "#1"},
				"up": {"uv": [6, 8, 7, 9], "texture": "#1"},
				"down": {"uv": [6, 8, 7, 9], "texture": "#1"}
			}
		},
		{
			"name": "hexadecagon",
			"from": [9.76, 2.75, 6.20027],
			"to": [10, 3.25, 6.29973],
			"rotation": {"angle": 22.5, "axis": "y", "origin": [9.75, 2.75, 6.25]},
			"faces": {
				"north": {"uv": [6, 8, 7, 9], "texture": "#1"},
				"east": {"uv": [6, 8, 7, 9], "texture": "#1"},
				"south": {"uv": [6, 8, 7, 9], "texture": "#1"},
				"west": {"uv": [6, 8, 7, 9], "texture": "#1"},
				"up": {"uv": [6, 8, 7, 9], "texture": "#1"},
				"down": {"uv": [6, 8, 7, 9], "texture": "#1"}
			}
		},
		{
			"name": "hexadecagon",
			"from": [8.70027, 2.25, 6],
			"to": [8.79973, 3.25, 6.24],
			"rotation": {"angle": -45, "axis": "y", "origin": [8.75, 2.75, 6.25]},
			"faces": {
				"north": {"uv": [0, 0, 6, 7], "texture": "#9"},
				"east": {"uv": [0, 0, 6, 7], "texture": "#9"},
				"south": {"uv": [0, 0, 6, 7], "texture": "#9"},
				"west": {"uv": [0, 0, 6, 7], "texture": "#9"},
				"up": {"uv": [0, 0, 6, 7], "texture": "#9"},
				"down": {"uv": [0, 0, 6, 7], "texture": "#9"}
			}
		},
		{
			"name": "hexadecagon",
			"from": [8.70027, 2.25, 6],
			"to": [8.79973, 3.25, 6.24],
			"rotation": {"angle": -22.5, "axis": "y", "origin": [8.75, 2.75, 6.25]},
			"faces": {
				"north": {"uv": [0, 0, 6, 7], "texture": "#9"},
				"east": {"uv": [0, 0, 6, 7], "texture": "#9"},
				"south": {"uv": [0, 0, 6, 7], "texture": "#9"},
				"west": {"uv": [0, 0, 6, 7], "texture": "#9"},
				"up": {"uv": [0, 0, 6, 7], "texture": "#9"},
				"down": {"uv": [0, 0, 6, 7], "texture": "#9"}
			}
		},
		{
			"name": "hexadecagon",
			"from": [8.70027, 2.25, 6],
			"to": [8.79973, 3.25, 6.24],
			"rotation": {"angle": 0, "axis": "y", "origin": [8.75, 2.75, 6.25]},
			"faces": {
				"north": {"uv": [0, 0, 6, 7], "texture": "#9"},
				"east": {"uv": [0, 0, 6, 7], "texture": "#9"},
				"south": {"uv": [0, 0, 6, 7], "texture": "#9"},
				"west": {"uv": [0, 0, 6, 7], "texture": "#9"},
				"up": {"uv": [0, 0, 6, 7], "texture": "#9"},
				"down": {"uv": [0, 0, 6, 7], "texture": "#9"}
			}
		},
		{
			"name": "hexadecagon",
			"from": [8.70027, 2.25, 6],
			"to": [8.79973, 3.25, 6.24],
			"rotation": {"angle": 22.5, "axis": "y", "origin": [8.75, 2.75, 6.25]},
			"faces": {
				"north": {"uv": [0, 0, 6, 7], "texture": "#9"},
				"east": {"uv": [0, 0, 6, 7], "texture": "#9"},
				"south": {"uv": [0, 0, 6, 7], "texture": "#9"},
				"west": {"uv": [0, 0, 6, 7], "texture": "#9"},
				"up": {"uv": [0, 0, 6, 7], "texture": "#9"},
				"down": {"uv": [0, 0, 6, 7], "texture": "#9"}
			}
		},
		{
			"name": "hexadecagon",
			"from": [8.70027, 2.25, 6],
			"to": [8.79973, 3.25, 6.24],
			"rotation": {"angle": 45, "axis": "y", "origin": [8.75, 2.75, 6.25]},
			"faces": {
				"north": {"uv": [0, 0, 6, 7], "texture": "#9"},
				"east": {"uv": [0, 0, 6, 7], "texture": "#9"},
				"south": {"uv": [0, 0, 6, 7], "texture": "#9"},
				"west": {"uv": [0, 0, 6, 7], "texture": "#9"},
				"up": {"uv": [0, 0, 6, 7], "texture": "#9"},
				"down": {"uv": [0, 0, 6, 7], "texture": "#9"}
			}
		},
		{
			"name": "hexadecagon",
			"from": [8.70027, 2.25, 6.26],
			"to": [8.79973, 3.25, 6.5],
			"rotation": {"angle": -45, "axis": "y", "origin": [8.75, 2.75, 6.25]},
			"faces": {
				"north": {"uv": [0, 0, 6, 7], "texture": "#9"},
				"east": {"uv": [0, 0, 6, 7], "texture": "#9"},
				"south": {"uv": [0, 0, 6, 7], "texture": "#9"},
				"west": {"uv": [0, 0, 6, 7], "texture": "#9"},
				"up": {"uv": [0, 0, 6, 7], "texture": "#9"},
				"down": {"uv": [0, 0, 6, 7], "texture": "#9"}
			}
		},
		{
			"name": "hexadecagon",
			"from": [8.70027, 2.25, 6.26],
			"to": [8.79973, 3.25, 6.5],
			"rotation": {"angle": -22.5, "axis": "y", "origin": [8.75, 2.75, 6.25]},
			"faces": {
				"north": {"uv": [0, 0, 6, 7], "texture": "#9"},
				"east": {"uv": [0, 0, 6, 7], "texture": "#9"},
				"south": {"uv": [0, 0, 6, 7], "texture": "#9"},
				"west": {"uv": [0, 0, 6, 7], "texture": "#9"},
				"up": {"uv": [0, 0, 6, 7], "texture": "#9"},
				"down": {"uv": [0, 0, 6, 7], "texture": "#9"}
			}
		},
		{
			"name": "hexadecagon",
			"from": [8.70027, 2.25, 6.26],
			"to": [8.79973, 3.25, 6.5],
			"rotation": {"angle": 0, "axis": "y", "origin": [8.75, 2.75, 6.25]},
			"faces": {
				"north": {"uv": [0, 0, 6, 7], "texture": "#9"},
				"east": {"uv": [0, 0, 6, 7], "texture": "#9"},
				"south": {"uv": [0, 0, 6, 7], "texture": "#9"},
				"west": {"uv": [0, 0, 6, 7], "texture": "#9"},
				"up": {"uv": [0, 0, 6, 7], "texture": "#9"},
				"down": {"uv": [0, 0, 6, 7], "texture": "#9"}
			}
		},
		{
			"name": "hexadecagon",
			"from": [8.70027, 2.25, 6.26],
			"to": [8.79973, 3.25, 6.5],
			"rotation": {"angle": 22.5, "axis": "y", "origin": [8.75, 2.75, 6.25]},
			"faces": {
				"north": {"uv": [0, 0, 6, 7], "texture": "#9"},
				"east": {"uv": [0, 0, 6, 7], "texture": "#9"},
				"south": {"uv": [0, 0, 6, 7], "texture": "#9"},
				"west": {"uv": [0, 0, 6, 7], "texture": "#9"},
				"up": {"uv": [0, 0, 6, 7], "texture": "#9"},
				"down": {"uv": [0, 0, 6, 7], "texture": "#9"}
			}
		},
		{
			"name": "hexadecagon",
			"from": [8.70027, 2.25, 6.26],
			"to": [8.79973, 3.25, 6.5],
			"rotation": {"angle": 45, "axis": "y", "origin": [8.75, 2.75, 6.25]},
			"faces": {
				"north": {"uv": [0, 0, 6, 7], "texture": "#9"},
				"east": {"uv": [0, 0, 6, 7], "texture": "#9"},
				"south": {"uv": [0, 0, 6, 7], "texture": "#9"},
				"west": {"uv": [0, 0, 6, 7], "texture": "#9"},
				"up": {"uv": [0, 0, 6, 7], "texture": "#9"},
				"down": {"uv": [0, 0, 6, 7], "texture": "#9"}
			}
		},
		{
			"name": "hexadecagon",
			"from": [8.5, 2.25, 6.20027],
			"to": [8.74, 3.25, 6.29973],
			"rotation": {"angle": -22.5, "axis": "y", "origin": [8.75, 2.75, 6.25]},
			"faces": {
				"north": {"uv": [0, 0, 6, 7], "texture": "#9"},
				"east": {"uv": [0, 0, 6, 7], "texture": "#9"},
				"south": {"uv": [0, 0, 6, 7], "texture": "#9"},
				"west": {"uv": [0, 0, 6, 7], "texture": "#9"},
				"up": {"uv": [0, 0, 6, 7], "texture": "#9"},
				"down": {"uv": [0, 0, 6, 7], "texture": "#9"}
			}
		},
		{
			"name": "hexadecagon",
			"from": [8.5, 2.25, 6.20027],
			"to": [8.74, 3.25, 6.29973],
			"rotation": {"angle": 0, "axis": "y", "origin": [8.75, 2.75, 6.25]},
			"faces": {
				"north": {"uv": [0, 0, 6, 7], "texture": "#9"},
				"east": {"uv": [0, 0, 6, 7], "texture": "#9"},
				"south": {"uv": [0, 0, 6, 7], "texture": "#9"},
				"west": {"uv": [0, 0, 6, 7], "texture": "#9"},
				"up": {"uv": [0, 0, 6, 7], "texture": "#9"},
				"down": {"uv": [0, 0, 6, 7], "texture": "#9"}
			}
		},
		{
			"name": "hexadecagon",
			"from": [8.5, 2.25, 6.20027],
			"to": [8.74, 3.25, 6.29973],
			"rotation": {"angle": 22.5, "axis": "y", "origin": [8.75, 2.75, 6.25]},
			"faces": {
				"north": {"uv": [0, 0, 6, 7], "texture": "#9"},
				"east": {"uv": [0, 0, 6, 7], "texture": "#9"},
				"south": {"uv": [0, 0, 6, 7], "texture": "#9"},
				"west": {"uv": [0, 0, 6, 7], "texture": "#9"},
				"up": {"uv": [0, 0, 6, 7], "texture": "#9"},
				"down": {"uv": [0, 0, 6, 7], "texture": "#9"}
			}
		},
		{
			"name": "hexadecagon",
			"from": [8.76, 2.25, 6.20027],
			"to": [9, 3.25, 6.29973],
			"rotation": {"angle": -22.5, "axis": "y", "origin": [8.75, 2.75, 6.25]},
			"faces": {
				"north": {"uv": [0, 0, 6, 7], "texture": "#9"},
				"east": {"uv": [0, 0, 6, 7], "texture": "#9"},
				"south": {"uv": [0, 0, 6, 7], "texture": "#9"},
				"west": {"uv": [0, 0, 6, 7], "texture": "#9"},
				"up": {"uv": [0, 0, 6, 7], "texture": "#9"},
				"down": {"uv": [0, 0, 6, 7], "texture": "#9"}
			}
		},
		{
			"name": "hexadecagon",
			"from": [8.76, 2.25, 6.20027],
			"to": [9, 3.25, 6.29973],
			"rotation": {"angle": 0, "axis": "y", "origin": [8.75, 2.75, 6.25]},
			"faces": {
				"north": {"uv": [0, 0, 6, 7], "texture": "#9"},
				"east": {"uv": [0, 0, 6, 7], "texture": "#9"},
				"south": {"uv": [0, 0, 6, 7], "texture": "#9"},
				"west": {"uv": [0, 0, 6, 7], "texture": "#9"},
				"up": {"uv": [0, 0, 6, 7], "texture": "#9"},
				"down": {"uv": [0, 0, 6, 7], "texture": "#9"}
			}
		},
		{
			"name": "hexadecagon",
			"from": [8.76, 2.25, 6.20027],
			"to": [9, 3.25, 6.29973],
			"rotation": {"angle": 22.5, "axis": "y", "origin": [8.75, 2.75, 6.25]},
			"faces": {
				"north": {"uv": [0, 0, 6, 7], "texture": "#9"},
				"east": {"uv": [0, 0, 6, 7], "texture": "#9"},
				"south": {"uv": [0, 0, 6, 7], "texture": "#9"},
				"west": {"uv": [0, 0, 6, 7], "texture": "#9"},
				"up": {"uv": [0, 0, 6, 7], "texture": "#9"},
				"down": {"uv": [0, 0, 6, 7], "texture": "#9"}
			}
		},
		{
			"from": [1.75, 1.25, 4.25],
			"to": [2.5, 2.25, 7],
			"faces": {
				"north": {"uv": [4, 1, 13, 12], "texture": "#8"},
				"east": {"uv": [4, 1, 13, 12], "texture": "#8"},
				"south": {"uv": [4, 1, 13, 12], "texture": "#8"},
				"west": {"uv": [4, 1, 13, 12], "texture": "#8"},
				"up": {"uv": [4, 1, 13, 12], "texture": "#8"},
				"down": {"uv": [4, 1, 13, 12], "texture": "#8"}
			}
		},
		{
			"from": [1.8, 1.25, 4],
			"to": [2.7, 2.25, 4.25],
			"faces": {
				"north": {"uv": [1, 1, 5, 12], "texture": "#8"},
				"east": {"uv": [1, 1, 5, 12], "texture": "#8"},
				"south": {"uv": [1, 1, 5, 12], "texture": "#8"},
				"west": {"uv": [1, 1, 5, 12], "texture": "#8"},
				"up": {"uv": [1, 1, 5, 12], "texture": "#8"},
				"down": {"uv": [1, 1, 5, 12], "texture": "#8"}
			}
		},
		{
			"from": [1.8, 1.25, 7],
			"to": [2.7, 2.25, 7.25],
			"faces": {
				"north": {"uv": [1, 1, 5, 12], "texture": "#8"},
				"east": {"uv": [1, 1, 5, 12], "texture": "#8"},
				"south": {"uv": [1, 1, 5, 12], "texture": "#8"},
				"west": {"uv": [1, 1, 5, 12], "texture": "#8"},
				"up": {"uv": [1, 1, 5, 12], "texture": "#8"},
				"down": {"uv": [1, 1, 5, 12], "texture": "#8"}
			}
		},
		{
			"from": [1.85, 1, 2.75],
			"to": [2.5, 2.5, 4],
			"faces": {
				"north": {"uv": [1, 1, 10, 12], "texture": "#8"},
				"east": {"uv": [1, 1, 10, 12], "texture": "#8"},
				"south": {"uv": [1, 1, 10, 12], "texture": "#8"},
				"west": {"uv": [1, 1, 10, 12], "texture": "#8"},
				"up": {"uv": [1, 1, 10, 12], "texture": "#8"},
				"down": {"uv": [1, 1, 10, 12], "texture": "#8"}
			}
		},
		{
			"from": [1.95, 2.5, 3],
			"to": [2.1, 2.75, 3.5],
			"faces": {
				"north": {"uv": [1, 1, 4, 9], "texture": "#8"},
				"east": {"uv": [1, 1, 4, 9], "texture": "#8"},
				"south": {"uv": [1, 1, 4, 9], "texture": "#8"},
				"west": {"uv": [1, 1, 4, 9], "texture": "#8"},
				"up": {"uv": [1, 1, 4, 9], "texture": "#8"},
				"down": {"uv": [1, 1, 4, 9], "texture": "#8"}
			}
		},
		{
			"from": [1.95, 1.25, 2.65],
			"to": [2.4, 2.25, 2.8],
			"faces": {
				"north": {"uv": [1, 1, 4, 12], "texture": "#8"},
				"east": {"uv": [1, 1, 4, 12], "texture": "#8"},
				"south": {"uv": [1, 1, 4, 12], "texture": "#8"},
				"west": {"uv": [1, 1, 4, 12], "texture": "#8"},
				"up": {"uv": [1, 1, 4, 12], "texture": "#8"},
				"down": {"uv": [1, 1, 4, 12], "texture": "#8"}
			}
		},
		{
			"from": [1.875, 3.375, 3.25],
			"to": [2.375, 3.525, 3.75],
			"rotation": {"angle": 0, "axis": "x", "origin": [2.125, 3, 3.5]},
			"faces": {
				"north": {"uv": [0, 0, 16, 16], "texture": "#9"},
				"east": {"uv": [0, 0, 16, 16], "texture": "#9"},
				"south": {"uv": [0, 0, 16, 16], "texture": "#9"},
				"west": {"uv": [0, 0, 16, 16], "texture": "#9"},
				"up": {"uv": [0, 0, 16, 16], "texture": "#9"},
				"down": {"uv": [0, 0, 16, 16], "texture": "#9"}
			}
		},
		{
			"from": [1.875, 3.375, 3.25],
			"to": [2.375, 3.525, 3.75],
			"rotation": {"angle": -45, "axis": "x", "origin": [2.125, 3, 3.5]},
			"faces": {
				"north": {"uv": [0, 0, 16, 16], "texture": "#9"},
				"east": {"uv": [0, 0, 16, 16], "texture": "#9"},
				"south": {"uv": [0, 0, 16, 16], "texture": "#9"},
				"west": {"uv": [0, 0, 16, 16], "texture": "#9"},
				"up": {"uv": [0, 0, 16, 16], "texture": "#9"},
				"down": {"uv": [0, 0, 16, 16], "texture": "#9"}
			}
		},
		{
			"from": [2, 2.5, 3.25],
			"to": [2.25, 3.5, 3.75],
			"faces": {
				"north": {"uv": [0, 0, 16, 16], "texture": "#9"},
				"east": {"uv": [0, 0, 16, 16], "texture": "#9"},
				"south": {"uv": [0, 0, 16, 16], "texture": "#9"},
				"west": {"uv": [0, 0, 16, 16], "texture": "#9"},
				"up": {"uv": [0, 0, 16, 16], "texture": "#9"},
				"down": {"uv": [0, 0, 16, 16], "texture": "#9"}
			}
		},
		{
			"from": [1.85, 2.5, 3],
			"to": [2.5, 2.55, 3.75],
			"faces": {
				"north": {"uv": [1, 1, 4, 12], "texture": "#8"},
				"east": {"uv": [1, 1, 4, 12], "texture": "#8"},
				"south": {"uv": [1, 1, 4, 12], "texture": "#8"},
				"west": {"uv": [1, 1, 4, 12], "texture": "#8"},
				"up": {"uv": [1, 1, 4, 12], "texture": "#8"},
				"down": {"uv": [1, 1, 4, 12], "texture": "#8"}
			}
		}
	],
	"display": {
		"thirdperson_righthand": {
			"rotation": [86, 0, 0],
			"translation": [-0.25, 2.25, 3.75],
			"scale": [0.42, 0.6, 0.5]
		},
		"thirdperson_lefthand": {
			"rotation": [86, 0, 0],
			"translation": [-0.25, 2.25, 3.75],
			"scale": [0.42, 0.6, 0.5]
		},
		"firstperson_righthand": {
			"rotation": [53, 0, 0],
			"translation": [0.75, 4.75, 3.5],
			"scale": [0.56, 0.6, 0.48]
		},
		"firstperson_lefthand": {
			"rotation": [53, 0, 0],
			"translation": [1.25, 4.75, 3.5],
			"scale": [0.56, 0.6, 0.48]
		},
		"ground": {
			"translation": [0, 3.5, 0],
			"scale": [0.52, 0.7, 0.6]
		},
		"gui": {
			"rotation": [93.5, 0, 0],
			"translation": [0.5, -0.5, 0],
			"scale": [0.76, 0.7, 0.9]
		},
		"head": {
			"rotation": [-90, -180, 0],
			"translation": [0, -15, -26.75],
			"scale": [1.11523, 4, 1.39648]
		},
		"fixed": {
			"rotation": [90, 0, -180],
			"translation": [0, 0, -6.75],
			"scale": [0.75, 1, 1.09]
		}
	},
	"groups": [
		{
			"name": "trotil",
			"origin": [0, 0, 0],
			"color": 0,
			"children": [0, 1, 2, 3, 4, 5, 6, 7, 8, 9, 10, 11, 12, 13, 14, 15, 16, 17]
		}, 18, 19, 20, 21, 22, 23, 24, 25, 26, 27, 28, 29, 30, 31,
		{
			"name": "buttons",
			"origin": [0, 0, 0],
			"color": 0,
			"children": [32, 33, 34, 35, 36, 37, 38, 39, 40, 41, 42, 43, 44, 45, 46]
		},
		{
			"name": "skotch",
			"origin": [0, 0, 0],
			"color": 0,
			"children": []
		}, 47, 48, 49, 50, 51, 52, 53, 54, 55, 56, 57, 58, 59, 60, 61, 62,
		{
			"name": "derjatels",
			"origin": [8, 8, 8],
			"color": 0,
			"children": [63, 64]
		},
		{
			"name": "details",
			"origin": [8, 8, 8],
			"color": 0,
			"children": []
		},
		{
			"name": "vertelka1",
			"origin": [8, 8, 8],
			"color": 0,
			"children": [65, 66, 67, 68, 69, 70, 71, 72, 73, 74, 75, 76, 77, 78, 79, 80]
		},
		{
			"name": "vertelka2",
			"origin": [8, 8, 8],
			"color": 0,
			"children": [81, 82, 83, 84, 85, 86, 87, 88, 89, 90, 91, 92, 93, 94, 95, 96]
		},
		{
			"name": "slevabluda",
			"origin": [0, 0, 0],
			"color": 0,
			"children": [97, 98, 99, 100, 101, 102, 103, 104, 105, 106]
		}
	]
}