{
	"credit": "Made with Blockbench",
	"parent": "block/block",
	"textures": {
		"1": "blocks/wool_colored_gray",
		"2": "blocks/wool_colored_silver",
		"3": "blocks/wool_colored_black",
		"particle": "blocks/wool_colored_gray"
	},
	"elements": [
		{
			"name": "Cube",
			"from": [0, 0, 0],
			"to": [16, 8, 16],
			"faces": {
				"north": {"uv": [0, 0, 16, 8], "texture": "#1"},
				"east": {"uv": [0, 0, 16, 8], "texture": "#1"},
				"south": {"uv": [0, 0, 14, 8], "texture": "#1"},
				"west": {"uv": [0, 0, 16, 8], "texture": "#1"},
				"up": {"uv": [0, 0, 16, 8], "texture": "#1"},
				"down": {"uv": [0, 0, 16, 8], "texture": "#1"}
			}
		},
		{
			"name": "Cube",
			"from": [14, 8, 0],
			"to": [16, 16, 16],
			"faces": {
				"north": {"uv": [0, 0, 4, 14], "texture": "#1"},
				"east": {"uv": [0, 0, 16, 8], "texture": "#1"},
				"south": {"uv": [0, 0, 4, 14], "texture": "#1"},
				"west": {"uv": [0, 0, 16, 8], "texture": "#1"},
				"up": {"uv": [0, 0, 4, 14], "texture": "#1"},
				"down": {"uv": [0, 0, 2, 8], "texture": "#1"}
			}
		},
		{
			"name": "Cube",
			"from": [0, 8, -1],
			"to": [14, 11, 2],
			"faces": {
				"north": {"uv": [0, 0, 14, 4], "texture": "#1"},
				"east": {"uv": [0, 0, 14, 3], "texture": "#1"},
				"south": {"uv": [0, 0, 14, 3], "texture": "#1"},
				"west": {"uv": [0, 0, 14, 3], "texture": "#1"},
				"up": {"uv": [0, 0, 14, 3], "texture": "#1"},
				"down": {"uv": [0, 0, 14, 3], "texture": "#1"}
			}
		},
		{
			"name": "Cube",
			"from": [0, 8, 14],
			"to": [14, 11, 17],
			"faces": {
				"north": {"uv": [0, 0, 14, 3], "texture": "#1"},
				"east": {"uv": [0, 0, 14, 3], "texture": "#1"},
				"south": {"uv": [0, 0, 14, 3], "texture": "#1"},
				"west": {"uv": [0, 0, 14, 3], "texture": "#1"},
				"up": {"uv": [0, 0, 14, 3], "texture": "#1"},
				"down": {"uv": [0, 0, 14, 3], "texture": "#1"}
			}
		},
		{
			"from": [-0.5, 9, 0],
			"to": [0.2, 10, 1],
			"faces": {
				"north": {"uv": [0, 0, 13, 7], "texture": "#3"},
				"east": {"uv": [0, 0, 13, 7], "texture": "#3"},
				"south": {"uv": [0, 0, 13, 7], "texture": "#3"},
				"west": {"uv": [0, 0, 13, 7], "texture": "#3"},
				"up": {"uv": [0, 0, 13, 7], "texture": "#3"},
				"down": {"uv": [0, 0, 13, 7], "texture": "#3"}
			}
		},
		{
			"from": [-0.5, 9, 15],
			"to": [0.2, 10, 16],
			"faces": {
				"north": {"uv": [0, 0, 13, 7], "texture": "#3"},
				"east": {"uv": [0, 0, 13, 7], "texture": "#3"},
				"south": {"uv": [0, 0, 13, 7], "texture": "#3"},
				"west": {"uv": [0, 0, 13, 7], "texture": "#3"},
				"up": {"uv": [0, 0, 13, 7], "texture": "#3"},
				"down": {"uv": [0, 0, 13, 7], "texture": "#3"}
			}
		},
		{
			"from": [13.5, 10, 3],
			"to": [14, 14, 13],
			"faces": {
				"north": {"uv": [0, 0, 5, 8], "texture": "#2"},
				"east": {"uv": [0, 0, 16, 8], "texture": "#2"},
				"south": {"uv": [0, 0, 5, 8], "texture": "#2"},
				"west": {"uv": [0, 0, 16, 8], "texture": "#2"},
				"up": {"uv": [0, 0, 14, 8], "texture": "#2"},
				"down": {"uv": [0, 0, 16, 8], "texture": "#2"}
			}
		},
		{
			"from": [13.5, 9, 6],
			"to": [14, 10, 10],
			"faces": {
				"north": {"uv": [0, 0, 0.5, 1], "texture": "#2"},
				"east": {"uv": [0, 0, 4, 1], "texture": "#missing"},
				"south": {"uv": [0, 0, 0.5, 1], "texture": "#2"},
				"west": {"uv": [0, 0, 16, 2], "texture": "#2"},
				"up": {"uv": [0, 0, 0.5, 4], "texture": "#missing"},
				"down": {"uv": [0, 0, 0.5, 4], "texture": "#2"}
			}
		},
		{
			"from": [13.5, 14, 4],
			"to": [14, 15, 12],
			"faces": {
				"north": {"uv": [0, 0, 0.5, 1], "texture": "#2"},
				"east": {"uv": [0, 0, 8, 1], "texture": "#missing"},
				"south": {"uv": [0, 0, 0.5, 1], "texture": "#2"},
				"west": {"uv": [0, 0, 16, 2], "texture": "#2"},
				"up": {"uv": [0, 0, 0.5, 8], "texture": "#2"},
				"down": {"uv": [0, 0, 0.5, 8], "texture": "#missing"}
			}
		},
		{
			"from": [2, 8, 3],
			"to": [13, 8.2, 13],
			"rotation": {"angle": 0, "axis": "y", "origin": [7.5, 8.05, 8]},
			"faces": {
				"north": {"uv": [0, 0, 16, 8], "texture": "#2"},
				"east": {"uv": [0, 0, 16, 8], "texture": "#2"},
				"south": {"uv": [0, 0, 16, 8], "texture": "#2"},
				"west": {"uv": [0, 0, 16, 5], "texture": "#2"},
				"up": {"uv": [0, 0, 16, 8], "texture": "#2"},
				"down": {"uv": [0, 0, 16, 8], "texture": "#2"}
			}
		}
	]
}