{
	"credit": "Made with Blockbench",
	"textures": {
		"0": "blocks/anvil_top_damaged_0",
		"1": "blocks/concrete_gray",
		"2": "blocks/wool_colored_black",
		"3": "blocks/shulker_top_gray",
		"particle": "blocks/anvil_top_damaged_0"
	},
	"elements": [
		{
			"name": "hexadecagon",
			"from": [1.75, 4.45163, 6.5],
			"to": [14, 5.04837, 9.5],
			"rotation": {"angle": -45, "axis": "x", "origin": [8, 4.75, 8]},
			"faces": {
				"north": {"uv": [0, 0, 15, 10], "texture": "#3"},
				"east": {"uv": [0, 0, 15, 10], "texture": "#3"},
				"south": {"uv": [0, 0, 15, 10], "texture": "#3"},
				"west": {"uv": [0, 0, 15, 10], "texture": "#3"},
				"up": {"uv": [0, 0, 15, 10], "texture": "#3"},
				"down": {"uv": [0, 0, 15, 10], "texture": "#3"}
			}
		},
		{
			"name": "hexadecagon",
			"from": [1.75, 4.45163, 6.5],
			"to": [14, 5.04837, 9.5],
			"rotation": {"angle": -22.5, "axis": "x", "origin": [8, 4.75, 8]},
			"faces": {
				"north": {"uv": [0, 0, 15, 10], "texture": "#3"},
				"east": {"uv": [0, 0, 15, 10], "texture": "#3"},
				"south": {"uv": [0, 0, 15, 10], "texture": "#3"},
				"west": {"uv": [0, 0, 15, 10], "texture": "#3"},
				"up": {"uv": [0, 0, 15, 10], "texture": "#3"},
				"down": {"uv": [0, 0, 15, 10], "texture": "#3"}
			}
		},
		{
			"name": "hexadecagon",
			"from": [1.75, 4.45163, 6.5],
			"to": [14, 5.04837, 9.5],
			"rotation": {"angle": 0, "axis": "x", "origin": [8, 4.75, 8]},
			"faces": {
				"north": {"uv": [0, 0, 15, 10], "texture": "#3"},
				"east": {"uv": [0, 0, 15, 10], "texture": "#3"},
				"south": {"uv": [0, 0, 15, 10], "texture": "#3"},
				"west": {"uv": [0, 0, 15, 10], "texture": "#3"},
				"up": {"uv": [0, 0, 15, 10], "texture": "#3"},
				"down": {"uv": [0, 0, 15, 10], "texture": "#3"}
			}
		},
		{
			"name": "hexadecagon",
			"from": [1.75, 4.45163, 6.5],
			"to": [14, 5.04837, 9.5],
			"rotation": {"angle": 22.5, "axis": "x", "origin": [8, 4.75, 8]},
			"faces": {
				"north": {"uv": [0, 0, 15, 10], "texture": "#3"},
				"east": {"uv": [0, 0, 15, 10], "texture": "#3"},
				"south": {"uv": [0, 0, 15, 10], "texture": "#3"},
				"west": {"uv": [0, 0, 15, 10], "texture": "#3"},
				"up": {"uv": [0, 0, 15, 10], "texture": "#3"},
				"down": {"uv": [0, 0, 15, 10], "texture": "#3"}
			}
		},
		{
			"name": "hexadecagon",
			"from": [1.75, 4.45163, 6.5],
			"to": [14, 5.04837, 9.5],
			"rotation": {"angle": 45, "axis": "x", "origin": [8, 4.75, 8]},
			"faces": {
				"north": {"uv": [0, 0, 15, 10], "texture": "#3"},
				"east": {"uv": [0, 0, 15, 10], "texture": "#3"},
				"south": {"uv": [0, 0, 15, 10], "texture": "#3"},
				"west": {"uv": [0, 0, 15, 10], "texture": "#3"},
				"up": {"uv": [0, 0, 15, 10], "texture": "#3"},
				"down": {"uv": [0, 0, 15, 10], "texture": "#3"}
			}
		},
		{
			"name": "hexadecagon",
			"from": [1.75, 3.25, 7.70163],
			"to": [14, 6.25, 8.29837],
			"rotation": {"angle": -22.5, "axis": "x", "origin": [8, 4.75, 8]},
			"faces": {
				"north": {"uv": [0, 0, 15, 10], "texture": "#3"},
				"east": {"uv": [0, 0, 15, 10], "texture": "#3"},
				"south": {"uv": [0, 0, 15, 10], "texture": "#3"},
				"west": {"uv": [0, 0, 15, 10], "texture": "#3"},
				"up": {"uv": [0, 0, 15, 10], "texture": "#3"},
				"down": {"uv": [0, 0, 15, 10], "texture": "#3"}
			}
		},
		{
			"name": "hexadecagon",
			"from": [1.75, 3.25, 7.70163],
			"to": [14, 6.25, 8.29837],
			"rotation": {"angle": 0, "axis": "x", "origin": [8, 4.75, 8]},
			"faces": {
				"north": {"uv": [0, 0, 15, 10], "texture": "#3"},
				"east": {"uv": [0, 0, 15, 10], "texture": "#3"},
				"south": {"uv": [0, 0, 15, 10], "texture": "#3"},
				"west": {"uv": [0, 0, 15, 10], "texture": "#3"},
				"up": {"uv": [0, 0, 15, 10], "texture": "#3"},
				"down": {"uv": [0, 0, 15, 10], "texture": "#3"}
			}
		},
		{
			"name": "hexadecagon",
			"from": [1.75, 3.25, 7.70163],
			"to": [14, 6.25, 8.29837],
			"rotation": {"angle": 22.5, "axis": "x", "origin": [8, 4.75, 8]},
			"faces": {
				"north": {"uv": [0, 0, 15, 10], "texture": "#3"},
				"east": {"uv": [0, 0, 15, 10], "texture": "#3"},
				"south": {"uv": [0, 0, 15, 10], "texture": "#3"},
				"west": {"uv": [0, 0, 15, 10], "texture": "#3"},
				"up": {"uv": [0, 0, 15, 10], "texture": "#3"},
				"down": {"uv": [0, 0, 15, 10], "texture": "#3"}
			}
		},
		{
			"name": "hexadecagon",
			"from": [14.25, 4.45163, 6.5],
			"to": [14.75, 5.04837, 9.5],
			"rotation": {"angle": -45, "axis": "x", "origin": [14.25, 4.75, 8]},
			"faces": {
				"north": {"uv": [6, 2, 11, 7], "texture": "#0"},
				"east": {"uv": [6, 2, 11, 7], "texture": "#0"},
				"south": {"uv": [6, 2, 11, 7], "texture": "#0"},
				"west": {"uv": [6, 2, 11, 7], "texture": "#0"},
				"up": {"uv": [6, 2, 11, 7], "texture": "#0"},
				"down": {"uv": [6, 2, 11, 7], "texture": "#0"}
			}
		},
		{
			"name": "hexadecagon",
			"from": [14.25, 4.45163, 6.5],
			"to": [14.75, 5.04837, 9.5],
			"rotation": {"angle": -22.5, "axis": "x", "origin": [14.25, 4.75, 8]},
			"faces": {
				"north": {"uv": [6, 2, 11, 7], "texture": "#0"},
				"east": {"uv": [6, 2, 11, 7], "texture": "#0"},
				"south": {"uv": [6, 2, 11, 7], "texture": "#0"},
				"west": {"uv": [6, 2, 11, 7], "texture": "#0"},
				"up": {"uv": [6, 2, 11, 7], "texture": "#0"},
				"down": {"uv": [6, 2, 11, 7], "texture": "#0"}
			}
		},
		{
			"name": "hexadecagon",
			"from": [14.25, 4.45163, 6.5],
			"to": [14.75, 5.04837, 9.5],
			"rotation": {"angle": 0, "axis": "x", "origin": [14.25, 4.75, 8]},
			"faces": {
				"north": {"uv": [6, 2, 11, 7], "texture": "#0"},
				"east": {"uv": [6, 2, 11, 7], "texture": "#0"},
				"south": {"uv": [6, 2, 11, 7], "texture": "#0"},
				"west": {"uv": [6, 2, 11, 7], "texture": "#0"},
				"up": {"uv": [6, 2, 11, 7], "texture": "#0"},
				"down": {"uv": [6, 2, 11, 7], "texture": "#0"}
			}
		},
		{
			"name": "hexadecagon",
			"from": [14.25, 4.45163, 6.5],
			"to": [14.75, 5.04837, 9.5],
			"rotation": {"angle": 22.5, "axis": "x", "origin": [14.25, 4.75, 8]},
			"faces": {
				"north": {"uv": [6, 2, 11, 7], "texture": "#0"},
				"east": {"uv": [6, 2, 11, 7], "texture": "#0"},
				"south": {"uv": [6, 2, 11, 7], "texture": "#0"},
				"west": {"uv": [6, 2, 11, 7], "texture": "#0"},
				"up": {"uv": [6, 2, 11, 7], "texture": "#0"},
				"down": {"uv": [6, 2, 11, 7], "texture": "#0"}
			}
		},
		{
			"name": "hexadecagon",
			"from": [14.25, 4.45163, 6.5],
			"to": [14.75, 5.04837, 9.5],
			"rotation": {"angle": 45, "axis": "x", "origin": [14.25, 4.75, 8]},
			"faces": {
				"north": {"uv": [6, 2, 11, 7], "texture": "#0"},
				"east": {"uv": [6, 2, 11, 7], "texture": "#0"},
				"south": {"uv": [6, 2, 11, 7], "texture": "#0"},
				"west": {"uv": [6, 2, 11, 7], "texture": "#0"},
				"up": {"uv": [6, 2, 11, 7], "texture": "#0"},
				"down": {"uv": [6, 2, 11, 7], "texture": "#0"}
			}
		},
		{
			"name": "hexadecagon",
			"from": [14.25, 3.25, 7.70163],
			"to": [14.75, 6.25, 8.29837],
			"rotation": {"angle": -22.5, "axis": "x", "origin": [14.25, 4.75, 8]},
			"faces": {
				"north": {"uv": [6, 2, 11, 7], "texture": "#0"},
				"east": {"uv": [6, 2, 11, 7], "texture": "#0"},
				"south": {"uv": [6, 2, 11, 7], "texture": "#0"},
				"west": {"uv": [6, 2, 11, 7], "texture": "#0"},
				"up": {"uv": [6, 2, 11, 7], "texture": "#0"},
				"down": {"uv": [6, 2, 11, 7], "texture": "#0"}
			}
		},
		{
			"name": "hexadecagon",
			"from": [14.25, 3.25, 7.70163],
			"to": [14.75, 6.25, 8.29837],
			"rotation": {"angle": 0, "axis": "x", "origin": [14.25, 4.75, 8]},
			"faces": {
				"north": {"uv": [6, 2, 11, 7], "texture": "#0"},
				"east": {"uv": [6, 2, 11, 7], "texture": "#0"},
				"south": {"uv": [6, 2, 11, 7], "texture": "#0"},
				"west": {"uv": [6, 2, 11, 7], "texture": "#0"},
				"up": {"uv": [6, 2, 11, 7], "texture": "#0"},
				"down": {"uv": [6, 2, 11, 7], "texture": "#0"}
			}
		},
		{
			"name": "hexadecagon",
			"from": [14.25, 3.25, 7.70163],
			"to": [14.75, 6.25, 8.29837],
			"rotation": {"angle": 22.5, "axis": "x", "origin": [14.25, 4.75, 8]},
			"faces": {
				"north": {"uv": [6, 2, 11, 7], "texture": "#0"},
				"east": {"uv": [6, 2, 11, 7], "texture": "#0"},
				"south": {"uv": [6, 2, 11, 7], "texture": "#0"},
				"west": {"uv": [6, 2, 11, 7], "texture": "#0"},
				"up": {"uv": [6, 2, 11, 7], "texture": "#0"},
				"down": {"uv": [6, 2, 11, 7], "texture": "#0"}
			}
		},
		{
			"name": "hexadecagon",
			"from": [14.25, 4.45163, 6.5],
			"to": [14.75, 5.04837, 9.5],
			"rotation": {"angle": -45, "axis": "x", "origin": [14.25, 4.75, 8]},
			"faces": {
				"north": {"uv": [6, 2, 11, 7], "texture": "#0"},
				"east": {"uv": [6, 2, 11, 7], "texture": "#0"},
				"south": {"uv": [6, 2, 11, 7], "texture": "#0"},
				"west": {"uv": [6, 2, 11, 7], "texture": "#0"},
				"up": {"uv": [6, 2, 11, 7], "texture": "#0"},
				"down": {"uv": [6, 2, 11, 7], "texture": "#0"}
			}
		},
		{
			"name": "hexadecagon",
			"from": [14.25, 4.45163, 6.5],
			"to": [14.75, 5.04837, 9.5],
			"rotation": {"angle": -22.5, "axis": "x", "origin": [14.25, 4.75, 8]},
			"faces": {
				"north": {"uv": [6, 2, 11, 7], "texture": "#0"},
				"east": {"uv": [6, 2, 11, 7], "texture": "#0"},
				"south": {"uv": [6, 2, 11, 7], "texture": "#0"},
				"west": {"uv": [6, 2, 11, 7], "texture": "#0"},
				"up": {"uv": [6, 2, 11, 7], "texture": "#0"},
				"down": {"uv": [6, 2, 11, 7], "texture": "#0"}
			}
		},
		{
			"name": "hexadecagon",
			"from": [14.25, 4.45163, 6.5],
			"to": [14.75, 5.04837, 9.5],
			"rotation": {"angle": 0, "axis": "x", "origin": [14.25, 4.75, 8]},
			"faces": {
				"north": {"uv": [6, 2, 11, 7], "texture": "#0"},
				"east": {"uv": [6, 2, 11, 7], "texture": "#0"},
				"south": {"uv": [6, 2, 11, 7], "texture": "#0"},
				"west": {"uv": [6, 2, 11, 7], "texture": "#0"},
				"up": {"uv": [6, 2, 11, 7], "texture": "#0"},
				"down": {"uv": [6, 2, 11, 7], "texture": "#0"}
			}
		},
		{
			"name": "hexadecagon",
			"from": [14.25, 4.45163, 6.5],
			"to": [14.75, 5.04837, 9.5],
			"rotation": {"angle": 22.5, "axis": "x", "origin": [14.25, 4.75, 8]},
			"faces": {
				"north": {"uv": [6, 2, 11, 7], "texture": "#0"},
				"east": {"uv": [6, 2, 11, 7], "texture": "#0"},
				"south": {"uv": [6, 2, 11, 7], "texture": "#0"},
				"west": {"uv": [6, 2, 11, 7], "texture": "#0"},
				"up": {"uv": [6, 2, 11, 7], "texture": "#0"},
				"down": {"uv": [6, 2, 11, 7], "texture": "#0"}
			}
		},
		{
			"name": "hexadecagon",
			"from": [14.25, 4.45163, 6.5],
			"to": [14.75, 5.04837, 9.5],
			"rotation": {"angle": 45, "axis": "x", "origin": [14.25, 4.75, 8]},
			"faces": {
				"north": {"uv": [6, 2, 11, 7], "texture": "#0"},
				"east": {"uv": [6, 2, 11, 7], "texture": "#0"},
				"south": {"uv": [6, 2, 11, 7], "texture": "#0"},
				"west": {"uv": [6, 2, 11, 7], "texture": "#0"},
				"up": {"uv": [6, 2, 11, 7], "texture": "#0"},
				"down": {"uv": [6, 2, 11, 7], "texture": "#0"}
			}
		},
		{
			"name": "hexadecagon",
			"from": [14.25, 3.25, 7.70163],
			"to": [14.75, 6.25, 8.29837],
			"rotation": {"angle": -22.5, "axis": "x", "origin": [14.25, 4.75, 8]},
			"faces": {
				"north": {"uv": [6, 2, 11, 7], "texture": "#0"},
				"east": {"uv": [6, 2, 11, 7], "texture": "#0"},
				"south": {"uv": [6, 2, 11, 7], "texture": "#0"},
				"west": {"uv": [6, 2, 11, 7], "texture": "#0"},
				"up": {"uv": [6, 2, 11, 7], "texture": "#0"},
				"down": {"uv": [6, 2, 11, 7], "texture": "#0"}
			}
		},
		{
			"name": "hexadecagon",
			"from": [14.25, 3.25, 7.70163],
			"to": [14.75, 6.25, 8.29837],
			"rotation": {"angle": 0, "axis": "x", "origin": [14.25, 4.75, 8]},
			"faces": {
				"north": {"uv": [6, 2, 11, 7], "texture": "#0"},
				"east": {"uv": [6, 2, 11, 7], "texture": "#0"},
				"south": {"uv": [6, 2, 11, 7], "texture": "#0"},
				"west": {"uv": [6, 2, 11, 7], "texture": "#0"},
				"up": {"uv": [6, 2, 11, 7], "texture": "#0"},
				"down": {"uv": [6, 2, 11, 7], "texture": "#0"}
			}
		},
		{
			"name": "hexadecagon",
			"from": [14.25, 3.25, 7.70163],
			"to": [14.75, 6.25, 8.29837],
			"rotation": {"angle": 22.5, "axis": "x", "origin": [14.25, 4.75, 8]},
			"faces": {
				"north": {"uv": [6, 2, 11, 7], "texture": "#0"},
				"east": {"uv": [6, 2, 11, 7], "texture": "#0"},
				"south": {"uv": [6, 2, 11, 7], "texture": "#0"},
				"west": {"uv": [6, 2, 11, 7], "texture": "#0"},
				"up": {"uv": [6, 2, 11, 7], "texture": "#0"},
				"down": {"uv": [6, 2, 11, 7], "texture": "#0"}
			}
		},
		{
			"name": "hexadecagon",
			"from": [14.25, 4.45163, 6.5],
			"to": [14.75, 5.04837, 9.5],
			"rotation": {"angle": -45, "axis": "x", "origin": [14.25, 4.75, 8]},
			"faces": {
				"north": {"uv": [6, 2, 11, 7], "texture": "#0"},
				"east": {"uv": [6, 2, 11, 7], "texture": "#0"},
				"south": {"uv": [6, 2, 11, 7], "texture": "#0"},
				"west": {"uv": [6, 2, 11, 7], "texture": "#0"},
				"up": {"uv": [6, 2, 11, 7], "texture": "#0"},
				"down": {"uv": [6, 2, 11, 7], "texture": "#0"}
			}
		},
		{
			"name": "hexadecagon",
			"from": [14.25, 4.45163, 6.5],
			"to": [14.75, 5.04837, 9.5],
			"rotation": {"angle": -22.5, "axis": "x", "origin": [14.25, 4.75, 8]},
			"faces": {
				"north": {"uv": [6, 2, 11, 7], "texture": "#0"},
				"east": {"uv": [6, 2, 11, 7], "texture": "#0"},
				"south": {"uv": [6, 2, 11, 7], "texture": "#0"},
				"west": {"uv": [6, 2, 11, 7], "texture": "#0"},
				"up": {"uv": [6, 2, 11, 7], "texture": "#0"},
				"down": {"uv": [6, 2, 11, 7], "texture": "#0"}
			}
		},
		{
			"name": "hexadecagon",
			"from": [14.25, 4.45163, 6.5],
			"to": [14.75, 5.04837, 9.5],
			"rotation": {"angle": 0, "axis": "x", "origin": [14.25, 4.75, 8]},
			"faces": {
				"north": {"uv": [6, 2, 11, 7], "texture": "#0"},
				"east": {"uv": [6, 2, 11, 7], "texture": "#0"},
				"south": {"uv": [6, 2, 11, 7], "texture": "#0"},
				"west": {"uv": [6, 2, 11, 7], "texture": "#0"},
				"up": {"uv": [6, 2, 11, 7], "texture": "#0"},
				"down": {"uv": [6, 2, 11, 7], "texture": "#0"}
			}
		},
		{
			"name": "hexadecagon",
			"from": [14.25, 4.45163, 6.5],
			"to": [14.75, 5.04837, 9.5],
			"rotation": {"angle": 22.5, "axis": "x", "origin": [14.25, 4.75, 8]},
			"faces": {
				"north": {"uv": [6, 2, 11, 7], "texture": "#0"},
				"east": {"uv": [6, 2, 11, 7], "texture": "#0"},
				"south": {"uv": [6, 2, 11, 7], "texture": "#0"},
				"west": {"uv": [6, 2, 11, 7], "texture": "#0"},
				"up": {"uv": [6, 2, 11, 7], "texture": "#0"},
				"down": {"uv": [6, 2, 11, 7], "texture": "#0"}
			}
		},
		{
			"name": "hexadecagon",
			"from": [14.25, 4.45163, 6.5],
			"to": [14.75, 5.04837, 9.5],
			"rotation": {"angle": 45, "axis": "x", "origin": [14.25, 4.75, 8]},
			"faces": {
				"north": {"uv": [6, 2, 11, 7], "texture": "#0"},
				"east": {"uv": [6, 2, 11, 7], "texture": "#0"},
				"south": {"uv": [6, 2, 11, 7], "texture": "#0"},
				"west": {"uv": [6, 2, 11, 7], "texture": "#0"},
				"up": {"uv": [6, 2, 11, 7], "texture": "#0"},
				"down": {"uv": [6, 2, 11, 7], "texture": "#0"}
			}
		},
		{
			"name": "hexadecagon",
			"from": [14.25, 3.25, 7.70163],
			"to": [14.75, 6.25, 8.29837],
			"rotation": {"angle": -22.5, "axis": "x", "origin": [14.25, 4.75, 8]},
			"faces": {
				"north": {"uv": [6, 2, 11, 7], "texture": "#0"},
				"east": {"uv": [6, 2, 11, 7], "texture": "#0"},
				"south": {"uv": [6, 2, 11, 7], "texture": "#0"},
				"west": {"uv": [6, 2, 11, 7], "texture": "#0"},
				"up": {"uv": [6, 2, 11, 7], "texture": "#0"},
				"down": {"uv": [6, 2, 11, 7], "texture": "#0"}
			}
		},
		{
			"name": "hexadecagon",
			"from": [14.25, 3.25, 7.70163],
			"to": [14.75, 6.25, 8.29837],
			"rotation": {"angle": 0, "axis": "x", "origin": [14.25, 4.75, 8]},
			"faces": {
				"north": {"uv": [6, 2, 11, 7], "texture": "#0"},
				"east": {"uv": [6, 2, 11, 7], "texture": "#0"},
				"south": {"uv": [6, 2, 11, 7], "texture": "#0"},
				"west": {"uv": [6, 2, 11, 7], "texture": "#0"},
				"up": {"uv": [6, 2, 11, 7], "texture": "#0"},
				"down": {"uv": [6, 2, 11, 7], "texture": "#0"}
			}
		},
		{
			"name": "hexadecagon",
			"from": [14.25, 3.25, 7.70163],
			"to": [14.75, 6.25, 8.29837],
			"rotation": {"angle": 22.5, "axis": "x", "origin": [14.25, 4.75, 8]},
			"faces": {
				"north": {"uv": [6, 2, 11, 7], "texture": "#0"},
				"east": {"uv": [6, 2, 11, 7], "texture": "#0"},
				"south": {"uv": [6, 2, 11, 7], "texture": "#0"},
				"west": {"uv": [6, 2, 11, 7], "texture": "#0"},
				"up": {"uv": [6, 2, 11, 7], "texture": "#0"},
				"down": {"uv": [6, 2, 11, 7], "texture": "#0"}
			}
		},
		{
			"name": "hexadecagon",
			"from": [14.25, 3.25, 7.70163],
			"to": [14.75, 6.25, 8.29837],
			"rotation": {"angle": 22.5, "axis": "x", "origin": [14.25, 4.75, 8]},
			"faces": {
				"north": {"uv": [6, 2, 11, 7], "texture": "#0"},
				"east": {"uv": [6, 2, 11, 7], "texture": "#0"},
				"south": {"uv": [6, 2, 11, 7], "texture": "#0"},
				"west": {"uv": [6, 2, 11, 7], "texture": "#0"},
				"up": {"uv": [6, 2, 11, 7], "texture": "#0"},
				"down": {"uv": [6, 2, 11, 7], "texture": "#0"}
			}
		},
		{
			"name": "hexadecagon",
			"from": [14.25, 3.25, 7.70163],
			"to": [14.75, 6.25, 8.29837],
			"rotation": {"angle": 0, "axis": "x", "origin": [14.25, 4.75, 8]},
			"faces": {
				"north": {"uv": [6, 2, 11, 7], "texture": "#0"},
				"east": {"uv": [6, 2, 11, 7], "texture": "#0"},
				"south": {"uv": [6, 2, 11, 7], "texture": "#0"},
				"west": {"uv": [6, 2, 11, 7], "texture": "#0"},
				"up": {"uv": [6, 2, 11, 7], "texture": "#0"},
				"down": {"uv": [6, 2, 11, 7], "texture": "#0"}
			}
		},
		{
			"name": "hexadecagon",
			"from": [14.25, 3.25, 7.70163],
			"to": [14.75, 6.25, 8.29837],
			"rotation": {"angle": -22.5, "axis": "x", "origin": [14.25, 4.75, 8]},
			"faces": {
				"north": {"uv": [6, 2, 11, 7], "texture": "#0"},
				"east": {"uv": [6, 2, 11, 7], "texture": "#0"},
				"south": {"uv": [6, 2, 11, 7], "texture": "#0"},
				"west": {"uv": [6, 2, 11, 7], "texture": "#0"},
				"up": {"uv": [6, 2, 11, 7], "texture": "#0"},
				"down": {"uv": [6, 2, 11, 7], "texture": "#0"}
			}
		},
		{
			"name": "hexadecagon",
			"from": [14.25, 4.45163, 6.5],
			"to": [14.75, 5.04837, 9.5],
			"rotation": {"angle": 45, "axis": "x", "origin": [14.25, 4.75, 8]},
			"faces": {
				"north": {"uv": [6, 2, 11, 7], "texture": "#0"},
				"east": {"uv": [6, 2, 11, 7], "texture": "#0"},
				"south": {"uv": [6, 2, 11, 7], "texture": "#0"},
				"west": {"uv": [6, 2, 11, 7], "texture": "#0"},
				"up": {"uv": [6, 2, 11, 7], "texture": "#0"},
				"down": {"uv": [6, 2, 11, 7], "texture": "#0"}
			}
		},
		{
			"name": "hexadecagon",
			"from": [14.25, 4.45163, 6.5],
			"to": [14.75, 5.04837, 9.5],
			"rotation": {"angle": 22.5, "axis": "x", "origin": [14.25, 4.75, 8]},
			"faces": {
				"north": {"uv": [6, 2, 11, 7], "texture": "#0"},
				"east": {"uv": [6, 2, 11, 7], "texture": "#0"},
				"south": {"uv": [6, 2, 11, 7], "texture": "#0"},
				"west": {"uv": [6, 2, 11, 7], "texture": "#0"},
				"up": {"uv": [6, 2, 11, 7], "texture": "#0"},
				"down": {"uv": [6, 2, 11, 7], "texture": "#0"}
			}
		},
		{
			"name": "hexadecagon",
			"from": [14.25, 4.45163, 6.5],
			"to": [14.75, 5.04837, 9.5],
			"rotation": {"angle": 0, "axis": "x", "origin": [14.25, 4.75, 8]},
			"faces": {
				"north": {"uv": [6, 2, 11, 7], "texture": "#0"},
				"east": {"uv": [6, 2, 11, 7], "texture": "#0"},
				"south": {"uv": [6, 2, 11, 7], "texture": "#0"},
				"west": {"uv": [6, 2, 11, 7], "texture": "#0"},
				"up": {"uv": [6, 2, 11, 7], "texture": "#0"},
				"down": {"uv": [6, 2, 11, 7], "texture": "#0"}
			}
		},
		{
			"name": "hexadecagon",
			"from": [14.25, 4.45163, 6.5],
			"to": [14.75, 5.04837, 9.5],
			"rotation": {"angle": -22.5, "axis": "x", "origin": [14.25, 4.75, 8]},
			"faces": {
				"north": {"uv": [6, 2, 11, 7], "texture": "#0"},
				"east": {"uv": [6, 2, 11, 7], "texture": "#0"},
				"south": {"uv": [6, 2, 11, 7], "texture": "#0"},
				"west": {"uv": [6, 2, 11, 7], "texture": "#0"},
				"up": {"uv": [6, 2, 11, 7], "texture": "#0"},
				"down": {"uv": [6, 2, 11, 7], "texture": "#0"}
			}
		},
		{
			"name": "hexadecagon",
			"from": [14.25, 4.45163, 6.5],
			"to": [14.75, 5.04837, 9.5],
			"rotation": {"angle": -45, "axis": "x", "origin": [14.25, 4.75, 8]},
			"faces": {
				"north": {"uv": [6, 2, 11, 7], "texture": "#0"},
				"east": {"uv": [6, 2, 11, 7], "texture": "#0"},
				"south": {"uv": [6, 2, 11, 7], "texture": "#0"},
				"west": {"uv": [6, 2, 11, 7], "texture": "#0"},
				"up": {"uv": [6, 2, 11, 7], "texture": "#0"},
				"down": {"uv": [6, 2, 11, 7], "texture": "#0"}
			}
		},
		{
			"name": "hexadecagon",
			"from": [1, 4.45163, 6.5],
			"to": [1.5, 5.04837, 9.5],
			"rotation": {"angle": -45, "axis": "x", "origin": [1, 4.75, 8]},
			"faces": {
				"north": {"uv": [6, 2, 11, 7], "texture": "#0"},
				"east": {"uv": [6, 2, 11, 7], "texture": "#0"},
				"south": {"uv": [6, 2, 11, 7], "texture": "#0"},
				"west": {"uv": [6, 2, 11, 7], "texture": "#0"},
				"up": {"uv": [6, 2, 11, 7], "texture": "#0"},
				"down": {"uv": [6, 2, 11, 7], "texture": "#0"}
			}
		},
		{
			"name": "hexadecagon",
			"from": [1, 4.45163, 6.5],
			"to": [1.5, 5.04837, 9.5],
			"rotation": {"angle": -22.5, "axis": "x", "origin": [1, 4.75, 8]},
			"faces": {
				"north": {"uv": [6, 2, 11, 7], "texture": "#0"},
				"east": {"uv": [6, 2, 11, 7], "texture": "#0"},
				"south": {"uv": [6, 2, 11, 7], "texture": "#0"},
				"west": {"uv": [6, 2, 11, 7], "texture": "#0"},
				"up": {"uv": [6, 2, 11, 7], "texture": "#0"},
				"down": {"uv": [6, 2, 11, 7], "texture": "#0"}
			}
		},
		{
			"name": "hexadecagon",
			"from": [1, 4.45163, 6.5],
			"to": [1.5, 5.04837, 9.5],
			"rotation": {"angle": 0, "axis": "x", "origin": [1, 4.75, 8]},
			"faces": {
				"north": {"uv": [6, 2, 11, 7], "texture": "#0"},
				"east": {"uv": [6, 2, 11, 7], "texture": "#0"},
				"south": {"uv": [6, 2, 11, 7], "texture": "#0"},
				"west": {"uv": [6, 2, 11, 7], "texture": "#0"},
				"up": {"uv": [6, 2, 11, 7], "texture": "#0"},
				"down": {"uv": [6, 2, 11, 7], "texture": "#0"}
			}
		},
		{
			"name": "hexadecagon",
			"from": [1, 4.45163, 6.5],
			"to": [1.5, 5.04837, 9.5],
			"rotation": {"angle": 22.5, "axis": "x", "origin": [1, 4.75, 8]},
			"faces": {
				"north": {"uv": [6, 2, 11, 7], "texture": "#0"},
				"east": {"uv": [6, 2, 11, 7], "texture": "#0"},
				"south": {"uv": [6, 2, 11, 7], "texture": "#0"},
				"west": {"uv": [6, 2, 11, 7], "texture": "#0"},
				"up": {"uv": [6, 2, 11, 7], "texture": "#0"},
				"down": {"uv": [6, 2, 11, 7], "texture": "#0"}
			}
		},
		{
			"name": "hexadecagon",
			"from": [1, 4.45163, 6.5],
			"to": [1.5, 5.04837, 9.5],
			"rotation": {"angle": 45, "axis": "x", "origin": [1, 4.75, 8]},
			"faces": {
				"north": {"uv": [6, 2, 11, 7], "texture": "#0"},
				"east": {"uv": [6, 2, 11, 7], "texture": "#0"},
				"south": {"uv": [6, 2, 11, 7], "texture": "#0"},
				"west": {"uv": [6, 2, 11, 7], "texture": "#0"},
				"up": {"uv": [6, 2, 11, 7], "texture": "#0"},
				"down": {"uv": [6, 2, 11, 7], "texture": "#0"}
			}
		},
		{
			"name": "hexadecagon",
			"from": [1, 3.25, 7.70163],
			"to": [1.5, 6.25, 8.29837],
			"rotation": {"angle": 0, "axis": "x", "origin": [1, 4.75, 8]},
			"faces": {
				"north": {"uv": [6, 2, 11, 7], "texture": "#0"},
				"east": {"uv": [6, 2, 11, 7], "texture": "#0"},
				"south": {"uv": [6, 2, 11, 7], "texture": "#0"},
				"west": {"uv": [6, 2, 11, 7], "texture": "#0"},
				"up": {"uv": [6, 2, 11, 7], "texture": "#0"},
				"down": {"uv": [6, 2, 11, 7], "texture": "#0"}
			}
		},
		{
			"name": "hexadecagon",
			"from": [1, 3.25, 7.70163],
			"to": [1.5, 6.25, 8.29837],
			"rotation": {"angle": 22.5, "axis": "x", "origin": [1, 4.75, 8]},
			"faces": {
				"north": {"uv": [6, 2, 11, 7], "texture": "#0"},
				"east": {"uv": [6, 2, 11, 7], "texture": "#0"},
				"south": {"uv": [6, 2, 11, 7], "texture": "#0"},
				"west": {"uv": [6, 2, 11, 7], "texture": "#0"},
				"up": {"uv": [6, 2, 11, 7], "texture": "#0"},
				"down": {"uv": [6, 2, 11, 7], "texture": "#0"}
			}
		},
		{
			"name": "hexadecagon",
			"from": [1, 3.25, 7.70163],
			"to": [1.5, 6.25, 8.29837],
			"rotation": {"angle": 22.5, "axis": "x", "origin": [1, 4.75, 8]},
			"faces": {
				"north": {"uv": [6, 2, 11, 7], "texture": "#0"},
				"east": {"uv": [6, 2, 11, 7], "texture": "#0"},
				"south": {"uv": [6, 2, 11, 7], "texture": "#0"},
				"west": {"uv": [6, 2, 11, 7], "texture": "#0"},
				"up": {"uv": [6, 2, 11, 7], "texture": "#0"},
				"down": {"uv": [6, 2, 11, 7], "texture": "#0"}
			}
		},
		{
			"name": "hexadecagon",
			"from": [1, 3.25, 7.70163],
			"to": [1.5, 6.25, 8.29837],
			"rotation": {"angle": 0, "axis": "x", "origin": [1, 4.75, 8]},
			"faces": {
				"north": {"uv": [6, 2, 11, 7], "texture": "#0"},
				"east": {"uv": [6, 2, 11, 7], "texture": "#0"},
				"south": {"uv": [6, 2, 11, 7], "texture": "#0"},
				"west": {"uv": [6, 2, 11, 7], "texture": "#0"},
				"up": {"uv": [6, 2, 11, 7], "texture": "#0"},
				"down": {"uv": [6, 2, 11, 7], "texture": "#0"}
			}
		},
		{
			"name": "hexadecagon",
			"from": [1, 3.25, 7.70163],
			"to": [1.5, 6.25, 8.29837],
			"rotation": {"angle": -22.5, "axis": "x", "origin": [1, 4.75, 8]},
			"faces": {
				"north": {"uv": [6, 2, 11, 7], "texture": "#0"},
				"east": {"uv": [6, 2, 11, 7], "texture": "#0"},
				"south": {"uv": [6, 2, 11, 7], "texture": "#0"},
				"west": {"uv": [6, 2, 11, 7], "texture": "#0"},
				"up": {"uv": [6, 2, 11, 7], "texture": "#0"},
				"down": {"uv": [6, 2, 11, 7], "texture": "#0"}
			}
		},
		{
			"name": "hexadecagon",
			"from": [1, 4.45163, 6.5],
			"to": [1.5, 5.04837, 9.5],
			"rotation": {"angle": 45, "axis": "x", "origin": [1, 4.75, 8]},
			"faces": {
				"north": {"uv": [6, 2, 11, 7], "texture": "#0"},
				"east": {"uv": [6, 2, 11, 7], "texture": "#0"},
				"south": {"uv": [6, 2, 11, 7], "texture": "#0"},
				"west": {"uv": [6, 2, 11, 7], "texture": "#0"},
				"up": {"uv": [6, 2, 11, 7], "texture": "#0"},
				"down": {"uv": [6, 2, 11, 7], "texture": "#0"}
			}
		},
		{
			"name": "hexadecagon",
			"from": [1, 4.45163, 6.5],
			"to": [1.5, 5.04837, 9.5],
			"rotation": {"angle": 22.5, "axis": "x", "origin": [1, 4.75, 8]},
			"faces": {
				"north": {"uv": [6, 2, 11, 7], "texture": "#0"},
				"east": {"uv": [6, 2, 11, 7], "texture": "#0"},
				"south": {"uv": [6, 2, 11, 7], "texture": "#0"},
				"west": {"uv": [6, 2, 11, 7], "texture": "#0"},
				"up": {"uv": [6, 2, 11, 7], "texture": "#0"},
				"down": {"uv": [6, 2, 11, 7], "texture": "#0"}
			}
		},
		{
			"name": "hexadecagon",
			"from": [1, 3.25, 7.70163],
			"to": [1.5, 6.25, 8.29837],
			"rotation": {"angle": -22.5, "axis": "x", "origin": [1, 4.75, 8]},
			"faces": {
				"north": {"uv": [6, 2, 11, 7], "texture": "#0"},
				"east": {"uv": [6, 2, 11, 7], "texture": "#0"},
				"south": {"uv": [6, 2, 11, 7], "texture": "#0"},
				"west": {"uv": [6, 2, 11, 7], "texture": "#0"},
				"up": {"uv": [6, 2, 11, 7], "texture": "#0"},
				"down": {"uv": [6, 2, 11, 7], "texture": "#0"}
			}
		},
		{
			"name": "hexadecagon",
			"from": [1, 4.45163, 6.5],
			"to": [1.5, 5.04837, 9.5],
			"rotation": {"angle": 0, "axis": "x", "origin": [1, 4.75, 8]},
			"faces": {
				"north": {"uv": [6, 2, 11, 7], "texture": "#0"},
				"east": {"uv": [6, 2, 11, 7], "texture": "#0"},
				"south": {"uv": [6, 2, 11, 7], "texture": "#0"},
				"west": {"uv": [6, 2, 11, 7], "texture": "#0"},
				"up": {"uv": [6, 2, 11, 7], "texture": "#0"},
				"down": {"uv": [6, 2, 11, 7], "texture": "#0"}
			}
		},
		{
			"name": "hexadecagon",
			"from": [1, 4.45163, 6.5],
			"to": [1.5, 5.04837, 9.5],
			"rotation": {"angle": -22.5, "axis": "x", "origin": [1, 4.75, 8]},
			"faces": {
				"north": {"uv": [6, 2, 11, 7], "texture": "#0"},
				"east": {"uv": [6, 2, 11, 7], "texture": "#0"},
				"south": {"uv": [6, 2, 11, 7], "texture": "#0"},
				"west": {"uv": [6, 2, 11, 7], "texture": "#0"},
				"up": {"uv": [6, 2, 11, 7], "texture": "#0"},
				"down": {"uv": [6, 2, 11, 7], "texture": "#0"}
			}
		},
		{
			"name": "hexadecagon",
			"from": [1, 4.45163, 6.5],
			"to": [1.5, 5.04837, 9.5],
			"rotation": {"angle": -45, "axis": "x", "origin": [1, 4.75, 8]},
			"faces": {
				"north": {"uv": [6, 2, 11, 7], "texture": "#0"},
				"east": {"uv": [6, 2, 11, 7], "texture": "#0"},
				"south": {"uv": [6, 2, 11, 7], "texture": "#0"},
				"west": {"uv": [6, 2, 11, 7], "texture": "#0"},
				"up": {"uv": [6, 2, 11, 7], "texture": "#0"},
				"down": {"uv": [6, 2, 11, 7], "texture": "#0"}
			}
		},
		{
			"name": "hexadecagon",
			"from": [1, 4.45163, 6.5],
			"to": [1.5, 5.04837, 9.5],
			"rotation": {"angle": -45, "axis": "x", "origin": [1, 4.75, 8]},
			"faces": {
				"north": {"uv": [6, 2, 11, 7], "texture": "#0"},
				"east": {"uv": [6, 2, 11, 7], "texture": "#0"},
				"south": {"uv": [6, 2, 11, 7], "texture": "#0"},
				"west": {"uv": [6, 2, 11, 7], "texture": "#0"},
				"up": {"uv": [6, 2, 11, 7], "texture": "#0"},
				"down": {"uv": [6, 2, 11, 7], "texture": "#0"}
			}
		},
		{
			"name": "hexadecagon",
			"from": [1, 4.45163, 6.5],
			"to": [1.5, 5.04837, 9.5],
			"rotation": {"angle": -22.5, "axis": "x", "origin": [1, 4.75, 8]},
			"faces": {
				"north": {"uv": [6, 2, 11, 7], "texture": "#0"},
				"east": {"uv": [6, 2, 11, 7], "texture": "#0"},
				"south": {"uv": [6, 2, 11, 7], "texture": "#0"},
				"west": {"uv": [6, 2, 11, 7], "texture": "#0"},
				"up": {"uv": [6, 2, 11, 7], "texture": "#0"},
				"down": {"uv": [6, 2, 11, 7], "texture": "#0"}
			}
		},
		{
			"name": "hexadecagon",
			"from": [1, 4.45163, 6.5],
			"to": [1.5, 5.04837, 9.5],
			"rotation": {"angle": 0, "axis": "x", "origin": [1, 4.75, 8]},
			"faces": {
				"north": {"uv": [6, 2, 11, 7], "texture": "#0"},
				"east": {"uv": [6, 2, 11, 7], "texture": "#0"},
				"south": {"uv": [6, 2, 11, 7], "texture": "#0"},
				"west": {"uv": [6, 2, 11, 7], "texture": "#0"},
				"up": {"uv": [6, 2, 11, 7], "texture": "#0"},
				"down": {"uv": [6, 2, 11, 7], "texture": "#0"}
			}
		},
		{
			"name": "hexadecagon",
			"from": [1, 4.45163, 6.5],
			"to": [1.5, 5.04837, 9.5],
			"rotation": {"angle": 22.5, "axis": "x", "origin": [1, 4.75, 8]},
			"faces": {
				"north": {"uv": [6, 2, 11, 7], "texture": "#0"},
				"east": {"uv": [6, 2, 11, 7], "texture": "#0"},
				"south": {"uv": [6, 2, 11, 7], "texture": "#0"},
				"west": {"uv": [6, 2, 11, 7], "texture": "#0"},
				"up": {"uv": [6, 2, 11, 7], "texture": "#0"},
				"down": {"uv": [6, 2, 11, 7], "texture": "#0"}
			}
		},
		{
			"name": "hexadecagon",
			"from": [1, 4.45163, 6.5],
			"to": [1.5, 5.04837, 9.5],
			"rotation": {"angle": 45, "axis": "x", "origin": [1, 4.75, 8]},
			"faces": {
				"north": {"uv": [6, 2, 11, 7], "texture": "#0"},
				"east": {"uv": [6, 2, 11, 7], "texture": "#0"},
				"south": {"uv": [6, 2, 11, 7], "texture": "#0"},
				"west": {"uv": [6, 2, 11, 7], "texture": "#0"},
				"up": {"uv": [6, 2, 11, 7], "texture": "#0"},
				"down": {"uv": [6, 2, 11, 7], "texture": "#0"}
			}
		},
		{
			"name": "hexadecagon",
			"from": [1, 3.25, 7.70163],
			"to": [1.5, 6.25, 8.29837],
			"rotation": {"angle": -22.5, "axis": "x", "origin": [1, 4.75, 8]},
			"faces": {
				"north": {"uv": [6, 2, 11, 7], "texture": "#0"},
				"east": {"uv": [6, 2, 11, 7], "texture": "#0"},
				"south": {"uv": [6, 2, 11, 7], "texture": "#0"},
				"west": {"uv": [6, 2, 11, 7], "texture": "#0"},
				"up": {"uv": [6, 2, 11, 7], "texture": "#0"},
				"down": {"uv": [6, 2, 11, 7], "texture": "#0"}
			}
		},
		{
			"name": "hexadecagon",
			"from": [1, 3.25, 7.70163],
			"to": [1.5, 6.25, 8.29837],
			"rotation": {"angle": 0, "axis": "x", "origin": [1, 4.75, 8]},
			"faces": {
				"north": {"uv": [6, 2, 11, 7], "texture": "#0"},
				"east": {"uv": [6, 2, 11, 7], "texture": "#0"},
				"south": {"uv": [6, 2, 11, 7], "texture": "#0"},
				"west": {"uv": [6, 2, 11, 7], "texture": "#0"},
				"up": {"uv": [6, 2, 11, 7], "texture": "#0"},
				"down": {"uv": [6, 2, 11, 7], "texture": "#0"}
			}
		},
		{
			"name": "hexadecagon",
			"from": [1, 3.25, 7.70163],
			"to": [1.5, 6.25, 8.29837],
			"rotation": {"angle": 22.5, "axis": "x", "origin": [1, 4.75, 8]},
			"faces": {
				"north": {"uv": [6, 2, 11, 7], "texture": "#0"},
				"east": {"uv": [6, 2, 11, 7], "texture": "#0"},
				"south": {"uv": [6, 2, 11, 7], "texture": "#0"},
				"west": {"uv": [6, 2, 11, 7], "texture": "#0"},
				"up": {"uv": [6, 2, 11, 7], "texture": "#0"},
				"down": {"uv": [6, 2, 11, 7], "texture": "#0"}
			}
		},
		{
			"name": "hexadecagon",
			"from": [1, 3.25, 7.70163],
			"to": [1.5, 6.25, 8.29837],
			"rotation": {"angle": 22.5, "axis": "x", "origin": [1, 4.75, 8]},
			"faces": {
				"north": {"uv": [6, 2, 11, 7], "texture": "#0"},
				"east": {"uv": [6, 2, 11, 7], "texture": "#0"},
				"south": {"uv": [6, 2, 11, 7], "texture": "#0"},
				"west": {"uv": [6, 2, 11, 7], "texture": "#0"},
				"up": {"uv": [6, 2, 11, 7], "texture": "#0"},
				"down": {"uv": [6, 2, 11, 7], "texture": "#0"}
			}
		},
		{
			"name": "hexadecagon",
			"from": [1, 3.25, 7.70163],
			"to": [1.5, 6.25, 8.29837],
			"rotation": {"angle": 0, "axis": "x", "origin": [1, 4.75, 8]},
			"faces": {
				"north": {"uv": [6, 2, 11, 7], "texture": "#0"},
				"east": {"uv": [6, 2, 11, 7], "texture": "#0"},
				"south": {"uv": [6, 2, 11, 7], "texture": "#0"},
				"west": {"uv": [6, 2, 11, 7], "texture": "#0"},
				"up": {"uv": [6, 2, 11, 7], "texture": "#0"},
				"down": {"uv": [6, 2, 11, 7], "texture": "#0"}
			}
		},
		{
			"name": "hexadecagon",
			"from": [1, 3.25, 7.70163],
			"to": [1.5, 6.25, 8.29837],
			"rotation": {"angle": -22.5, "axis": "x", "origin": [1, 4.75, 8]},
			"faces": {
				"north": {"uv": [6, 2, 11, 7], "texture": "#0"},
				"east": {"uv": [6, 2, 11, 7], "texture": "#0"},
				"south": {"uv": [6, 2, 11, 7], "texture": "#0"},
				"west": {"uv": [6, 2, 11, 7], "texture": "#0"},
				"up": {"uv": [6, 2, 11, 7], "texture": "#0"},
				"down": {"uv": [6, 2, 11, 7], "texture": "#0"}
			}
		},
		{
			"name": "hexadecagon",
			"from": [1, 4.45163, 6.5],
			"to": [1.5, 5.04837, 9.5],
			"rotation": {"angle": 45, "axis": "x", "origin": [1, 4.75, 8]},
			"faces": {
				"north": {"uv": [6, 2, 11, 7], "texture": "#0"},
				"east": {"uv": [6, 2, 11, 7], "texture": "#0"},
				"south": {"uv": [6, 2, 11, 7], "texture": "#0"},
				"west": {"uv": [6, 2, 11, 7], "texture": "#0"},
				"up": {"uv": [6, 2, 11, 7], "texture": "#0"},
				"down": {"uv": [6, 2, 11, 7], "texture": "#0"}
			}
		},
		{
			"name": "hexadecagon",
			"from": [1, 4.45163, 6.5],
			"to": [1.5, 5.04837, 9.5],
			"rotation": {"angle": 22.5, "axis": "x", "origin": [1, 4.75, 8]},
			"faces": {
				"north": {"uv": [6, 2, 11, 7], "texture": "#0"},
				"east": {"uv": [6, 2, 11, 7], "texture": "#0"},
				"south": {"uv": [6, 2, 11, 7], "texture": "#0"},
				"west": {"uv": [6, 2, 11, 7], "texture": "#0"},
				"up": {"uv": [6, 2, 11, 7], "texture": "#0"},
				"down": {"uv": [6, 2, 11, 7], "texture": "#0"}
			}
		},
		{
			"name": "hexadecagon",
			"from": [1, 4.45163, 6.5],
			"to": [1.5, 5.04837, 9.5],
			"rotation": {"angle": 0, "axis": "x", "origin": [1, 4.75, 8]},
			"faces": {
				"north": {"uv": [6, 2, 11, 7], "texture": "#0"},
				"east": {"uv": [6, 2, 11, 7], "texture": "#0"},
				"south": {"uv": [6, 2, 11, 7], "texture": "#0"},
				"west": {"uv": [6, 2, 11, 7], "texture": "#0"},
				"up": {"uv": [6, 2, 11, 7], "texture": "#0"},
				"down": {"uv": [6, 2, 11, 7], "texture": "#0"}
			}
		},
		{
			"name": "hexadecagon",
			"from": [1, 4.45163, 6.5],
			"to": [1.5, 5.04837, 9.5],
			"rotation": {"angle": -22.5, "axis": "x", "origin": [1, 4.75, 8]},
			"faces": {
				"north": {"uv": [6, 2, 11, 7], "texture": "#0"},
				"east": {"uv": [6, 2, 11, 7], "texture": "#0"},
				"south": {"uv": [6, 2, 11, 7], "texture": "#0"},
				"west": {"uv": [6, 2, 11, 7], "texture": "#0"},
				"up": {"uv": [6, 2, 11, 7], "texture": "#0"},
				"down": {"uv": [6, 2, 11, 7], "texture": "#0"}
			}
		},
		{
			"name": "hexadecagon",
			"from": [1, 4.45163, 6.5],
			"to": [1.5, 5.04837, 9.5],
			"rotation": {"angle": -45, "axis": "x", "origin": [1, 4.75, 8]},
			"faces": {
				"north": {"uv": [6, 2, 11, 7], "texture": "#0"},
				"east": {"uv": [6, 2, 11, 7], "texture": "#0"},
				"south": {"uv": [6, 2, 11, 7], "texture": "#0"},
				"west": {"uv": [6, 2, 11, 7], "texture": "#0"},
				"up": {"uv": [6, 2, 11, 7], "texture": "#0"},
				"down": {"uv": [6, 2, 11, 7], "texture": "#0"}
			}
		},
		{
			"name": "hexadecagon",
			"from": [14, 4.47152, 6.6],
			"to": [14.25, 5.02848, 9.4],
			"rotation": {"angle": -45, "axis": "x", "origin": [13.75, 4.75, 8]},
			"faces": {
				"north": {"uv": [0, 0, 1, 1], "texture": "#1"},
				"east": {"uv": [0, 0, 1, 1], "texture": "#1"},
				"south": {"uv": [0, 0, 1, 1], "texture": "#1"},
				"west": {"uv": [0, 0, 1, 1], "texture": "#1"},
				"up": {"uv": [0, 0, 1, 1], "texture": "#1"},
				"down": {"uv": [0, 0, 1, 1], "texture": "#1"}
			}
		},
		{
			"name": "hexadecagon",
			"from": [14, 4.47152, 6.6],
			"to": [14.25, 5.02848, 9.4],
			"rotation": {"angle": -22.5, "axis": "x", "origin": [13.75, 4.75, 8]},
			"faces": {
				"north": {"uv": [0, 0, 1, 1], "texture": "#1"},
				"east": {"uv": [0, 0, 1, 1], "texture": "#1"},
				"south": {"uv": [0, 0, 1, 1], "texture": "#1"},
				"west": {"uv": [0, 0, 1, 1], "texture": "#1"},
				"up": {"uv": [0, 0, 1, 1], "texture": "#1"},
				"down": {"uv": [0, 0, 1, 1], "texture": "#1"}
			}
		},
		{
			"name": "hexadecagon",
			"from": [14, 4.47152, 6.6],
			"to": [14.25, 5.02848, 9.4],
			"rotation": {"angle": 0, "axis": "x", "origin": [13.75, 4.75, 8]},
			"faces": {
				"north": {"uv": [0, 0, 1, 1], "texture": "#1"},
				"east": {"uv": [0, 0, 1, 1], "texture": "#1"},
				"south": {"uv": [0, 0, 1, 1], "texture": "#1"},
				"west": {"uv": [0, 0, 1, 1], "texture": "#1"},
				"up": {"uv": [0, 0, 1, 1], "texture": "#1"},
				"down": {"uv": [0, 0, 1, 1], "texture": "#1"}
			}
		},
		{
			"name": "hexadecagon",
			"from": [14, 4.47152, 6.6],
			"to": [14.25, 5.02848, 9.4],
			"rotation": {"angle": 22.5, "axis": "x", "origin": [13.75, 4.75, 8]},
			"faces": {
				"north": {"uv": [0, 0, 1, 1], "texture": "#1"},
				"east": {"uv": [0, 0, 1, 1], "texture": "#1"},
				"south": {"uv": [0, 0, 1, 1], "texture": "#1"},
				"west": {"uv": [0, 0, 1, 1], "texture": "#1"},
				"up": {"uv": [0, 0, 1, 1], "texture": "#1"},
				"down": {"uv": [0, 0, 1, 1], "texture": "#1"}
			}
		},
		{
			"name": "hexadecagon",
			"from": [14, 4.47152, 6.6],
			"to": [14.25, 5.02848, 9.4],
			"rotation": {"angle": 45, "axis": "x", "origin": [13.75, 4.75, 8]},
			"faces": {
				"north": {"uv": [0, 0, 1, 1], "texture": "#1"},
				"east": {"uv": [0, 0, 1, 1], "texture": "#1"},
				"south": {"uv": [0, 0, 1, 1], "texture": "#1"},
				"west": {"uv": [0, 0, 1, 1], "texture": "#1"},
				"up": {"uv": [0, 0, 1, 1], "texture": "#1"},
				"down": {"uv": [0, 0, 1, 1], "texture": "#1"}
			}
		},
		{
			"name": "hexadecagon",
			"from": [14, 3.35, 7.72152],
			"to": [14.25, 6.15, 8.27848],
			"rotation": {"angle": -22.5, "axis": "x", "origin": [13.75, 4.75, 8]},
			"faces": {
				"north": {"uv": [0, 0, 1, 1], "texture": "#1"},
				"east": {"uv": [0, 0, 1, 1], "texture": "#1"},
				"south": {"uv": [0, 0, 1, 1], "texture": "#1"},
				"west": {"uv": [0, 0, 1, 1], "texture": "#1"},
				"up": {"uv": [0, 0, 1, 1], "texture": "#1"},
				"down": {"uv": [0, 0, 1, 1], "texture": "#1"}
			}
		},
		{
			"name": "hexadecagon",
			"from": [14, 3.35, 7.72152],
			"to": [14.25, 6.15, 8.27848],
			"rotation": {"angle": 0, "axis": "x", "origin": [13.75, 4.75, 8]},
			"faces": {
				"north": {"uv": [0, 0, 1, 1], "texture": "#1"},
				"east": {"uv": [0, 0, 1, 1], "texture": "#1"},
				"south": {"uv": [0, 0, 1, 1], "texture": "#1"},
				"west": {"uv": [0, 0, 1, 1], "texture": "#1"},
				"up": {"uv": [0, 0, 1, 1], "texture": "#1"},
				"down": {"uv": [0, 0, 1, 1], "texture": "#1"}
			}
		},
		{
			"name": "hexadecagon",
			"from": [14, 3.35, 7.72152],
			"to": [14.25, 6.15, 8.27848],
			"rotation": {"angle": 22.5, "axis": "x", "origin": [13.75, 4.75, 8]},
			"faces": {
				"north": {"uv": [0, 0, 1, 1], "texture": "#1"},
				"east": {"uv": [0, 0, 1, 1], "texture": "#1"},
				"south": {"uv": [0, 0, 1, 1], "texture": "#1"},
				"west": {"uv": [0, 0, 1, 1], "texture": "#1"},
				"up": {"uv": [0, 0, 1, 1], "texture": "#1"},
				"down": {"uv": [0, 0, 1, 1], "texture": "#1"}
			}
		},
		{
			"name": "hexadecagon",
			"from": [14, 4.47152, 6.6],
			"to": [14.25, 5.02848, 9.4],
			"rotation": {"angle": -45, "axis": "x", "origin": [13.75, 4.75, 8]},
			"faces": {
				"north": {"uv": [0, 0, 1, 1], "texture": "#1"},
				"east": {"uv": [0, 0, 1, 1], "texture": "#1"},
				"south": {"uv": [0, 0, 1, 1], "texture": "#1"},
				"west": {"uv": [0, 0, 1, 1], "texture": "#1"},
				"up": {"uv": [0, 0, 1, 1], "texture": "#1"},
				"down": {"uv": [0, 0, 1, 1], "texture": "#1"}
			}
		},
		{
			"name": "hexadecagon",
			"from": [14, 4.47152, 6.6],
			"to": [14.25, 5.02848, 9.4],
			"rotation": {"angle": -22.5, "axis": "x", "origin": [13.75, 4.75, 8]},
			"faces": {
				"north": {"uv": [0, 0, 1, 1], "texture": "#1"},
				"east": {"uv": [0, 0, 1, 1], "texture": "#1"},
				"south": {"uv": [0, 0, 1, 1], "texture": "#1"},
				"west": {"uv": [0, 0, 1, 1], "texture": "#1"},
				"up": {"uv": [0, 0, 1, 1], "texture": "#1"},
				"down": {"uv": [0, 0, 1, 1], "texture": "#1"}
			}
		},
		{
			"name": "hexadecagon",
			"from": [14, 4.47152, 6.6],
			"to": [14.25, 5.02848, 9.4],
			"rotation": {"angle": 0, "axis": "x", "origin": [13.75, 4.75, 8]},
			"faces": {
				"north": {"uv": [0, 0, 1, 1], "texture": "#1"},
				"east": {"uv": [0, 0, 1, 1], "texture": "#1"},
				"south": {"uv": [0, 0, 1, 1], "texture": "#1"},
				"west": {"uv": [0, 0, 1, 1], "texture": "#1"},
				"up": {"uv": [0, 0, 1, 1], "texture": "#1"},
				"down": {"uv": [0, 0, 1, 1], "texture": "#1"}
			}
		},
		{
			"name": "hexadecagon",
			"from": [14, 4.47152, 6.6],
			"to": [14.25, 5.02848, 9.4],
			"rotation": {"angle": 22.5, "axis": "x", "origin": [13.75, 4.75, 8]},
			"faces": {
				"north": {"uv": [0, 0, 1, 1], "texture": "#1"},
				"east": {"uv": [0, 0, 1, 1], "texture": "#1"},
				"south": {"uv": [0, 0, 1, 1], "texture": "#1"},
				"west": {"uv": [0, 0, 1, 1], "texture": "#1"},
				"up": {"uv": [0, 0, 1, 1], "texture": "#1"},
				"down": {"uv": [0, 0, 1, 1], "texture": "#1"}
			}
		},
		{
			"name": "hexadecagon",
			"from": [14, 4.47152, 6.6],
			"to": [14.25, 5.02848, 9.4],
			"rotation": {"angle": 45, "axis": "x", "origin": [13.75, 4.75, 8]},
			"faces": {
				"north": {"uv": [0, 0, 1, 1], "texture": "#1"},
				"east": {"uv": [0, 0, 1, 1], "texture": "#1"},
				"south": {"uv": [0, 0, 1, 1], "texture": "#1"},
				"west": {"uv": [0, 0, 1, 1], "texture": "#1"},
				"up": {"uv": [0, 0, 1, 1], "texture": "#1"},
				"down": {"uv": [0, 0, 1, 1], "texture": "#1"}
			}
		},
		{
			"name": "hexadecagon",
			"from": [14, 3.35, 7.72152],
			"to": [14.25, 6.15, 8.27848],
			"rotation": {"angle": -22.5, "axis": "x", "origin": [13.75, 4.75, 8]},
			"faces": {
				"north": {"uv": [0, 0, 1, 1], "texture": "#1"},
				"east": {"uv": [0, 0, 1, 1], "texture": "#1"},
				"south": {"uv": [0, 0, 1, 1], "texture": "#1"},
				"west": {"uv": [0, 0, 1, 1], "texture": "#1"},
				"up": {"uv": [0, 0, 1, 1], "texture": "#1"},
				"down": {"uv": [0, 0, 1, 1], "texture": "#1"}
			}
		},
		{
			"name": "hexadecagon",
			"from": [14, 3.35, 7.72152],
			"to": [14.25, 6.15, 8.27848],
			"rotation": {"angle": 0, "axis": "x", "origin": [13.75, 4.75, 8]},
			"faces": {
				"north": {"uv": [0, 0, 1, 1], "texture": "#1"},
				"east": {"uv": [0, 0, 1, 1], "texture": "#1"},
				"south": {"uv": [0, 0, 1, 1], "texture": "#1"},
				"west": {"uv": [0, 0, 1, 1], "texture": "#1"},
				"up": {"uv": [0, 0, 1, 1], "texture": "#1"},
				"down": {"uv": [0, 0, 1, 1], "texture": "#1"}
			}
		},
		{
			"name": "hexadecagon",
			"from": [14, 3.35, 7.72152],
			"to": [14.25, 6.15, 8.27848],
			"rotation": {"angle": 22.5, "axis": "x", "origin": [13.75, 4.75, 8]},
			"faces": {
				"north": {"uv": [0, 0, 1, 1], "texture": "#1"},
				"east": {"uv": [0, 0, 1, 1], "texture": "#1"},
				"south": {"uv": [0, 0, 1, 1], "texture": "#1"},
				"west": {"uv": [0, 0, 1, 1], "texture": "#1"},
				"up": {"uv": [0, 0, 1, 1], "texture": "#1"},
				"down": {"uv": [0, 0, 1, 1], "texture": "#1"}
			}
		},
		{
			"name": "hexadecagon",
			"from": [1.5, 4.47152, 6.6],
			"to": [1.75, 5.02848, 9.4],
			"rotation": {"angle": -45, "axis": "x", "origin": [1.25, 4.75, 8]},
			"faces": {
				"north": {"uv": [0, 0, 1, 1], "texture": "#1"},
				"east": {"uv": [0, 0, 1, 1], "texture": "#1"},
				"south": {"uv": [0, 0, 1, 1], "texture": "#1"},
				"west": {"uv": [0, 0, 1, 1], "texture": "#1"},
				"up": {"uv": [0, 0, 1, 1], "texture": "#1"},
				"down": {"uv": [0, 0, 1, 1], "texture": "#1"}
			}
		},
		{
			"name": "hexadecagon",
			"from": [1.5, 4.47152, 6.6],
			"to": [1.75, 5.02848, 9.4],
			"rotation": {"angle": -22.5, "axis": "x", "origin": [1.25, 4.75, 8]},
			"faces": {
				"north": {"uv": [0, 0, 1, 1], "texture": "#1"},
				"east": {"uv": [0, 0, 1, 1], "texture": "#1"},
				"south": {"uv": [0, 0, 1, 1], "texture": "#1"},
				"west": {"uv": [0, 0, 1, 1], "texture": "#1"},
				"up": {"uv": [0, 0, 1, 1], "texture": "#1"},
				"down": {"uv": [0, 0, 1, 1], "texture": "#1"}
			}
		},
		{
			"name": "hexadecagon",
			"from": [1.5, 4.47152, 6.6],
			"to": [1.75, 5.02848, 9.4],
			"rotation": {"angle": 0, "axis": "x", "origin": [1.25, 4.75, 8]},
			"faces": {
				"north": {"uv": [0, 0, 1, 1], "texture": "#1"},
				"east": {"uv": [0, 0, 1, 1], "texture": "#1"},
				"south": {"uv": [0, 0, 1, 1], "texture": "#1"},
				"west": {"uv": [0, 0, 1, 1], "texture": "#1"},
				"up": {"uv": [0, 0, 1, 1], "texture": "#1"},
				"down": {"uv": [0, 0, 1, 1], "texture": "#1"}
			}
		},
		{
			"name": "hexadecagon",
			"from": [1.5, 4.47152, 6.6],
			"to": [1.75, 5.02848, 9.4],
			"rotation": {"angle": 22.5, "axis": "x", "origin": [1.25, 4.75, 8]},
			"faces": {
				"north": {"uv": [0, 0, 1, 1], "texture": "#1"},
				"east": {"uv": [0, 0, 1, 1], "texture": "#1"},
				"south": {"uv": [0, 0, 1, 1], "texture": "#1"},
				"west": {"uv": [0, 0, 1, 1], "texture": "#1"},
				"up": {"uv": [0, 0, 1, 1], "texture": "#1"},
				"down": {"uv": [0, 0, 1, 1], "texture": "#1"}
			}
		},
		{
			"name": "hexadecagon",
			"from": [1.5, 4.47152, 6.6],
			"to": [1.75, 5.02848, 9.4],
			"rotation": {"angle": 45, "axis": "x", "origin": [1.25, 4.75, 8]},
			"faces": {
				"north": {"uv": [0, 0, 1, 1], "texture": "#1"},
				"east": {"uv": [0, 0, 1, 1], "texture": "#1"},
				"south": {"uv": [0, 0, 1, 1], "texture": "#1"},
				"west": {"uv": [0, 0, 1, 1], "texture": "#1"},
				"up": {"uv": [0, 0, 1, 1], "texture": "#1"},
				"down": {"uv": [0, 0, 1, 1], "texture": "#1"}
			}
		},
		{
			"name": "hexadecagon",
			"from": [1.5, 3.35, 7.72152],
			"to": [1.75, 6.15, 8.27848],
			"rotation": {"angle": -22.5, "axis": "x", "origin": [1.25, 4.75, 8]},
			"faces": {
				"north": {"uv": [0, 0, 1, 1], "texture": "#1"},
				"east": {"uv": [0, 0, 1, 1], "texture": "#1"},
				"south": {"uv": [0, 0, 1, 1], "texture": "#1"},
				"west": {"uv": [0, 0, 1, 1], "texture": "#1"},
				"up": {"uv": [0, 0, 1, 1], "texture": "#1"},
				"down": {"uv": [0, 0, 1, 1], "texture": "#1"}
			}
		},
		{
			"name": "hexadecagon",
			"from": [1.5, 3.35, 7.72152],
			"to": [1.75, 6.15, 8.27848],
			"rotation": {"angle": 0, "axis": "x", "origin": [1.25, 4.75, 8]},
			"faces": {
				"north": {"uv": [0, 0, 1, 1], "texture": "#1"},
				"east": {"uv": [0, 0, 1, 1], "texture": "#1"},
				"south": {"uv": [0, 0, 1, 1], "texture": "#1"},
				"west": {"uv": [0, 0, 1, 1], "texture": "#1"},
				"up": {"uv": [0, 0, 1, 1], "texture": "#1"},
				"down": {"uv": [0, 0, 1, 1], "texture": "#1"}
			}
		},
		{
			"name": "hexadecagon",
			"from": [1.5, 3.35, 7.72152],
			"to": [1.75, 6.15, 8.27848],
			"rotation": {"angle": 22.5, "axis": "x", "origin": [1.25, 4.75, 8]},
			"faces": {
				"north": {"uv": [0, 0, 1, 1], "texture": "#1"},
				"east": {"uv": [0, 0, 1, 1], "texture": "#1"},
				"south": {"uv": [0, 0, 1, 1], "texture": "#1"},
				"west": {"uv": [0, 0, 1, 1], "texture": "#1"},
				"up": {"uv": [0, 0, 1, 1], "texture": "#1"},
				"down": {"uv": [0, 0, 1, 1], "texture": "#1"}
			}
		},
		{
			"name": "hexadecagon",
			"from": [1.5, 3.35, 7.72152],
			"to": [1.75, 6.15, 8.27848],
			"rotation": {"angle": 22.5, "axis": "x", "origin": [1.25, 4.75, 8]},
			"faces": {
				"north": {"uv": [0, 0, 1, 1], "texture": "#1"},
				"east": {"uv": [0, 0, 1, 1], "texture": "#1"},
				"south": {"uv": [0, 0, 1, 1], "texture": "#1"},
				"west": {"uv": [0, 0, 1, 1], "texture": "#1"},
				"up": {"uv": [0, 0, 1, 1], "texture": "#1"},
				"down": {"uv": [0, 0, 1, 1], "texture": "#1"}
			}
		},
		{
			"name": "hexadecagon",
			"from": [1.5, 3.35, 7.72152],
			"to": [1.75, 6.15, 8.27848],
			"rotation": {"angle": 0, "axis": "x", "origin": [1.25, 4.75, 8]},
			"faces": {
				"north": {"uv": [0, 0, 1, 1], "texture": "#1"},
				"east": {"uv": [0, 0, 1, 1], "texture": "#1"},
				"south": {"uv": [0, 0, 1, 1], "texture": "#1"},
				"west": {"uv": [0, 0, 1, 1], "texture": "#1"},
				"up": {"uv": [0, 0, 1, 1], "texture": "#1"},
				"down": {"uv": [0, 0, 1, 1], "texture": "#1"}
			}
		},
		{
			"name": "hexadecagon",
			"from": [1.5, 3.35, 7.72152],
			"to": [1.75, 6.15, 8.27848],
			"rotation": {"angle": -22.5, "axis": "x", "origin": [1.25, 4.75, 8]},
			"faces": {
				"north": {"uv": [0, 0, 1, 1], "texture": "#1"},
				"east": {"uv": [0, 0, 1, 1], "texture": "#1"},
				"south": {"uv": [0, 0, 1, 1], "texture": "#1"},
				"west": {"uv": [0, 0, 1, 1], "texture": "#1"},
				"up": {"uv": [0, 0, 1, 1], "texture": "#1"},
				"down": {"uv": [0, 0, 1, 1], "texture": "#1"}
			}
		},
		{
			"name": "hexadecagon",
			"from": [1.5, 4.47152, 6.6],
			"to": [1.75, 5.02848, 9.4],
			"rotation": {"angle": 45, "axis": "x", "origin": [1.25, 4.75, 8]},
			"faces": {
				"north": {"uv": [0, 0, 1, 1], "texture": "#1"},
				"east": {"uv": [0, 0, 1, 1], "texture": "#1"},
				"south": {"uv": [0, 0, 1, 1], "texture": "#1"},
				"west": {"uv": [0, 0, 1, 1], "texture": "#1"},
				"up": {"uv": [0, 0, 1, 1], "texture": "#1"},
				"down": {"uv": [0, 0, 1, 1], "texture": "#1"}
			}
		},
		{
			"name": "hexadecagon",
			"from": [1.5, 4.47152, 6.6],
			"to": [1.75, 5.02848, 9.4],
			"rotation": {"angle": 22.5, "axis": "x", "origin": [1.25, 4.75, 8]},
			"faces": {
				"north": {"uv": [0, 0, 1, 1], "texture": "#1"},
				"east": {"uv": [0, 0, 1, 1], "texture": "#1"},
				"south": {"uv": [0, 0, 1, 1], "texture": "#1"},
				"west": {"uv": [0, 0, 1, 1], "texture": "#1"},
				"up": {"uv": [0, 0, 1, 1], "texture": "#1"},
				"down": {"uv": [0, 0, 1, 1], "texture": "#1"}
			}
		},
		{
			"name": "hexadecagon",
			"from": [1.5, 4.47152, 6.6],
			"to": [1.75, 5.02848, 9.4],
			"rotation": {"angle": 0, "axis": "x", "origin": [1.25, 4.75, 8]},
			"faces": {
				"north": {"uv": [0, 0, 1, 1], "texture": "#1"},
				"east": {"uv": [0, 0, 1, 1], "texture": "#1"},
				"south": {"uv": [0, 0, 1, 1], "texture": "#1"},
				"west": {"uv": [0, 0, 1, 1], "texture": "#1"},
				"up": {"uv": [0, 0, 1, 1], "texture": "#1"},
				"down": {"uv": [0, 0, 1, 1], "texture": "#1"}
			}
		},
		{
			"name": "hexadecagon",
			"from": [1.5, 4.47152, 6.6],
			"to": [1.75, 5.02848, 9.4],
			"rotation": {"angle": -22.5, "axis": "x", "origin": [1.25, 4.75, 8]},
			"faces": {
				"north": {"uv": [0, 0, 1, 1], "texture": "#1"},
				"east": {"uv": [0, 0, 1, 1], "texture": "#1"},
				"south": {"uv": [0, 0, 1, 1], "texture": "#1"},
				"west": {"uv": [0, 0, 1, 1], "texture": "#1"},
				"up": {"uv": [0, 0, 1, 1], "texture": "#1"},
				"down": {"uv": [0, 0, 1, 1], "texture": "#1"}
			}
		},
		{
			"name": "hexadecagon",
			"from": [1.5, 4.47152, 6.6],
			"to": [1.75, 5.02848, 9.4],
			"rotation": {"angle": -45, "axis": "x", "origin": [1.25, 4.75, 8]},
			"faces": {
				"north": {"uv": [0, 0, 1, 1], "texture": "#1"},
				"east": {"uv": [0, 0, 1, 1], "texture": "#1"},
				"south": {"uv": [0, 0, 1, 1], "texture": "#1"},
				"west": {"uv": [0, 0, 1, 1], "texture": "#1"},
				"up": {"uv": [0, 0, 1, 1], "texture": "#1"},
				"down": {"uv": [0, 0, 1, 1], "texture": "#1"}
			}
		},
		{
			"name": "hexadecagon",
			"from": [10.07, 7.08092, 7.15],
			"to": [10.42, 7.41908, 7.35],
			"rotation": {"angle": -45, "axis": "x", "origin": [10.9, 7.25, 8]},
			"faces": {
				"north": {"uv": [0, 0, 1, 1], "texture": "#1"},
				"east": {"uv": [0, 0, 1, 1], "texture": "#1"},
				"south": {"uv": [0, 0, 1, 1], "texture": "#1"},
				"west": {"uv": [0, 0, 1, 1], "texture": "#1"},
				"up": {"uv": [0, 0, 1, 1], "texture": "#1"},
				"down": {"uv": [0, 0, 1, 1], "texture": "#1"}
			}
		},
		{
			"name": "hexadecagon",
			"from": [10.07, 7.08092, 7.15],
			"to": [10.42, 7.41908, 7.35],
			"rotation": {"angle": -22.5, "axis": "x", "origin": [10.9, 7.25, 8]},
			"faces": {
				"north": {"uv": [0, 0, 1, 1], "texture": "#1"},
				"east": {"uv": [0, 0, 1, 1], "texture": "#1"},
				"south": {"uv": [0, 0, 1, 1], "texture": "#1"},
				"west": {"uv": [0, 0, 1, 1], "texture": "#1"},
				"up": {"uv": [0, 0, 1, 1], "texture": "#1"},
				"down": {"uv": [0, 0, 1, 1], "texture": "#1"}
			}
		},
		{
			"name": "hexadecagon",
			"from": [10.07, 7.08092, 7.15],
			"to": [10.42, 7.41908, 7.35],
			"rotation": {"angle": 0, "axis": "x", "origin": [10.9, 7.25, 8]},
			"faces": {
				"north": {"uv": [0, 0, 1, 1], "texture": "#1"},
				"east": {"uv": [0, 0, 1, 1], "texture": "#1"},
				"south": {"uv": [0, 0, 1, 1], "texture": "#1"},
				"west": {"uv": [0, 0, 1, 1], "texture": "#1"},
				"up": {"uv": [0, 0, 1, 1], "texture": "#1"},
				"down": {"uv": [0, 0, 1, 1], "texture": "#1"}
			}
		},
		{
			"name": "hexadecagon",
			"from": [10.07, 7.08092, 7.15],
			"to": [10.42, 7.41908, 7.35],
			"rotation": {"angle": 22.5, "axis": "x", "origin": [10.9, 7.25, 8]},
			"faces": {
				"north": {"uv": [0, 0, 1, 1], "texture": "#1"},
				"east": {"uv": [0, 0, 1, 1], "texture": "#1"},
				"south": {"uv": [0, 0, 1, 1], "texture": "#1"},
				"west": {"uv": [0, 0, 1, 1], "texture": "#1"},
				"up": {"uv": [0, 0, 1, 1], "texture": "#1"},
				"down": {"uv": [0, 0, 1, 1], "texture": "#1"}
			}
		},
		{
			"name": "hexadecagon",
			"from": [10.07, 7.08092, 7.15],
			"to": [10.42, 7.41908, 7.35],
			"rotation": {"angle": 45, "axis": "x", "origin": [10.9, 7.25, 8]},
			"faces": {
				"north": {"uv": [0, 0, 1, 1], "texture": "#1"},
				"east": {"uv": [0, 0, 1, 1], "texture": "#1"},
				"south": {"uv": [0, 0, 1, 1], "texture": "#1"},
				"west": {"uv": [0, 0, 1, 1], "texture": "#1"},
				"up": {"uv": [0, 0, 1, 1], "texture": "#1"},
				"down": {"uv": [0, 0, 1, 1], "texture": "#1"}
			}
		},
		{
			"name": "hexadecagon",
			"from": [10.07, 7.08092, 8.65],
			"to": [10.42, 7.41908, 8.85],
			"rotation": {"angle": -45, "axis": "x", "origin": [10.9, 7.25, 8]},
			"faces": {
				"north": {"uv": [0, 0, 1, 1], "texture": "#1"},
				"east": {"uv": [0, 0, 1, 1], "texture": "#1"},
				"south": {"uv": [0, 0, 1, 1], "texture": "#1"},
				"west": {"uv": [0, 0, 1, 1], "texture": "#1"},
				"up": {"uv": [0, 0, 1, 1], "texture": "#1"},
				"down": {"uv": [0, 0, 1, 1], "texture": "#1"}
			}
		},
		{
			"name": "hexadecagon",
			"from": [10.07, 7.08092, 8.65],
			"to": [10.42, 7.41908, 8.85],
			"rotation": {"angle": -22.5, "axis": "x", "origin": [10.9, 7.25, 8]},
			"faces": {
				"north": {"uv": [0, 0, 1, 1], "texture": "#1"},
				"east": {"uv": [0, 0, 1, 1], "texture": "#1"},
				"south": {"uv": [0, 0, 1, 1], "texture": "#1"},
				"west": {"uv": [0, 0, 1, 1], "texture": "#1"},
				"up": {"uv": [0, 0, 1, 1], "texture": "#1"},
				"down": {"uv": [0, 0, 1, 1], "texture": "#1"}
			}
		},
		{
			"name": "hexadecagon",
			"from": [10.07, 7.08092, 8.65],
			"to": [10.42, 7.41908, 8.85],
			"rotation": {"angle": 0, "axis": "x", "origin": [10.9, 7.25, 8]},
			"faces": {
				"north": {"uv": [0, 0, 1, 1], "texture": "#1"},
				"east": {"uv": [0, 0, 1, 1], "texture": "#1"},
				"south": {"uv": [0, 0, 1, 1], "texture": "#1"},
				"west": {"uv": [0, 0, 1, 1], "texture": "#1"},
				"up": {"uv": [0, 0, 1, 1], "texture": "#1"},
				"down": {"uv": [0, 0, 1, 1], "texture": "#1"}
			}
		},
		{
			"name": "hexadecagon",
			"from": [10.07, 7.08092, 8.65],
			"to": [10.42, 7.41908, 8.85],
			"rotation": {"angle": 22.5, "axis": "x", "origin": [10.9, 7.25, 8]},
			"faces": {
				"north": {"uv": [0, 0, 1, 1], "texture": "#1"},
				"east": {"uv": [0, 0, 1, 1], "texture": "#1"},
				"south": {"uv": [0, 0, 1, 1], "texture": "#1"},
				"west": {"uv": [0, 0, 1, 1], "texture": "#1"},
				"up": {"uv": [0, 0, 1, 1], "texture": "#1"},
				"down": {"uv": [0, 0, 1, 1], "texture": "#1"}
			}
		},
		{
			"name": "hexadecagon",
			"from": [10.07, 7.08092, 8.65],
			"to": [10.42, 7.41908, 8.85],
			"rotation": {"angle": 45, "axis": "x", "origin": [10.9, 7.25, 8]},
			"faces": {
				"north": {"uv": [0, 0, 1, 1], "texture": "#1"},
				"east": {"uv": [0, 0, 1, 1], "texture": "#1"},
				"south": {"uv": [0, 0, 1, 1], "texture": "#1"},
				"west": {"uv": [0, 0, 1, 1], "texture": "#1"},
				"up": {"uv": [0, 0, 1, 1], "texture": "#1"},
				"down": {"uv": [0, 0, 1, 1], "texture": "#1"}
			}
		},
		{
			"name": "hexadecagon",
			"from": [10.07, 6.4, 7.83092],
			"to": [10.42, 6.6, 8.16908],
			"rotation": {"angle": -22.5, "axis": "x", "origin": [10.9, 7.25, 8]},
			"faces": {
				"north": {"uv": [0, 0, 1, 1], "texture": "#1"},
				"east": {"uv": [0, 0, 1, 1], "texture": "#1"},
				"south": {"uv": [0, 0, 1, 1], "texture": "#1"},
				"west": {"uv": [0, 0, 1, 1], "texture": "#1"},
				"up": {"uv": [0, 0, 1, 1], "texture": "#1"},
				"down": {"uv": [0, 0, 1, 1], "texture": "#1"}
			}
		},
		{
			"name": "hexadecagon",
			"from": [10.07, 6.4, 7.83092],
			"to": [10.42, 6.6, 8.16908],
			"rotation": {"angle": 0, "axis": "x", "origin": [10.9, 7.25, 8]},
			"faces": {
				"north": {"uv": [0, 0, 1, 1], "texture": "#1"},
				"east": {"uv": [0, 0, 1, 1], "texture": "#1"},
				"south": {"uv": [0, 0, 1, 1], "texture": "#1"},
				"west": {"uv": [0, 0, 1, 1], "texture": "#1"},
				"up": {"uv": [0, 0, 1, 1], "texture": "#1"},
				"down": {"uv": [0, 0, 1, 1], "texture": "#1"}
			}
		},
		{
			"name": "hexadecagon",
			"from": [10.07, 6.4, 7.83092],
			"to": [10.42, 6.6, 8.16908],
			"rotation": {"angle": 22.5, "axis": "x", "origin": [10.9, 7.25, 8]},
			"faces": {
				"north": {"uv": [0, 0, 1, 1], "texture": "#1"},
				"east": {"uv": [0, 0, 1, 1], "texture": "#1"},
				"south": {"uv": [0, 0, 1, 1], "texture": "#1"},
				"west": {"uv": [0, 0, 1, 1], "texture": "#1"},
				"up": {"uv": [0, 0, 1, 1], "texture": "#1"},
				"down": {"uv": [0, 0, 1, 1], "texture": "#1"}
			}
		},
		{
			"name": "hexadecagon",
			"from": [10.07, 7.9, 7.83092],
			"to": [10.42, 8.1, 8.16908],
			"rotation": {"angle": -22.5, "axis": "x", "origin": [10.9, 7.25, 8]},
			"faces": {
				"north": {"uv": [0, 0, 1, 1], "texture": "#1"},
				"east": {"uv": [0, 0, 1, 1], "texture": "#1"},
				"south": {"uv": [0, 0, 1, 1], "texture": "#1"},
				"west": {"uv": [0, 0, 1, 1], "texture": "#1"},
				"up": {"uv": [0, 0, 1, 1], "texture": "#1"},
				"down": {"uv": [0, 0, 1, 1], "texture": "#1"}
			}
		},
		{
			"name": "hexadecagon",
			"from": [10.07, 7.9, 7.83092],
			"to": [10.42, 8.1, 8.16908],
			"rotation": {"angle": 0, "axis": "x", "origin": [10.9, 7.25, 8]},
			"faces": {
				"north": {"uv": [0, 0, 1, 1], "texture": "#1"},
				"east": {"uv": [0, 0, 1, 1], "texture": "#1"},
				"south": {"uv": [0, 0, 1, 1], "texture": "#1"},
				"west": {"uv": [0, 0, 1, 1], "texture": "#1"},
				"up": {"uv": [0, 0, 1, 1], "texture": "#1"},
				"down": {"uv": [0, 0, 1, 1], "texture": "#1"}
			}
		},
		{
			"name": "hexadecagon",
			"from": [10.07, 7.9, 7.83092],
			"to": [10.42, 8.1, 8.16908],
			"rotation": {"angle": 22.5, "axis": "x", "origin": [10.9, 7.25, 8]},
			"faces": {
				"north": {"uv": [0, 0, 1, 1], "texture": "#1"},
				"east": {"uv": [0, 0, 1, 1], "texture": "#1"},
				"south": {"uv": [0, 0, 1, 1], "texture": "#1"},
				"west": {"uv": [0, 0, 1, 1], "texture": "#1"},
				"up": {"uv": [0, 0, 1, 1], "texture": "#1"},
				"down": {"uv": [0, 0, 1, 1], "texture": "#1"}
			}
		},
		{
			"name": "hexadecagon",
			"from": [4.07, 7.08092, 7.15],
			"to": [4.42, 7.41908, 7.35],
			"rotation": {"angle": -45, "axis": "x", "origin": [4.9, 7.25, 8]},
			"faces": {
				"north": {"uv": [0, 0, 1, 1], "texture": "#1"},
				"east": {"uv": [0, 0, 1, 1], "texture": "#1"},
				"south": {"uv": [0, 0, 1, 1], "texture": "#1"},
				"west": {"uv": [0, 0, 1, 1], "texture": "#1"},
				"up": {"uv": [0, 0, 1, 1], "texture": "#1"},
				"down": {"uv": [0, 0, 1, 1], "texture": "#1"}
			}
		},
		{
			"name": "hexadecagon",
			"from": [4.07, 7.08092, 7.15],
			"to": [4.42, 7.41908, 7.35],
			"rotation": {"angle": -22.5, "axis": "x", "origin": [4.9, 7.25, 8]},
			"faces": {
				"north": {"uv": [0, 0, 1, 1], "texture": "#1"},
				"east": {"uv": [0, 0, 1, 1], "texture": "#1"},
				"south": {"uv": [0, 0, 1, 1], "texture": "#1"},
				"west": {"uv": [0, 0, 1, 1], "texture": "#1"},
				"up": {"uv": [0, 0, 1, 1], "texture": "#1"},
				"down": {"uv": [0, 0, 1, 1], "texture": "#1"}
			}
		},
		{
			"name": "hexadecagon",
			"from": [4.07, 7.08092, 7.15],
			"to": [4.42, 7.41908, 7.35],
			"rotation": {"angle": 0, "axis": "x", "origin": [4.9, 7.25, 8]},
			"faces": {
				"north": {"uv": [0, 0, 1, 1], "texture": "#1"},
				"east": {"uv": [0, 0, 1, 1], "texture": "#1"},
				"south": {"uv": [0, 0, 1, 1], "texture": "#1"},
				"west": {"uv": [0, 0, 1, 1], "texture": "#1"},
				"up": {"uv": [0, 0, 1, 1], "texture": "#1"},
				"down": {"uv": [0, 0, 1, 1], "texture": "#1"}
			}
		},
		{
			"name": "hexadecagon",
			"from": [4.07, 7.08092, 7.15],
			"to": [4.42, 7.41908, 7.35],
			"rotation": {"angle": 22.5, "axis": "x", "origin": [4.9, 7.25, 8]},
			"faces": {
				"north": {"uv": [0, 0, 1, 1], "texture": "#1"},
				"east": {"uv": [0, 0, 1, 1], "texture": "#1"},
				"south": {"uv": [0, 0, 1, 1], "texture": "#1"},
				"west": {"uv": [0, 0, 1, 1], "texture": "#1"},
				"up": {"uv": [0, 0, 1, 1], "texture": "#1"},
				"down": {"uv": [0, 0, 1, 1], "texture": "#1"}
			}
		},
		{
			"name": "hexadecagon",
			"from": [4.07, 7.08092, 7.15],
			"to": [4.42, 7.41908, 7.35],
			"rotation": {"angle": 45, "axis": "x", "origin": [4.9, 7.25, 8]},
			"faces": {
				"north": {"uv": [0, 0, 1, 1], "texture": "#1"},
				"east": {"uv": [0, 0, 1, 1], "texture": "#1"},
				"south": {"uv": [0, 0, 1, 1], "texture": "#1"},
				"west": {"uv": [0, 0, 1, 1], "texture": "#1"},
				"up": {"uv": [0, 0, 1, 1], "texture": "#1"},
				"down": {"uv": [0, 0, 1, 1], "texture": "#1"}
			}
		},
		{
			"name": "hexadecagon",
			"from": [4.07, 7.08092, 8.65],
			"to": [4.42, 7.41908, 8.85],
			"rotation": {"angle": -45, "axis": "x", "origin": [4.9, 7.25, 8]},
			"faces": {
				"north": {"uv": [0, 0, 1, 1], "texture": "#1"},
				"east": {"uv": [0, 0, 1, 1], "texture": "#1"},
				"south": {"uv": [0, 0, 1, 1], "texture": "#1"},
				"west": {"uv": [0, 0, 1, 1], "texture": "#1"},
				"up": {"uv": [0, 0, 1, 1], "texture": "#1"},
				"down": {"uv": [0, 0, 1, 1], "texture": "#1"}
			}
		},
		{
			"name": "hexadecagon",
			"from": [4.07, 7.08092, 8.65],
			"to": [4.42, 7.41908, 8.85],
			"rotation": {"angle": -22.5, "axis": "x", "origin": [4.9, 7.25, 8]},
			"faces": {
				"north": {"uv": [0, 0, 1, 1], "texture": "#1"},
				"east": {"uv": [0, 0, 1, 1], "texture": "#1"},
				"south": {"uv": [0, 0, 1, 1], "texture": "#1"},
				"west": {"uv": [0, 0, 1, 1], "texture": "#1"},
				"up": {"uv": [0, 0, 1, 1], "texture": "#1"},
				"down": {"uv": [0, 0, 1, 1], "texture": "#1"}
			}
		},
		{
			"name": "hexadecagon",
			"from": [4.07, 7.08092, 8.65],
			"to": [4.42, 7.41908, 8.85],
			"rotation": {"angle": 0, "axis": "x", "origin": [4.9, 7.25, 8]},
			"faces": {
				"north": {"uv": [0, 0, 1, 1], "texture": "#1"},
				"east": {"uv": [0, 0, 1, 1], "texture": "#1"},
				"south": {"uv": [0, 0, 1, 1], "texture": "#1"},
				"west": {"uv": [0, 0, 1, 1], "texture": "#1"},
				"up": {"uv": [0, 0, 1, 1], "texture": "#1"},
				"down": {"uv": [0, 0, 1, 1], "texture": "#1"}
			}
		},
		{
			"name": "hexadecagon",
			"from": [4.07, 7.08092, 8.65],
			"to": [4.42, 7.41908, 8.85],
			"rotation": {"angle": 22.5, "axis": "x", "origin": [4.9, 7.25, 8]},
			"faces": {
				"north": {"uv": [0, 0, 1, 1], "texture": "#1"},
				"east": {"uv": [0, 0, 1, 1], "texture": "#1"},
				"south": {"uv": [0, 0, 1, 1], "texture": "#1"},
				"west": {"uv": [0, 0, 1, 1], "texture": "#1"},
				"up": {"uv": [0, 0, 1, 1], "texture": "#1"},
				"down": {"uv": [0, 0, 1, 1], "texture": "#1"}
			}
		},
		{
			"name": "hexadecagon",
			"from": [4.07, 7.08092, 8.65],
			"to": [4.42, 7.41908, 8.85],
			"rotation": {"angle": 45, "axis": "x", "origin": [4.9, 7.25, 8]},
			"faces": {
				"north": {"uv": [0, 0, 1, 1], "texture": "#1"},
				"east": {"uv": [0, 0, 1, 1], "texture": "#1"},
				"south": {"uv": [0, 0, 1, 1], "texture": "#1"},
				"west": {"uv": [0, 0, 1, 1], "texture": "#1"},
				"up": {"uv": [0, 0, 1, 1], "texture": "#1"},
				"down": {"uv": [0, 0, 1, 1], "texture": "#1"}
			}
		},
		{
			"name": "hexadecagon",
			"from": [4.07, 6.4, 7.83092],
			"to": [4.42, 6.6, 8.16908],
			"rotation": {"angle": -22.5, "axis": "x", "origin": [4.9, 7.25, 8]},
			"faces": {
				"north": {"uv": [0, 0, 1, 1], "texture": "#1"},
				"east": {"uv": [0, 0, 1, 1], "texture": "#1"},
				"south": {"uv": [0, 0, 1, 1], "texture": "#1"},
				"west": {"uv": [0, 0, 1, 1], "texture": "#1"},
				"up": {"uv": [0, 0, 1, 1], "texture": "#1"},
				"down": {"uv": [0, 0, 1, 1], "texture": "#1"}
			}
		},
		{
			"name": "hexadecagon",
			"from": [4.07, 6.4, 7.83092],
			"to": [4.42, 6.6, 8.16908],
			"rotation": {"angle": 0, "axis": "x", "origin": [4.9, 7.25, 8]},
			"faces": {
				"north": {"uv": [0, 0, 1, 1], "texture": "#1"},
				"east": {"uv": [0, 0, 1, 1], "texture": "#1"},
				"south": {"uv": [0, 0, 1, 1], "texture": "#1"},
				"west": {"uv": [0, 0, 1, 1], "texture": "#1"},
				"up": {"uv": [0, 0, 1, 1], "texture": "#1"},
				"down": {"uv": [0, 0, 1, 1], "texture": "#1"}
			}
		},
		{
			"name": "hexadecagon",
			"from": [4.07, 6.4, 7.83092],
			"to": [4.42, 6.6, 8.16908],
			"rotation": {"angle": 22.5, "axis": "x", "origin": [4.9, 7.25, 8]},
			"faces": {
				"north": {"uv": [0, 0, 1, 1], "texture": "#1"},
				"east": {"uv": [0, 0, 1, 1], "texture": "#1"},
				"south": {"uv": [0, 0, 1, 1], "texture": "#1"},
				"west": {"uv": [0, 0, 1, 1], "texture": "#1"},
				"up": {"uv": [0, 0, 1, 1], "texture": "#1"},
				"down": {"uv": [0, 0, 1, 1], "texture": "#1"}
			}
		},
		{
			"name": "hexadecagon",
			"from": [4.07, 7.9, 7.83092],
			"to": [4.42, 8.1, 8.16908],
			"rotation": {"angle": -22.5, "axis": "x", "origin": [4.9, 7.25, 8]},
			"faces": {
				"north": {"uv": [0, 0, 1, 1], "texture": "#1"},
				"east": {"uv": [0, 0, 1, 1], "texture": "#1"},
				"south": {"uv": [0, 0, 1, 1], "texture": "#1"},
				"west": {"uv": [0, 0, 1, 1], "texture": "#1"},
				"up": {"uv": [0, 0, 1, 1], "texture": "#1"},
				"down": {"uv": [0, 0, 1, 1], "texture": "#1"}
			}
		},
		{
			"name": "hexadecagon",
			"from": [4.07, 7.9, 7.83092],
			"to": [4.42, 8.1, 8.16908],
			"rotation": {"angle": 0, "axis": "x", "origin": [4.9, 7.25, 8]},
			"faces": {
				"north": {"uv": [0, 0, 1, 1], "texture": "#1"},
				"east": {"uv": [0, 0, 1, 1], "texture": "#1"},
				"south": {"uv": [0, 0, 1, 1], "texture": "#1"},
				"west": {"uv": [0, 0, 1, 1], "texture": "#1"},
				"up": {"uv": [0, 0, 1, 1], "texture": "#1"},
				"down": {"uv": [0, 0, 1, 1], "texture": "#1"}
			}
		},
		{
			"name": "hexadecagon",
			"from": [4.07, 7.9, 7.83092],
			"to": [4.42, 8.1, 8.16908],
			"rotation": {"angle": 22.5, "axis": "x", "origin": [4.9, 7.25, 8]},
			"faces": {
				"north": {"uv": [0, 0, 1, 1], "texture": "#1"},
				"east": {"uv": [0, 0, 1, 1], "texture": "#1"},
				"south": {"uv": [0, 0, 1, 1], "texture": "#1"},
				"west": {"uv": [0, 0, 1, 1], "texture": "#1"},
				"up": {"uv": [0, 0, 1, 1], "texture": "#1"},
				"down": {"uv": [0, 0, 1, 1], "texture": "#1"}
			}
		},
		{
			"from": [3.25, 5.5, 7.5],
			"to": [5.25, 6.4, 8.5],
			"faces": {
				"north": {"uv": [0, 0, 2, 1], "texture": "#1"},
				"east": {"uv": [0, 0, 2, 1], "texture": "#1"},
				"south": {"uv": [0, 0, 2, 1], "texture": "#1"},
				"west": {"uv": [0, 0, 2, 1], "texture": "#1"},
				"up": {"uv": [0, 0, 2, 1], "texture": "#1"},
				"down": {"uv": [0, 0, 2, 1], "texture": "#1"}
			}
		},
		{
			"from": [3.25, 5.7, 8],
			"to": [5.25, 6.6, 9],
			"rotation": {"angle": 45, "axis": "x", "origin": [4.25, 5.95, 8]},
			"faces": {
				"north": {"uv": [0, 0, 2, 1], "texture": "#1"},
				"east": {"uv": [0, 0, 2, 1], "texture": "#1"},
				"south": {"uv": [0, 0, 2, 1], "texture": "#1"},
				"west": {"uv": [0, 0, 2, 1], "texture": "#1"},
				"up": {"uv": [0, 0, 2, 1], "texture": "#1"},
				"down": {"uv": [0, 0, 2, 1], "texture": "#1"}
			}
		},
		{
			"from": [9.25, 5.7, 8],
			"to": [11.25, 6.6, 9],
			"rotation": {"angle": 45, "axis": "x", "origin": [4.25, 5.95, 8]},
			"faces": {
				"north": {"uv": [0, 0, 2, 1], "texture": "#1"},
				"east": {"uv": [0, 0, 2, 1], "texture": "#1"},
				"south": {"uv": [0, 0, 2, 1], "texture": "#1"},
				"west": {"uv": [0, 0, 2, 1], "texture": "#1"},
				"up": {"uv": [0, 0, 2, 1], "texture": "#1"},
				"down": {"uv": [0, 0, 2, 1], "texture": "#1"}
			}
		},
		{
			"from": [3.25, 5.7, 7],
			"to": [5.25, 6.6, 8],
			"rotation": {"angle": -45, "axis": "x", "origin": [4.25, 5.95, 8]},
			"faces": {
				"north": {"uv": [0, 0, 1, 0.9], "texture": "#1"},
				"east": {"uv": [0, 0, 1, 0.9], "texture": "#1"},
				"south": {"uv": [0, 0, 1, 0.9], "texture": "#1"},
				"west": {"uv": [0, 0, 1, 0.9], "texture": "#1"},
				"up": {"uv": [0, 0, 1, 0.9], "texture": "#1"},
				"down": {"uv": [0, 0, 1, 0.9], "texture": "#1"}
			}
		},
		{
			"from": [9.25, 5.7, 7],
			"to": [11.25, 6.6, 8],
			"rotation": {"angle": -45, "axis": "x", "origin": [4.25, 5.95, 8]},
			"faces": {
				"north": {"uv": [0, 0, 1, 0.9], "texture": "#1"},
				"east": {"uv": [0, 0, 1, 0.9], "texture": "#1"},
				"south": {"uv": [0, 0, 1, 0.9], "texture": "#1"},
				"west": {"uv": [0, 0, 1, 0.9], "texture": "#1"},
				"up": {"uv": [0, 0, 1, 0.9], "texture": "#1"},
				"down": {"uv": [0, 0, 1, 0.9], "texture": "#1"}
			}
		},
		{
			"from": [9.25, 5.5, 7.5],
			"to": [11.25, 6.4, 8.5],
			"faces": {
				"north": {"uv": [0, 0, 2, 1], "texture": "#1"},
				"east": {"uv": [0, 0, 2, 1], "texture": "#1"},
				"south": {"uv": [0, 0, 2, 1], "texture": "#1"},
				"west": {"uv": [0, 0, 2, 1], "texture": "#1"},
				"up": {"uv": [0, 0, 2, 1], "texture": "#1"},
				"down": {"uv": [0, 0, 2, 1], "texture": "#1"}
			}
		},
		{
			"name": "hexadecagon",
			"from": [10.20027, 6.25, 7.5],
			"to": [10.29973, 6.3, 8.5],
			"rotation": {"angle": -45, "axis": "z", "origin": [10.25, 6.5, 8]},
			"color": 4,
			"faces": {
				"north": {"uv": [0, 0, 1, 1], "texture": "#missing"},
				"east": {"uv": [0, 0, 1, 1], "texture": "#missing"},
				"south": {"uv": [0, 0, 1, 1], "texture": "#missing"},
				"west": {"uv": [0, 0, 1, 1], "texture": "#missing"},
				"up": {"uv": [0, 0, 1, 1], "texture": "#missing"},
				"down": {"uv": [0, 0, 1, 1], "texture": "#missing"}
			}
		},
		{
			"name": "hexadecagon",
			"from": [10.20027, 6.25, 7.5],
			"to": [10.29973, 6.3, 8.5],
			"rotation": {"angle": -22.5, "axis": "z", "origin": [10.25, 6.5, 8]},
			"color": 1,
			"faces": {
				"north": {"uv": [0, 0, 1, 1], "texture": "#missing"},
				"east": {"uv": [0, 0, 1, 1], "texture": "#missing"},
				"south": {"uv": [0, 0, 1, 1], "texture": "#missing"},
				"west": {"uv": [0, 0, 1, 1], "texture": "#missing"},
				"up": {"uv": [0, 0, 1, 1], "texture": "#missing"},
				"down": {"uv": [0, 0, 1, 1], "texture": "#missing"}
			}
		},
		{
			"name": "hexadecagon",
			"from": [10.20027, 6.25, 7.5],
			"to": [10.29973, 6.3, 8.5],
			"rotation": {"angle": 0, "axis": "z", "origin": [10.25, 6.5, 8]},
			"color": 4,
			"faces": {
				"north": {"uv": [0, 0, 1, 1], "texture": "#missing"},
				"east": {"uv": [0, 0, 1, 1], "texture": "#missing"},
				"south": {"uv": [0, 0, 1, 1], "texture": "#missing"},
				"west": {"uv": [0, 0, 1, 1], "texture": "#missing"},
				"up": {"uv": [0, 0, 1, 1], "texture": "#missing"},
				"down": {"uv": [0, 0, 1, 1], "texture": "#missing"}
			}
		},
		{
			"name": "hexadecagon",
			"from": [10.20027, 6.25, 7.5],
			"to": [10.29973, 6.3, 8.5],
			"rotation": {"angle": 22.5, "axis": "z", "origin": [10.25, 6.5, 8]},
			"color": 0,
			"faces": {
				"north": {"uv": [0, 0, 1, 1], "texture": "#missing"},
				"east": {"uv": [0, 0, 1, 1], "texture": "#missing"},
				"south": {"uv": [0, 0, 1, 1], "texture": "#missing"},
				"west": {"uv": [0, 0, 1, 1], "texture": "#missing"},
				"up": {"uv": [0, 0, 1, 1], "texture": "#missing"},
				"down": {"uv": [0, 0, 1, 1], "texture": "#missing"}
			}
		},
		{
			"name": "hexadecagon",
			"from": [10.20027, 6.25, 7.5],
			"to": [10.29973, 6.3, 8.5],
			"rotation": {"angle": 45, "axis": "z", "origin": [10.25, 6.5, 8]},
			"color": 0,
			"faces": {
				"north": {"uv": [0, 0, 1, 1], "texture": "#missing"},
				"east": {"uv": [0, 0, 1, 1], "texture": "#missing"},
				"south": {"uv": [0, 0, 1, 1], "texture": "#missing"},
				"west": {"uv": [0, 0, 1, 1], "texture": "#missing"},
				"up": {"uv": [0, 0, 1, 1], "texture": "#missing"},
				"down": {"uv": [0, 0, 1, 1], "texture": "#missing"}
			}
		},
		{
			"name": "hexadecagon",
			"from": [10.20027, 6.7, 7.5],
			"to": [10.29973, 6.75, 8.5],
			"rotation": {"angle": -45, "axis": "z", "origin": [10.25, 6.5, 8]},
			"faces": {
				"north": {"uv": [0, 0, 1, 1], "texture": "#1"},
				"east": {"uv": [0, 0, 1, 1], "texture": "#1"},
				"south": {"uv": [0, 0, 1, 1], "texture": "#1"},
				"west": {"uv": [0, 0, 1, 1], "texture": "#1"},
				"up": {"uv": [0, 0, 1, 1], "texture": "#1"},
				"down": {"uv": [0, 0, 1, 1], "texture": "#1"}
			}
		},
		{
			"name": "hexadecagon",
			"from": [10.20027, 6.7, 7.5],
			"to": [10.29973, 6.75, 8.5],
			"rotation": {"angle": -22.5, "axis": "z", "origin": [10.25, 6.5, 8]},
			"faces": {
				"north": {"uv": [0, 0, 1, 1], "texture": "#1"},
				"east": {"uv": [0, 0, 1, 1], "texture": "#1"},
				"south": {"uv": [0, 0, 1, 1], "texture": "#1"},
				"west": {"uv": [0, 0, 1, 1], "texture": "#1"},
				"up": {"uv": [0, 0, 1, 1], "texture": "#1"},
				"down": {"uv": [0, 0, 1, 1], "texture": "#1"}
			}
		},
		{
			"name": "hexadecagon",
			"from": [10.20027, 6.7, 7.5],
			"to": [10.29973, 6.75, 8.5],
			"rotation": {"angle": 0, "axis": "z", "origin": [10.25, 6.5, 8]},
			"faces": {
				"north": {"uv": [0, 0, 1, 1], "texture": "#1"},
				"east": {"uv": [0, 0, 1, 1], "texture": "#1"},
				"south": {"uv": [0, 0, 1, 1], "texture": "#1"},
				"west": {"uv": [0, 0, 1, 1], "texture": "#1"},
				"up": {"uv": [0, 0, 1, 1], "texture": "#1"},
				"down": {"uv": [0, 0, 1, 1], "texture": "#1"}
			}
		},
		{
			"name": "hexadecagon",
			"from": [10.20027, 6.7, 7.5],
			"to": [10.29973, 6.75, 8.5],
			"rotation": {"angle": 22.5, "axis": "z", "origin": [10.25, 6.5, 8]},
			"faces": {
				"north": {"uv": [0, 0, 1, 1], "texture": "#1"},
				"east": {"uv": [0, 0, 1, 1], "texture": "#1"},
				"south": {"uv": [0, 0, 1, 1], "texture": "#1"},
				"west": {"uv": [0, 0, 1, 1], "texture": "#1"},
				"up": {"uv": [0, 0, 1, 1], "texture": "#1"},
				"down": {"uv": [0, 0, 1, 1], "texture": "#1"}
			}
		},
		{
			"name": "hexadecagon",
			"from": [10.20027, 6.7, 7.5],
			"to": [10.29973, 6.75, 8.5],
			"rotation": {"angle": 45, "axis": "z", "origin": [10.25, 6.5, 8]},
			"faces": {
				"north": {"uv": [0, 0, 1, 1], "texture": "#1"},
				"east": {"uv": [0, 0, 1, 1], "texture": "#1"},
				"south": {"uv": [0, 0, 1, 1], "texture": "#1"},
				"west": {"uv": [0, 0, 1, 1], "texture": "#1"},
				"up": {"uv": [0, 0, 1, 1], "texture": "#1"},
				"down": {"uv": [0, 0, 1, 1], "texture": "#1"}
			}
		},
		{
			"name": "hexadecagon",
			"from": [10, 6.45027, 7.5],
			"to": [10.05, 6.54973, 8.5],
			"rotation": {"angle": -22.5, "axis": "z", "origin": [10.25, 6.5, 8]},
			"faces": {
				"north": {"uv": [0, 0, 1, 1], "texture": "#1"},
				"east": {"uv": [0, 0, 1, 1], "texture": "#1"},
				"south": {"uv": [0, 0, 1, 1], "texture": "#1"},
				"west": {"uv": [0, 0, 1, 1], "texture": "#1"},
				"up": {"uv": [0, 0, 1, 1], "texture": "#1"},
				"down": {"uv": [0, 0, 1, 1], "texture": "#1"}
			}
		},
		{
			"name": "hexadecagon",
			"from": [10, 6.45027, 7.5],
			"to": [10.05, 6.54973, 8.5],
			"rotation": {"angle": 0, "axis": "z", "origin": [10.25, 6.5, 8]},
			"faces": {
				"north": {"uv": [0, 0, 1, 1], "texture": "#1"},
				"east": {"uv": [0, 0, 1, 1], "texture": "#1"},
				"south": {"uv": [0, 0, 1, 1], "texture": "#1"},
				"west": {"uv": [0, 0, 1, 1], "texture": "#1"},
				"up": {"uv": [0, 0, 1, 1], "texture": "#1"},
				"down": {"uv": [0, 0, 1, 1], "texture": "#1"}
			}
		},
		{
			"name": "hexadecagon",
			"from": [10, 6.45027, 7.5],
			"to": [10.05, 6.54973, 8.5],
			"rotation": {"angle": 22.5, "axis": "z", "origin": [10.25, 6.5, 8]},
			"faces": {
				"north": {"uv": [0, 0, 1, 1], "texture": "#1"},
				"east": {"uv": [0, 0, 1, 1], "texture": "#1"},
				"south": {"uv": [0, 0, 1, 1], "texture": "#1"},
				"west": {"uv": [0, 0, 1, 1], "texture": "#1"},
				"up": {"uv": [0, 0, 1, 1], "texture": "#1"},
				"down": {"uv": [0, 0, 1, 1], "texture": "#1"}
			}
		},
		{
			"name": "hexadecagon",
			"from": [10.45, 6.45027, 7.5],
			"to": [10.5, 6.54973, 8.5],
			"rotation": {"angle": -22.5, "axis": "z", "origin": [10.25, 6.5, 8]},
			"faces": {
				"north": {"uv": [0, 0, 1, 1], "texture": "#1"},
				"east": {"uv": [0, 0, 1, 1], "texture": "#1"},
				"south": {"uv": [0, 0, 1, 1], "texture": "#1"},
				"west": {"uv": [0, 0, 1, 1], "texture": "#1"},
				"up": {"uv": [0, 0, 1, 1], "texture": "#1"},
				"down": {"uv": [0, 0, 1, 1], "texture": "#1"}
			}
		},
		{
			"name": "hexadecagon",
			"from": [10.45, 6.45027, 7.5],
			"to": [10.5, 6.54973, 8.5],
			"rotation": {"angle": 0, "axis": "z", "origin": [10.25, 6.5, 8]},
			"faces": {
				"north": {"uv": [0, 0, 1, 1], "texture": "#1"},
				"east": {"uv": [0, 0, 1, 1], "texture": "#1"},
				"south": {"uv": [0, 0, 1, 1], "texture": "#1"},
				"west": {"uv": [0, 0, 1, 1], "texture": "#1"},
				"up": {"uv": [0, 0, 1, 1], "texture": "#1"},
				"down": {"uv": [0, 0, 1, 1], "texture": "#1"}
			}
		},
		{
			"name": "hexadecagon",
			"from": [10.45, 6.45027, 7.5],
			"to": [10.5, 6.54973, 8.5],
			"rotation": {"angle": 22.5, "axis": "z", "origin": [10.25, 6.5, 8]},
			"faces": {
				"north": {"uv": [0, 0, 1, 1], "texture": "#1"},
				"east": {"uv": [0, 0, 1, 1], "texture": "#1"},
				"south": {"uv": [0, 0, 1, 1], "texture": "#1"},
				"west": {"uv": [0, 0, 1, 1], "texture": "#1"},
				"up": {"uv": [0, 0, 1, 1], "texture": "#1"},
				"down": {"uv": [0, 0, 1, 1], "texture": "#1"}
			}
		},
		{
			"name": "hexadecagon",
			"from": [4.20027, 6.7, 7.5],
			"to": [4.29973, 6.75, 8.5],
			"rotation": {"angle": -45, "axis": "z", "origin": [4.25, 6.5, 8]},
			"faces": {
				"north": {"uv": [0, 0, 1, 1], "texture": "#1"},
				"east": {"uv": [0, 0, 1, 1], "texture": "#1"},
				"south": {"uv": [0, 0, 1, 1], "texture": "#1"},
				"west": {"uv": [0, 0, 1, 1], "texture": "#1"},
				"up": {"uv": [0, 0, 1, 1], "texture": "#1"},
				"down": {"uv": [0, 0, 1, 1], "texture": "#1"}
			}
		},
		{
			"name": "hexadecagon",
			"from": [4.20027, 6.7, 7.5],
			"to": [4.29973, 6.75, 8.5],
			"rotation": {"angle": -22.5, "axis": "z", "origin": [4.25, 6.5, 8]},
			"faces": {
				"north": {"uv": [0, 0, 1, 1], "texture": "#1"},
				"east": {"uv": [0, 0, 1, 1], "texture": "#1"},
				"south": {"uv": [0, 0, 1, 1], "texture": "#1"},
				"west": {"uv": [0, 0, 1, 1], "texture": "#1"},
				"up": {"uv": [0, 0, 1, 1], "texture": "#1"},
				"down": {"uv": [0, 0, 1, 1], "texture": "#1"}
			}
		},
		{
			"name": "hexadecagon",
			"from": [4.20027, 6.7, 7.5],
			"to": [4.29973, 6.75, 8.5],
			"rotation": {"angle": 0, "axis": "z", "origin": [4.25, 6.5, 8]},
			"faces": {
				"north": {"uv": [0, 0, 1, 1], "texture": "#1"},
				"east": {"uv": [0, 0, 1, 1], "texture": "#1"},
				"south": {"uv": [0, 0, 1, 1], "texture": "#1"},
				"west": {"uv": [0, 0, 1, 1], "texture": "#1"},
				"up": {"uv": [0, 0, 1, 1], "texture": "#1"},
				"down": {"uv": [0, 0, 1, 1], "texture": "#1"}
			}
		},
		{
			"name": "hexadecagon",
			"from": [4.20027, 6.7, 7.5],
			"to": [4.29973, 6.75, 8.5],
			"rotation": {"angle": 22.5, "axis": "z", "origin": [4.25, 6.5, 8]},
			"faces": {
				"north": {"uv": [0, 0, 1, 1], "texture": "#1"},
				"east": {"uv": [0, 0, 1, 1], "texture": "#1"},
				"south": {"uv": [0, 0, 1, 1], "texture": "#1"},
				"west": {"uv": [0, 0, 1, 1], "texture": "#1"},
				"up": {"uv": [0, 0, 1, 1], "texture": "#1"},
				"down": {"uv": [0, 0, 1, 1], "texture": "#1"}
			}
		},
		{
			"name": "hexadecagon",
			"from": [4.20027, 6.7, 7.5],
			"to": [4.29973, 6.75, 8.5],
			"rotation": {"angle": 45, "axis": "z", "origin": [4.25, 6.5, 8]},
			"faces": {
				"north": {"uv": [0, 0, 1, 1], "texture": "#1"},
				"east": {"uv": [0, 0, 1, 1], "texture": "#1"},
				"south": {"uv": [0, 0, 1, 1], "texture": "#1"},
				"west": {"uv": [0, 0, 1, 1], "texture": "#1"},
				"up": {"uv": [0, 0, 1, 1], "texture": "#1"},
				"down": {"uv": [0, 0, 1, 1], "texture": "#1"}
			}
		},
		{
			"name": "hexadecagon",
			"from": [4, 6.45027, 7.5],
			"to": [4.05, 6.54973, 8.5],
			"rotation": {"angle": -22.5, "axis": "z", "origin": [4.25, 6.5, 8]},
			"faces": {
				"north": {"uv": [0, 0, 1, 1], "texture": "#1"},
				"east": {"uv": [0, 0, 1, 1], "texture": "#1"},
				"south": {"uv": [0, 0, 1, 1], "texture": "#1"},
				"west": {"uv": [0, 0, 1, 1], "texture": "#1"},
				"up": {"uv": [0, 0, 1, 1], "texture": "#1"},
				"down": {"uv": [0, 0, 1, 1], "texture": "#1"}
			}
		},
		{
			"name": "hexadecagon",
			"from": [4, 6.45027, 7.5],
			"to": [4.05, 6.54973, 8.5],
			"rotation": {"angle": 0, "axis": "z", "origin": [4.25, 6.5, 8]},
			"faces": {
				"north": {"uv": [0, 0, 1, 1], "texture": "#1"},
				"east": {"uv": [0, 0, 1, 1], "texture": "#1"},
				"south": {"uv": [0, 0, 1, 1], "texture": "#1"},
				"west": {"uv": [0, 0, 1, 1], "texture": "#1"},
				"up": {"uv": [0, 0, 1, 1], "texture": "#1"},
				"down": {"uv": [0, 0, 1, 1], "texture": "#1"}
			}
		},
		{
			"name": "hexadecagon",
			"from": [4, 6.45027, 7.5],
			"to": [4.05, 6.54973, 8.5],
			"rotation": {"angle": 22.5, "axis": "z", "origin": [4.25, 6.5, 8]},
			"faces": {
				"north": {"uv": [0, 0, 1, 1], "texture": "#1"},
				"east": {"uv": [0, 0, 1, 1], "texture": "#1"},
				"south": {"uv": [0, 0, 1, 1], "texture": "#1"},
				"west": {"uv": [0, 0, 1, 1], "texture": "#1"},
				"up": {"uv": [0, 0, 1, 1], "texture": "#1"},
				"down": {"uv": [0, 0, 1, 1], "texture": "#1"}
			}
		},
		{
			"name": "hexadecagon",
			"from": [4.45, 6.45027, 7.5],
			"to": [4.5, 6.54973, 8.5],
			"rotation": {"angle": -22.5, "axis": "z", "origin": [4.25, 6.5, 8]},
			"faces": {
				"north": {"uv": [0, 0, 1, 1], "texture": "#1"},
				"east": {"uv": [0, 0, 1, 1], "texture": "#1"},
				"south": {"uv": [0, 0, 1, 1], "texture": "#1"},
				"west": {"uv": [0, 0, 1, 1], "texture": "#1"},
				"up": {"uv": [0, 0, 1, 1], "texture": "#1"},
				"down": {"uv": [0, 0, 1, 1], "texture": "#1"}
			}
		},
		{
			"name": "hexadecagon",
			"from": [4.45, 6.45027, 7.5],
			"to": [4.5, 6.54973, 8.5],
			"rotation": {"angle": 0, "axis": "z", "origin": [4.25, 6.5, 8]},
			"faces": {
				"north": {"uv": [0, 0, 1, 1], "texture": "#1"},
				"east": {"uv": [0, 0, 1, 1], "texture": "#1"},
				"south": {"uv": [0, 0, 1, 1], "texture": "#1"},
				"west": {"uv": [0, 0, 1, 1], "texture": "#1"},
				"up": {"uv": [0, 0, 1, 1], "texture": "#1"},
				"down": {"uv": [0, 0, 1, 1], "texture": "#1"}
			}
		},
		{
			"name": "hexadecagon",
			"from": [4.45, 6.45027, 7.5],
			"to": [4.5, 6.54973, 8.5],
			"rotation": {"angle": 22.5, "axis": "z", "origin": [4.25, 6.5, 8]},
			"faces": {
				"north": {"uv": [0, 0, 1, 1], "texture": "#1"},
				"east": {"uv": [0, 0, 1, 1], "texture": "#1"},
				"south": {"uv": [0, 0, 1, 1], "texture": "#1"},
				"west": {"uv": [0, 0, 1, 1], "texture": "#1"},
				"up": {"uv": [0, 0, 1, 1], "texture": "#1"},
				"down": {"uv": [0, 0, 1, 1], "texture": "#1"}
			}
		},
		{
			"from": [4, 6.35, 8.45],
			"to": [4.5, 6.65, 8.5],
			"faces": {
				"north": {"uv": [0, 0, 0.05, 0.3], "texture": "#1"},
				"east": {"uv": [0, 0, 0.05, 0.3], "texture": "#1"},
				"south": {"uv": [0, 0, 0.05, 0.3], "texture": "#1"},
				"west": {"uv": [0, 0, 0.05, 0.3], "texture": "#1"},
				"up": {"uv": [0, 0, 0.05, 0.3], "texture": "#1"},
				"down": {"uv": [0, 0, 0.05, 0.3], "texture": "#1"}
			}
		},
		{
			"from": [10, 6.35, 8.45],
			"to": [10.5, 6.65, 8.5],
			"faces": {
				"north": {"uv": [0, 0, 0.05, 0.3], "texture": "#1"},
				"east": {"uv": [0, 0, 0.05, 0.3], "texture": "#1"},
				"south": {"uv": [0, 0, 0.05, 0.3], "texture": "#1"},
				"west": {"uv": [0, 0, 0.05, 0.3], "texture": "#1"},
				"up": {"uv": [0, 0, 0.05, 0.3], "texture": "#1"},
				"down": {"uv": [0, 0, 0.05, 0.3], "texture": "#1"}
			}
		},
		{
			"from": [4, 6.35, 7.5],
			"to": [4.5, 6.65, 7.55],
			"faces": {
				"north": {"uv": [0, 0, 0.05, 0.3], "texture": "#1"},
				"east": {"uv": [0, 0, 0.05, 0.3], "texture": "#1"},
				"south": {"uv": [0, 0, 0.05, 0.3], "texture": "#1"},
				"west": {"uv": [0, 0, 0.05, 0.3], "texture": "#1"},
				"up": {"uv": [0, 0, 0.05, 0.3], "texture": "#1"},
				"down": {"uv": [0, 0, 0.05, 0.3], "texture": "#1"}
			}
		},
		{
			"from": [10, 6.35, 7.5],
			"to": [10.5, 6.65, 7.55],
			"faces": {
				"north": {"uv": [0, 0, 0.05, 0.3], "texture": "#1"},
				"east": {"uv": [0, 0, 0.05, 0.3], "texture": "#1"},
				"south": {"uv": [0, 0, 0.05, 0.3], "texture": "#1"},
				"west": {"uv": [0, 0, 0.05, 0.3], "texture": "#1"},
				"up": {"uv": [0, 0, 0.05, 0.3], "texture": "#1"},
				"down": {"uv": [0, 0, 0.05, 0.3], "texture": "#1"}
			}
		},
		{
			"from": [4.1, 6.5, 7.88],
			"to": [4.35, 6.78, 8.13],
			"faces": {
				"north": {"uv": [1, 1, 15, 15], "texture": "#2"},
				"east": {"uv": [1, 1, 15, 15], "texture": "#2"},
				"south": {"uv": [1, 1, 15, 15], "texture": "#2"},
				"west": {"uv": [1, 1, 15, 15], "texture": "#2"},
				"up": {"uv": [1, 1, 15, 15], "texture": "#2"},
				"down": {"uv": [1, 1, 15, 15], "texture": "#2"}
			}
		},
		{
			"from": [4.1, 6.545, 7.77],
			"to": [4.35, 6.825, 8.02],
			"rotation": {"angle": -45, "axis": "x", "origin": [4.225, 6.64, 8.005]},
			"faces": {
				"north": {"uv": [1, 1, 15, 15], "texture": "#2"},
				"east": {"uv": [1, 1, 15, 15], "texture": "#2"},
				"south": {"uv": [1, 1, 15, 15], "texture": "#2"},
				"west": {"uv": [1, 1, 15, 15], "texture": "#2"},
				"up": {"uv": [1, 1, 15, 15], "texture": "#2"},
				"down": {"uv": [1, 1, 15, 15], "texture": "#2"}
			}
		},
		{
			"from": [4.1, 6.62, 8.17],
			"to": [4.35, 6.9, 8.42],
			"rotation": {"angle": 45, "axis": "x", "origin": [4.225, 6.89, 8.005]},
			"faces": {
				"north": {"uv": [1, 1, 15, 15], "texture": "#2"},
				"east": {"uv": [1, 1, 15, 15], "texture": "#2"},
				"south": {"uv": [1, 1, 15, 15], "texture": "#2"},
				"west": {"uv": [1, 1, 15, 15], "texture": "#2"},
				"up": {"uv": [1, 1, 15, 15], "texture": "#2"},
				"down": {"uv": [1, 1, 15, 15], "texture": "#2"}
			}
		},
		{
			"from": [10.1, 6.5, 7.88],
			"to": [10.35, 6.78, 8.13],
			"rotation": {"angle": 0, "axis": "y", "origin": [6, 0, 0]},
			"faces": {
				"north": {"uv": [1, 1, 15, 15], "texture": "#2"},
				"east": {"uv": [1, 1, 15, 15], "texture": "#2"},
				"south": {"uv": [1, 1, 15, 15], "texture": "#2"},
				"west": {"uv": [1, 1, 15, 15], "texture": "#2"},
				"up": {"uv": [1, 1, 15, 15], "texture": "#2"},
				"down": {"uv": [1, 1, 15, 15], "texture": "#2"}
			}
		},
		{
			"from": [10.1, 6.545, 7.77],
			"to": [10.35, 6.825, 8.02],
			"rotation": {"angle": -45, "axis": "x", "origin": [10.225, 6.64, 8.005]},
			"faces": {
				"north": {"uv": [1, 1, 15, 15], "texture": "#2"},
				"east": {"uv": [1, 1, 15, 15], "texture": "#2"},
				"south": {"uv": [1, 1, 15, 15], "texture": "#2"},
				"west": {"uv": [1, 1, 15, 15], "texture": "#2"},
				"up": {"uv": [1, 1, 15, 15], "texture": "#2"},
				"down": {"uv": [1, 1, 15, 15], "texture": "#2"}
			}
		},
		{
			"from": [10.1, 6.62, 8.17],
			"to": [10.35, 6.9, 8.42],
			"rotation": {"angle": 45, "axis": "x", "origin": [10.225, 6.89, 8.005]},
			"faces": {
				"north": {"uv": [1, 1, 15, 15], "texture": "#2"},
				"east": {"uv": [1, 1, 15, 15], "texture": "#2"},
				"south": {"uv": [1, 1, 15, 15], "texture": "#2"},
				"west": {"uv": [1, 1, 15, 15], "texture": "#2"},
				"up": {"uv": [1, 1, 15, 15], "texture": "#2"},
				"down": {"uv": [1, 1, 15, 15], "texture": "#2"}
			}
		}
	],
	"display": {
		"thirdperson_righthand": {
			"rotation": [65, 1.5, 0],
			"translation": [-3.75, 0.75, 1],
			"scale": [2, 2, 2]
		},
		"thirdperson_lefthand": {
			"rotation": [65, 1.5, 0],
			"translation": [-8.5, 0.75, 1],
			"scale": [2, 2, 2]
		},
		"firstperson_righthand": {
			"rotation": [56, 0, 0],
			"translation": [-6.75, 5, 7.25]
		},
		"firstperson_lefthand": {
			"rotation": [56, 0, 0],
			"translation": [-6.75, 5, 7.25]
		},
		"ground": {
			"translation": [0, 2, 0]
		},
		"gui": {
			"rotation": [0, 0, 46.75],
			"translation": [-2.25, 1.75, 0]
		},
		"head": {
			"rotation": [45, -90, 0],
			"translation": [0, 10, -7]
		}
	},
	"groups": [
		{
			"name": "osnova",
			"origin": [8, 8, 8],
			"color": 0,
			"children": [0, 1, 2, 3, 4, 5, 6, 7]
		},
		{
			"name": "kraya",
			"origin": [8, 8, 8],
			"color": 0,
			"children": [8, 9, 10, 11, 12, 13, 14, 15, 16, 17, 18, 19, 20, 21, 22, 23, 24, 25, 26, 27, 28, 29, 30, 31, 32, 33, 34, 35, 36, 37, 38, 39, 40, 41, 42, 43, 44, 45, 46, 47, 48, 49, 50, 51, 52, 53, 54, 55, 56, 57, 58, 59, 60, 61, 62, 63, 64, 65, 66, 67, 68, 69, 70, 71]
		},
		{
			"name": "mejkray",
			"origin": [8, 8, 8],
			"color": 0,
			"children": [72, 73, 74, 75, 76, 77, 78, 79, 80, 81, 82, 83, 84, 85, 86, 87, 88, 89, 90, 91, 92, 93, 94, 95, 96, 97, 98, 99, 100, 101, 102, 103]
		},
		{
			"name": "ruchki",
			"origin": [8, 8, 8],
			"color": 0,
			"children": [104, 105, 106, 107, 108, 109, 110, 111, 112, 113, 114, 115, 116, 117, 118, 119, 120, 121, 122, 123, 124, 125, 126, 127, 128, 129, 130, 131, 132, 133, 134, 135]
		},
		{
			"name": "ruchki",
			"origin": [8, 8, 8],
			"color": 0,
			"children": []
		}, 136, 137, 138, 139, 140, 141,
		{
			"name": "hexadecagon",
			"origin": [8, 8, 8],
			"color": 0,
			"children": [142, 143, 144, 145, 146, 147, 148, 149, 150, 151, 152, 153, 154, 155, 156, 157, 158, 159, 160, 161, 162, 163, 164, 165, 166, 167, 168]
		}, 169, 170, 171, 172, 173, 174, 175, 176, 177, 178]
}