{
	"weapon.aks74.shoot_1":
	{"category": "master","sounds": [{"name": "weapon/aks74/shoot_1","stream": false}]},
	
	"weapon.aks74.shoot_2":
	{"category": "master","sounds": [{"name": "weapon/aks74/shoot_2","stream": false}]},
	
	"weapon.aks74.shoot_3":
	{"category": "master","sounds": [{"name": "weapon/aks74/shoot_3","stream": false}]},
	
	"weapon.aks74.shoot_4":
	{"category": "master","sounds": [{"name": "weapon/aks74/shoot_4","stream": false}]},
	
	"weapon.aks74.steel.shoot_1":
	{"category": "master","sounds": [{"name": "weapon/aks74/steel/shoot_1","stream": false}]},
	
	"weapon.aks74.steel.shoot_2":
	{"category": "master","sounds": [{"name": "weapon/aks74/steel/shoot_2","stream": false}]},
	
	"weapon.aks74.steel.shoot_3":
	{"category": "master","sounds": [{"name": "weapon/aks74/steel/shoot_3","stream": false}]},
	
	"weapon.aks74.steel.shoot_4":
	{"category": "master","sounds": [{"name": "weapon/aks74/steel/shoot_4","stream": false}]},
	
	"weapon.aks74.steel.shoot_5":
	{"category": "master","sounds": [{"name": "weapon/aks74/steel/shoot_5","stream": false}]},
	
	"weapon.aks74.steel.shoot_6":
	{"category": "master","sounds": [{"name": "weapon/aks74/steel/shoot_6","stream": false}]},
	
	"weapon.aks74.reload":
	{"category": "master","sounds": [{"name": "weapon/aks74/reload","stream": false}]},
	
	"weapon.aks74.firearm":
	{"category": "master","sounds": [{"name": "weapon/aks74/firearm","stream": false}]},
	
	"weapon.aks74u.shoot":
	{"category": "master","sounds": [{"name": "weapon/aks74u/shoot","stream": false}]},
	
	"weapon.aks74u.reload":
	{"category": "master","sounds": [{"name": "weapon/aks74u/reload","stream": false}]},
	
	"weapon.aks74u.firearm":
	{"category": "master","sounds": [{"name": "weapon/aks74u/firearm","stream": false}]},
	
	"weapon.asval.shoot_1":
	{"category": "master","sounds": [{"name": "weapon/asval/shoot_1","stream": false}]},
	
	"weapon.asval.shoot_2":
	{"category": "master","sounds": [{"name": "weapon/asval/shoot_2","stream": false}]},
	
	"weapon.asval.shoot_3":
	{"category": "master","sounds": [{"name": "weapon/asval/shoot_2","stream": false}]},
	
	"weapon.asval.reload":
	{"category": "master","sounds": [{"name": "weapon/asval/reload","stream": false}]},
	
	"weapon.asval.firearm":
	{"category": "master","sounds": [{"name": "weapon/asval/firearm","stream": false}]},
	
	"weapon.vss.shoot":
	{"category": "master","sounds": [{"name": "weapon/vss/shoot","stream": false}]},
	
	"weapon.vss.reload":
	{"category": "master","sounds": [{"name": "weapon/vss/reload","stream": false}]},
	
	"weapon.vss.firearm":
	{"category": "master","sounds": [{"name": "weapon/vss/firearm","stream": false}]},
	
	"weapon.mp5.shoot_1":
	{"category": "master","sounds": [{"name": "weapon/mp5/shoot_1","stream": false}]},
	
	"weapon.mp5.shoot_2":
	{"category": "master","sounds": [{"name": "weapon/mp5/shoot_2","stream": false}]},
	
	"weapon.mp5.reload":
	{"category": "master","sounds": [{"name": "weapon/mp5/reload","stream": false}]},
	
	"weapon.mp5.firearm":
	{"category": "master","sounds": [{"name": "weapon/mp5/firearm","stream": false}]},
	
	"weapon.toz34.shoot_1":
	{"category": "master","sounds": [{"name": "weapon/toz34/shoot_1","stream": false}]},
	
	"weapon.toz34.shoot_2":
	{"category": "master","sounds": [{"name": "weapon/toz34/shoot_2","stream": false}]},
	
	"weapon.toz34.shoot_3":
	{"category": "master","sounds": [{"name": "weapon/toz34/shoot_3","stream": false}]},
	
	"weapon.toz34.reload":
	{"category": "master","sounds": [{"name": "weapon/toz34/reload","stream": false}]},
	
	"weapon.spas12.shoot":
	{"category": "master","sounds": [{"name": "weapon/spas12/shoot","stream": false}]},
	
	"weapon.spas12.reload":
	{"category": "master","sounds": [{"name": "weapon/spas12/reload","stream": false}]},

	"weapon.striker.shoot":
	{"category": "master","sounds": [{"name": "weapon/striker/shoot","stream": false}]},
	
	"weapon.striker.reload":
	{"category": "master","sounds": [{"name": "weapon/striker/reload","stream": false}]},
	
	"weapon.sg550.shoot_1":
	{"category": "master","sounds": [{"name": "weapon/sg550/shoot_1","stream": false}]},
	
	"weapon.sg550.shoot_2":
	{"category": "master","sounds": [{"name": "weapon/sg550/shoot_2","stream": false}]},
	
	"weapon.sg550.shoot_3":
	{"category": "master","sounds": [{"name": "weapon/sg550/shoot_3","stream": false}]},
	
	"weapon.sg550.reload":
	{"category": "master","sounds": [{"name": "weapon/sg550/reload","stream": false}]},
	
	"weapon.sg550.firearm":
	{"category": "master","sounds": [{"name": "weapon/sg550/firearm","stream": false}]},
	
	"weapon.svu.shoot":
	{"category": "master","sounds": [{"name": "weapon/svu/shoot","stream": false}]},
	
	"weapon.svu.reload":
	{"category": "master","sounds": [{"name": "weapon/svu/reload","stream": false}]},
	
	"weapon.svu.firearm":
	{"category": "master","sounds": [{"name": "weapon/svu/firearm","stream": false}]},
	
	"weapon.pm.shoot":
	{"category": "master","sounds": [{"name": "weapon/pm/shoot","stream": false}]},
	
	"weapon.pm.reload":
	{"category": "master","sounds": [{"name": "weapon/pm/reload","stream": false}]},
	
	"weapon.pm.firearm":
	{"category": "master","sounds": [{"name": "weapon/pm/firearm","stream": false}]},
	
	"weapon.barrett.shoot_1":
	{"category": "master","sounds": [{"name": "weapon/barrett/shoot_1","stream": false}]},
	
	"weapon.barrett.shoot_2":
	{"category": "master","sounds": [{"name": "weapon/barrett/shoot_2","stream": false}]},
	
	"weapon.barrett.shoot_3":
	{"category": "master","sounds": [{"name": "weapon/barrett/shoot_3","stream": false}]},
	
	"weapon.barrett.reload":
	{"category": "master","sounds": [{"name": "weapon/barrett/reload","stream": false}]},
	
	"weapon.barrett.firearm":
	{"category": "master","sounds": [{"name": "weapon/barrett/firearm","stream": false}]},
	
	"weapon.rpg7.reload":
	{"category": "master","sounds": [{"name": "weapon/rpg7/reload","stream": false}]},
	
	"weapon.rpg7.shoot":
	{"category": "master","sounds": [{"name": "weapon/rpg7/shoot","stream": false}]},
	
	"weapon.gp25.reload":
	{"category": "master","sounds": [{"name": "weapon/gp25/reload","stream": false}]},
	
	"weapon.gp25.shoot":
	{"category": "master","sounds": [{"name": "weapon/gp25/shoot","stream": false}]},
	
	"weapon.gp25.explosion":
	{"category": "master","sounds": [{"name": "weapon/gp25/explosion","stream": false}]},
	
	"weapon.shared.hit_1":
	{"category": "master","sounds": [{"name": "weapon/shared/hit_1","stream": false}]},
	
	"weapon.shared.hit_2":
	{"category": "master","sounds": [{"name": "weapon/shared/hit_2","stream": false}]},
	
	"weapon.shared.hit_3":
	{"category": "master","sounds": [{"name": "weapon/shared/hit_3","stream": false}]},
	
	"weapon.shared.impact_1":
	{"category": "master","sounds": [{"name": "weapon/shared/impact_1","stream": false}]},
	
	"weapon.shared.impact_2":
	{"category": "master","sounds": [{"name": "weapon/shared/impact_2","stream": false}]},
	
	"weapon.shared.impact_3":
	{"category": "master","sounds": [{"name": "weapon/shared/impact_3","stream": false}]},
	
	"weapon.shared.explosion":
	{"category": "master","sounds": [{"name": "weapon/shared/explosion","stream": false}]},
	
	"weapon.shared.pull_shotgun":
	{"category": "master","sounds": [{"name": "weapon/shared/pull_shotgun","stream": false}]},
	
	"weapon.shared.pull_sniper":
	{"category": "master","sounds": [{"name": "weapon/shared/pull_sniper","stream": false}]},
	
	"weapon.shared.out_of_ammo":
	{"category": "master","sounds": [{"name": "weapon/shared/out_of_ammo","stream": false}]},
	
	"weapon.shared.pickup":
	{"category": "master","sounds": [{"name": "weapon/shared/pickup","stream": false}]},

	"music.parlament":
	{"category": "master","sounds": [{"name": "music/parlament","stream": true}]},
	
	"music.election":
	{"category": "master","sounds": [{"name": "music/election","stream": true}]},
	
	"music.krug":
	{"category": "master","sounds": [{"name": "music/krug","stream": true}]},
	
	"ambience.day":
	{"category": "master","sounds": [{"name": "ambience/day","stream": false}]},
	
	"ambience.night":
	{"category": "master","sounds": [{"name": "ambience/night","stream": false}]},
	
	"ambience.day_ending":
	{"category": "master","sounds": [{"name": "ambience/day_ending","stream": false}]},
	
	"ambience.night_ending":
	{"category": "master","sounds": [{"name": "ambience/night_ending","stream": false}]},
	
	"ambience.metro":
	{"category": "master","sounds": [{"name": "ambience/metro","stream": true}]},
	
	"custom.atm.count":
	{"category": "master","sounds": [{"name": "custom/atm/count","stream": false}]},
	
	"custom.atm.accept":
	{"category": "master","sounds": [{"name": "custom/atm/accept","stream": false}]},
	
	"custom.food.unpack":
	{"category": "master","sounds": [{"name": "custom/food/unpack","stream": false}]},
	
	"custom.vending.drop":
	{"category": "master","sounds": [{"name": "custom/vending/drop","stream": false}]},
	
	"custom.radio.incoming_1":
	{"category": "master","sounds": [{"name": "custom/radio/incoming_1","stream": false}]},
	
	"custom.radio.incoming_2":
	{"category": "master","sounds": [{"name": "custom/radio/incoming_2","stream": false}]},
	
	"custom.radio.blip":
	{"category": "master","sounds": [{"name": "custom/radio/blip", "stream": false}]},
	
	"custom.radio.enable":
	{"category": "master","sounds": [{"name": "custom/radio/enable", "stream": false}]},
	
	"custom.radio.disable":
	{"category": "master","sounds": [{"name": "custom/radio/disable", "stream": false}]},
	
	"custom.phone.open":
	{"category": "master","sounds": [{"name": "custom/phone/open", "stream": false}]},
	
	"custom.phone.close":
	{"category": "master","sounds": [{"name": "custom/phone/close", "stream": false}]},
	
	"custom.phone.tap":
	{"category": "master","sounds": [{"name": "custom/phone/tap", "stream": false}]},
	
	"custom.phone.error":
	{"category": "master","sounds": [{"name": "custom/phone/error", "stream": false}]},
	
	"custom.phone.incoming":
	{"category": "master","sounds": [{"name": "custom/phone/incoming", "stream": false}]},
	
	"custom.phone.modem":
	{"category": "master","sounds": [{"name": "custom/phone/modem", "stream": false}]},
	
	"custom.printer.button":
	{"category": "master","sounds": [{"name": "custom/printer/button", "stream": false}]},
	
	"custom.printer.work":
	{"category": "master","sounds": [{"name": "custom/printer/work", "stream": false}]},
	
	"custom.printer.noise":
	{"category": "master","sounds": [{"name": "custom/printer/noise", "stream": false}]},
	
	"custom.printer.destroy":
	{"category": "master","sounds": [{"name": "custom/printer/destroy", "stream": false}]},
	
	"custom.printer.alert":
	{"category": "master","sounds": [{"name": "custom/printer/alert", "stream": false}]},
	
	"custom.alert.lockdown":
	{"category": "master","sounds": [{"name": "custom/alert/lockdown", "stream": false}]},
	
	"custom.detector.found":
	{"category": "master","sounds": [{"name": "custom/detector/found", "stream": false}]},
	
	"custom.detector.empty":
	{"category": "master","sounds": [{"name": "custom/detector/empty", "stream": false}]},
	
	"custom.medkit.use":
	{"category": "master","sounds": [{"name": "custom/medkit/use", "stream": false}]}
}